[vcvars] Dropped 7 PATH entries with spaces+parens that break vcvars64.bat batch parsing:
[vcvars]   - F:\Program Files (x86)\VMware\VMware Workstation\bin\
[vcvars]   - C:\Program Files (x86)\Common Files\Intel\Shared Libraries\redist\intel64\compiler
[vcvars]   - C:\Program Files (x86)\NVIDIA Corporation\PhysX\Common
[vcvars]   - C:\Program Files (x86)\Windows Kits\10\Windows Performance Toolkit\
[vcvars]   - C:\Program Files (x86)\Microsoft SDKs\Windows\v10.0A\bin\NETFX 4.8 Tools\x64
[vcvars]   - C:\Program Files (x86)\Windows Kits\10\bin\10.0.26100.0\x64
[vcvars]   - C:\Program Files (x86)\Windows Kits\10\bin\x64
-- === Building libslic3r FROM SOURCE ===
-- === BuildLibslic3rFromSource: Compiling libslic3r from source ===
-- Found Boost: E:/ai/3D-Printer/deps/build/OrcaSlicer_dep/usr/local/lib/cmake/Boost-1.84.0/BoostConfig.cmake (found suitable version "1.84.0", minimum required is "1.84") found components: system filesystem thread log log_setup locale regex chrono atomic date_time iostreams program_options 
CMake Warning at E:/ai/3D-Printer/deps/build/OrcaSlicer_dep/usr/local/lib/cmake/CGAL/CGALConfig.cmake:92 (message):
  CGAL_DATA_DIR cannot be deduced, set the variable CGAL_DATA_DIR to set the
  default value of CGAL::data_file_path()
Call Stack (most recent call first):
  cmake/BuildLibslic3rFromSource.cmake:474 (find_package)
  CMakeLists.txt:49 (include)
System.Management.Automation.RemoteException
System.Management.Automation.RemoteException
-- Visual Leak Detector (VLD) is not found.
-- Using header-only CGAL
-- Targetting Ninja
-- Target build environment supports auto-linking
-- Using VC toolset 142.
-- Found Boost: E:/ai/3D-Printer/deps/build/OrcaSlicer_dep/usr/local/lib/cmake/Boost-1.84.0/BoostConfig.cmake (found suitable version "1.84.0", minimum required is "1.48")  
-- Boost include dirs: E:/ai/3D-Printer/deps/build/OrcaSlicer_dep/usr/local/include/boost-1_84
-- Boost libraries:    
-- === BuildDepsFromSource: Compiling deps from source ===
-- === BuildDepsFromSource: ALL deps configured ===
-- libslic3r: Precompiled header enabled (pchheader.hpp)
-- === libslic3r: Compiled from source ===
--     Source dir: E:/ai/3DPrinter_Qt6/third_party/OrcaSlicer/src/libslic3r
--     Generated headers: E:/ai/3DPrinter_Qt6/build/libslic3r_generated
-- OpenVDB ABI Version: 8
-- TBB found in E:/ai/3D-Printer/deps/build/OrcaSlicer_dep/usr/local/lib/cmake/TBB
-- Found Boost: E:/ai/3D-Printer/deps/build/OrcaSlicer_dep/usr/local/lib/cmake/Boost-1.84.0/BoostConfig.cmake (found version "1.84.0") found components: iostreams system 
-- OpenVDB libraries: E:/ai/3D-Printer/deps/build/OrcaSlicer_dep/usr/local/lib/libopenvdb.lib
-- OpenVDB found (Phase 142 unlock) 鈥?version 8.2.0
-- openvdb_libs INTERFACE shim created 鈫?OpenVDB::openvdb
-- Linked openvdb_libs 鈫?libslic3r_from_source (late bind)
CMake Warning at E:/Qt6.10/lib/cmake/Qt6/QtPublicCMakeVersionHelpers.cmake:42 (message):
  The minimum required CMake version to use Qt is: '3.22'.  You have
  explicitly chosen to require a lower minimum CMake version: '3.21'.  Using
  Qt with this CMake version is not officially supported.  Use at your own
  risk.
Call Stack (most recent call first):
  E:/Qt6.10/lib/cmake/Qt6/QtPublicCMakeVersionHelpers.cmake:91 (__qt_internal_warn_if_min_cmake_version_not_met)
  E:/Qt6.10/lib/cmake/Qt6/Qt6Config.cmake:43 (__qt_internal_require_suitable_cmake_version_for_using_qt)
  CMakeLists.txt:134 (find_package)
System.Management.Automation.RemoteException
System.Management.Automation.RemoteException
CMake Warning at E:/Qt6.10/lib/cmake/Qt6/QtPublicDependencyHelpers.cmake:335 (message):
  This project is using headers of the GuiPrivate module and will therefore
  be tied to this specific Qt module build version.  Running this project
  against other versions of the Qt modules may crash at any arbitrary point.
  This is not a bug, but a result of using Qt internals.  You have been
  warned!
System.Management.Automation.RemoteException
  You can disable this warning by setting QT_NO_PRIVATE_MODULE_WARNING to ON.
Call Stack (most recent call first):
  E:/Qt6.10/lib/cmake/Qt6GuiPrivate/Qt6GuiPrivateConfig.cmake:48 (_qt_internal_show_private_module_warning)
  E:/Qt6.10/lib/cmake/Qt6/Qt6Config.cmake:241 (find_package)
  CMakeLists.txt:134 (find_package)
System.Management.Automation.RemoteException
System.Management.Automation.RemoteException
src/qml_gui/Renderer/shaders/rhi_viewport.vert -> rhi_viewport.vert.qsb exposed as :/rhi_viewport/shaders/rhi_viewport.vert.qsb
src/qml_gui/Renderer/shaders/rhi_viewport.frag -> rhi_viewport.frag.qsb exposed as :/rhi_viewport/shaders/rhi_viewport.frag.qsb
src/qml_gui/Renderer/shaders/rhi_gizmo.vert -> rhi_gizmo.vert.qsb exposed as :/rhi_viewport/shaders/rhi_gizmo.vert.qsb
src/qml_gui/Renderer/shaders/rhi_gizmo.frag -> rhi_gizmo.frag.qsb exposed as :/rhi_viewport/shaders/rhi_gizmo.frag.qsb
-- Configuring done
-- Generating done
-- Build files have been written to: E:/ai/3DPrinter_Qt6/build
[1/260] Automatic MOC and UIC for target mcut_from_source
[2/260] Building CXX object CMakeFiles\mcut_from_source.dir\mcut_from_source_autogen\mocs_compilation.cpp.obj
[3/260] Automatic MOC and UIC for target admesh_from_source
[4/260] Automatic MOC and UIC for target semver_from_source
[5/260] Automatic MOC and UIC for target clipper_from_source
[6/260] Automatic MOC and UIC for target miniz_from_source
[7/260] Building CXX object CMakeFiles\admesh_from_source.dir\admesh_from_source_autogen\mocs_compilation.cpp.obj
[8/260] Automatic MOC and UIC for target qoi_from_source
[9/260] Building CXX object CMakeFiles\semver_from_source.dir\semver_from_source_autogen\mocs_compilation.cpp.obj
[10/260] Building CXX object CMakeFiles\clipper_from_source.dir\clipper_from_source_autogen\mocs_compilation.cpp.obj
[11/260] Building CXX object CMakeFiles\qoi_from_source.dir\qoi_from_source_autogen\mocs_compilation.cpp.obj
[12/260] Building CXX object CMakeFiles\miniz_from_source.dir\miniz_from_source_autogen\mocs_compilation.cpp.obj
[13/260] Linking CXX static library admesh_from_source.lib
[14/260] Linking CXX static library semver_from_source.lib
[15/260] Linking CXX static library clipper_from_source.lib
[16/260] Linking CXX static library qoi_from_source.lib
[17/260] Linking CXX static library miniz_from_source.lib
[18/260] Linking CXX static library mcut_from_source.lib
[19/260] Automatic MOC and UIC for target clipper2_from_source
[20/260] Automatic MOC and UIC for target glu_libtess_from_source
[21/260] Building CXX object CMakeFiles\clipper2_from_source.dir\clipper2_from_source_autogen\mocs_compilation.cpp.obj
[22/260] Building CXX object CMakeFiles\glu_libtess_from_source.dir\glu_libtess_from_source_autogen\mocs_compilation.cpp.obj
[23/260] Linking CXX static library glu_libtess_from_source.lib
priorityq-heap.c.obj : warning LNK4006: __gl_pqHeapNewPriorityQ 已在 priorityq.c.obj 中定义；已忽略第二个定义
priorityq-heap.c.obj : warning LNK4006: __gl_pqHeapDeletePriorityQ 已在 priorityq.c.obj 中定义；已忽略第二个定义
priorityq-heap.c.obj : warning LNK4006: __gl_pqHeapInit 已在 priorityq.c.obj 中定义；已忽略第二个定义
priorityq-heap.c.obj : warning LNK4006: __gl_pqHeapInsert 已在 priorityq.c.obj 中定义；已忽略第二个定义
priorityq-heap.c.obj : warning LNK4006: __gl_pqHeapExtractMin 已在 priorityq.c.obj 中定义；已忽略第二个定义
priorityq-heap.c.obj : warning LNK4006: __gl_pqHeapDelete 已在 priorityq.c.obj 中定义；已忽略第二个定义
[24/260] Linking CXX static library clipper2_from_source.lib
[25/260] Automatic MOC and UIC for target libslic3r_cgal_from_source
[26/260] Building CXX object CMakeFiles\libslic3r_cgal_from_source.dir\libslic3r_cgal_from_source_autogen\mocs_compilation.cpp.obj
[27/260] Building CXX object CMakeFiles\libslic3r_cgal_from_source.dir\third_party\OrcaSlicer\src\libslic3r\IntersectionPoints.cpp.obj
[28/260] Building CXX object CMakeFiles\libslic3r_cgal_from_source.dir\third_party\OrcaSlicer\src\libslic3r\Triangulation.cpp.obj
[29/260] Automatic MOC and UIC for target owzx_app_core
[30/260] Building CXX object CMakeFiles\libslic3r_cgal_from_source.dir\third_party\OrcaSlicer\src\libslic3r\CutSurface.cpp.obj
C:\Program Files\Microsoft Visual Studio\18\Community\VC\Tools\MSVC\14.50.35717\include\utility(303): warning C4267: “初始化”: 从“size_t”转换到“_Ty1”，可能丢失数据
        with
        [
            _Ty1=uint32_t
        ]
C:\Program Files\Microsoft Visual Studio\18\Community\VC\Tools\MSVC\14.50.35717\include\utility(303): note: 模板实例化上下文(最早的实例化上下文)为
E:\ai\3DPrinter_Qt6\third_party\OrcaSlicer\src\libslic3r\CutSurface.cpp(2015): note: 查看对正在编译的函数 模板 实例化“std::pair<uint32_t,uint32_t>::pair<size_t,size_t,0>(std::pair<size_t,size_t> &&) noexcept”的引用
E:\ai\3DPrinter_Qt6\third_party\OrcaSlicer\src\libslic3r\CutSurface.cpp(2015): note: 请参阅 "priv::find_closest_point_pair" 中对 "std::pair<uint32_t,uint32_t>::pair" 的第一个引用
C:\Program Files\Microsoft Visual Studio\18\Community\VC\Tools\MSVC\14.50.35717\include\utility(303): warning C4267: “初始化”: 从“size_t”转换到“_Ty2”，可能丢失数据
        with
        [
            _Ty2=uint32_t
        ]
C:\Program Files\Microsoft Visual Studio\18\Community\VC\Tools\MSVC\14.50.35717\include\xmemory(736): warning C4267: “参数”: 从“size_t”转换到“const int”，可能丢失数据
C:\Program Files\Microsoft Visual Studio\18\Community\VC\Tools\MSVC\14.50.35717\include\xmemory(736): note: 模板实例化上下文(最早的实例化上下文)为
E:\ai\3DPrinter_Qt6\third_party\OrcaSlicer\src\libslic3r\CutSurface.cpp(659): note: 查看对正在编译的函数 模板 实例化“Eigen::Matrix<int,3,1,2,3,1> &std::vector<stl_triangle_vertex_indices,std::allocator<stl_triangle_vertex_indices>>::emplace_back<size_t,size_t,size_t>(size_t &&,size_t &&,size_t &&)”的引用
E:\ai\3DPrinter_Qt6\third_party\OrcaSlicer\src\libslic3r\CutSurface.cpp(659): note: 请参阅 "Slic3r::cut2model" 中对 "std::vector<stl_triangle_vertex_indices,std::allocator<stl_triangle_vertex_indices>>::emplace_back" 的第一个引用
C:\Program Files\Microsoft Visual Studio\18\Community\VC\Tools\MSVC\14.50.35717\include\vector(924): note: 查看对正在编译的函数 模板 实例化“_Ty &std::vector<_Ty,std::allocator<_Ty>>::_Emplace_one_at_back<unsigned __int64,unsigned __int64,unsigned __int64>(unsigned __int64 &&,unsigned __int64 &&,unsigned __int64 &&)”的引用
        with
        [
            _Ty=stl_triangle_vertex_indices
        ]
C:\Program Files\Microsoft Visual Studio\18\Community\VC\Tools\MSVC\14.50.35717\include\vector(845): note: 查看对正在编译的函数 模板 实例化“_Ty &std::vector<_Ty,std::allocator<_Ty>>::_Emplace_back_with_unused_capacity<unsigned __int64,unsigned __int64,unsigned __int64>(unsigned __int64 &&,unsigned __int64 &&,unsigned __int64 &&)”的引用
        with
        [
            _Ty=stl_triangle_vertex_indices
        ]
C:\Program Files\Microsoft Visual Studio\18\Community\VC\Tools\MSVC\14.50.35717\include\vector(863): note: 查看对正在编译的函数 模板 实例化“void std::_Default_allocator_traits<_Alloc>::construct<_Ty,unsigned __int64,unsigned __int64,unsigned __int64>(_Alloc &,_Objty *const ,unsigned __int64 &&,unsigned __int64 &&,unsigned __int64 &&)”的引用
        with
        [
            _Alloc=std::allocator<stl_triangle_vertex_indices>,
            _Ty=Eigen::Matrix<int,3,1,2,3,1>,
            _Objty=Eigen::Matrix<int,3,1,2,3,1>
        ]
C:\Program Files\Microsoft Visual Studio\18\Community\VC\Tools\MSVC\14.50.35717\include\xmemory(736): warning C4244: “参数”: 从“const double”转换到“const float”，可能丢失数据
C:\Program Files\Microsoft Visual Studio\18\Community\VC\Tools\MSVC\14.50.35717\include\xmemory(736): note: 模板实例化上下文(最早的实例化上下文)为
E:\ai\3DPrinter_Qt6\third_party\OrcaSlicer\src\libslic3r\CutSurface.cpp(3562): note: 查看对正在编译的函数 模板 实例化“Eigen::Matrix<float,3,1,2,3,1> &std::vector<stl_vertex,std::allocator<stl_vertex>>::emplace_back<const double&,const double&,const double&>(const double &,const double &,const double &)”的引用
E:\ai\3DPrinter_Qt6\third_party\OrcaSlicer\src\libslic3r\CutSurface.cpp(3562): note: 请参阅 "priv::patch2cut" 中对 "std::vector<stl_vertex,std::allocator<stl_vertex>>::emplace_back" 的第一个引用
C:\Program Files\Microsoft Visual Studio\18\Community\VC\Tools\MSVC\14.50.35717\include\vector(924): note: 查看对正在编译的函数 模板 实例化“_Ty &std::vector<_Ty,std::allocator<_Ty>>::_Emplace_one_at_back<const double&,const double&,const double&>(const double &,const double &,const double &)”的引用
        with
        [
            _Ty=stl_vertex
        ]
C:\Program Files\Microsoft Visual Studio\18\Community\VC\Tools\MSVC\14.50.35717\include\vector(845): note: 查看对正在编译的函数 模板 实例化“_Ty &std::vector<_Ty,std::allocator<_Ty>>::_Emplace_back_with_unused_capacity<const double&,const double&,const double&>(const double &,const double &,const double &)”的引用
        with
        [
            _Ty=stl_vertex
        ]
C:\Program Files\Microsoft Visual Studio\18\Community\VC\Tools\MSVC\14.50.35717\include\vector(863): note: 查看对正在编译的函数 模板 实例化“void std::_Default_allocator_traits<_Alloc>::construct<_Ty,const double&,const double&,const double&>(_Alloc &,_Objty *const ,const double &,const double &,const double &)”的引用
        with
        [
            _Alloc=std::allocator<stl_vertex>,
            _Ty=Eigen::Matrix<float,3,1,2,3,1>,
            _Objty=Eigen::Matrix<float,3,1,2,3,1>
        ]
[31/260] Building CXX object CMakeFiles\libslic3r_cgal_from_source.dir\third_party\OrcaSlicer\src\libslic3r\MeshBoolean.cpp.obj
E:\ai\3D-Printer\deps\build\OrcaSlicer_dep\usr\local\include\CGAL/config.h(124): warning C4005: “BOOST_PARAMETER_MAX_ARITY”: 宏重定义
E:\ai\3D-Printer\deps\build\OrcaSlicer_dep\usr\local\include\boost-1_84\boost/parameter/config.hpp(61): note: 参见“BOOST_PARAMETER_MAX_ARITY”的前一个定义
C:\Program Files\Microsoft Visual Studio\18\Community\VC\Tools\MSVC\14.50.35717\include\xutility(4963): warning C4267: “=”: 从“size_t”转换到“int”，可能丢失数据
C:\Program Files\Microsoft Visual Studio\18\Community\VC\Tools\MSVC\14.50.35717\include\xutility(4963): note: 模板实例化上下文(最早的实例化上下文)为
E:\ai\3DPrinter_Qt6\third_party\OrcaSlicer\src\libslic3r\MeshBoolean.cpp(76): note: 查看对正在编译的函数 模板 实例化“bool igl::copyleft::cgal::mesh_boolean<Derived,Eigen::Matrix<int,-1,-1,0,-1,-1>,Derived,Eigen::Matrix<int,-1,-1,0,-1,-1>,Eigen::Matrix<double,-1,-1,0,-1,-1>,Eigen::Matrix<int,-1,-1,0,-1,-1>>(const Eigen::MatrixBase<Derived> &,const Eigen::MatrixBase<Eigen::Matrix<int,-1,-1,0,-1,-1>> &,const Eigen::MatrixBase<Derived> &,const Eigen::MatrixBase<Eigen::Matrix<int,-1,-1,0,-1,-1>> &,const igl::MeshBooleanType &,Eigen::PlainObjectBase<Derived> &,Eigen::PlainObjectBase<Eigen::Matrix<int,-1,-1,0,-1,-1>> &)”的引用
        with
        [
            Derived=Eigen::Matrix<double,-1,-1,0,-1,-1>
        ]
E:\ai\3DPrinter_Qt6\third_party\OrcaSlicer\deps_src\libigl\igl\copyleft\cgal\mesh_boolean.cpp(434): note: 查看对正在编译的函数 模板 实例化“bool igl::copyleft::cgal::mesh_boolean<Derived,Eigen::Matrix<int,-1,-1,0,-1,-1>,Derived,Eigen::Matrix<int,-1,-1,0,-1,-1>,Eigen::Matrix<double,-1,-1,0,-1,-1>,Eigen::Matrix<int,-1,-1,0,-1,-1>,Eigen::Matrix<int,-1,1,0,-1,1>>(const Eigen::MatrixBase<Derived> &,const Eigen::MatrixBase<Eigen::Matrix<int,-1,-1,0,-1,-1>> &,const Eigen::MatrixBase<Derived> &,const Eigen::MatrixBase<Eigen::Matrix<int,-1,-1,0,-1,-1>> &,const igl::MeshBooleanType &,Eigen::PlainObjectBase<Derived> &,Eigen::PlainObjectBase<Eigen::Matrix<int,-1,-1,0,-1,-1>> &,Eigen::PlainObjectBase<Eigen::Matrix<int,-1,1,0,-1,1>> &)”的引用
        with
        [
            Derived=Eigen::Matrix<double,-1,-1,0,-1,-1>
        ]
E:\ai\3DPrinter_Qt6\third_party\OrcaSlicer\deps_src\libigl\igl\copyleft\cgal\mesh_boolean.cpp(59): note: 查看对正在编译的函数 模板 实例化“bool igl::copyleft::cgal::mesh_boolean<Derived,Eigen::Matrix<int,-1,-1,0,-1,-1>,Derived,Eigen::Matrix<int,-1,-1,0,-1,-1>,Eigen::Matrix<double,-1,-1,0,-1,-1>,Eigen::Matrix<int,-1,-1,0,-1,-1>,Eigen::Matrix<int,-1,1,0,-1,1>>(const Eigen::MatrixBase<Derived> &,const Eigen::MatrixBase<Eigen::Matrix<int,-1,-1,0,-1,-1>> &,const Eigen::MatrixBase<Derived> &,const Eigen::MatrixBase<Eigen::Matrix<int,-1,-1,0,-1,-1>> &,const std::function<int (Eigen::Matrix<int,1,-1,1,1,-1>)> &,const std::function<int (int,int)> &,Eigen::PlainObjectBase<Derived> &,Eigen::PlainObjectBase<Eigen::Matrix<int,-1,-1,0,-1,-1>> &,Eigen::PlainObjectBase<Eigen::Matrix<int,-1,1,0,-1,1>> &)”的引用
        with
        [
            Derived=Eigen::Matrix<double,-1,-1,0,-1,-1>
        ]
E:\ai\3DPrinter_Qt6\third_party\OrcaSlicer\deps_src\libigl\igl\copyleft\cgal\mesh_boolean.cpp(126): note: 查看对正在编译的函数 模板 实例化“bool igl::copyleft::cgal::mesh_boolean<Derived,Eigen::Matrix<int,-1,3,0,-1,3>,Eigen::Matrix<Scalar,2,1,0,2,1>,Eigen::Matrix<double,-1,-1,0,-1,-1>,Eigen::Matrix<int,-1,-1,0,-1,-1>,Eigen::Matrix<int,-1,1,0,-1,1>>(const Eigen::MatrixBase<Derived> &,const Eigen::MatrixBase<Eigen::Matrix<int,-1,3,0,-1,3>> &,const Eigen::MatrixBase<Eigen::Matrix<Scalar,2,1,0,2,1>> &,const std::function<int (Eigen::Matrix<int,1,-1,1,1,-1>)> &,const std::function<int (int,int)> &,Eigen::PlainObjectBase<Eigen::Matrix<double,-1,-1,0,-1,-1>> &,Eigen::PlainObjectBase<Eigen::Matrix<int,-1,-1,0,-1,-1>> &,Eigen::PlainObjectBase<Eigen::Matrix<int,-1,1,0,-1,1>> &)”的引用
        with
        [
            Derived=Eigen::Matrix<double,-1,3,0,-1,3>,
            Scalar=unsigned __int64
        ]
E:\ai\3DPrinter_Qt6\third_party\OrcaSlicer\deps_src\libigl\igl\copyleft\cgal\mesh_boolean.cpp(242): note: 查看对正在编译的函数 模板 实例化“size_t igl::copyleft::cgal::extract_cells<Derived,Eigen::Matrix<int,-1,-1,0,-1,-1>,Eigen::Matrix<int,-1,1,0,-1,1>,Eigen::Matrix<int,-1,-1,0,-1,-1>,Eigen::Matrix<int,-1,1,0,-1,1>,Eigen::Matrix<int,-1,1,0,-1,1>,Eigen::Matrix<int,-1,1,0,-1,1>,Eigen::Matrix<int,-1,-1,0,-1,-1>>(const Eigen::MatrixBase<Derived> &,const Eigen::MatrixBase<Eigen::Matrix<int,-1,-1,0,-1,-1>> &,const Eigen::MatrixBase<Eigen::Matrix<int,-1,1,0,-1,1>> &,const Eigen::MatrixBase<Eigen::Matrix<int,-1,-1,0,-1,-1>> &,const Eigen::MatrixBase<Eigen::Matrix<int,-1,1,0,-1,1>> &,const Eigen::MatrixBase<Eigen::Matrix<int,-1,1,0,-1,1>> &,const Eigen::MatrixBase<Eigen::Matrix<int,-1,1,0,-1,1>> &,Eigen::PlainObjectBase<Eigen::Matrix<int,-1,-1,0,-1,-1>> &)”的引用
        with
        [
            Derived=Eigen::Matrix<igl::copyleft::cgal::mesh_boolean::ExactScalar,-1,-1,0,-1,-1>
        ]
E:\ai\3DPrinter_Qt6\third_party\OrcaSlicer\deps_src\libigl\igl\copyleft\cgal\extract_cells.cpp(179): note: 查看对正在编译的函数 模板 实例化“_OutIt *std::copy<std::_Vector_iterator<std::_Vector_val<std::_Simple_types<_Ty>>>,int*>(_InIt,_InIt,_OutIt)”的引用
        with
        [
            _OutIt=int *,
            _Ty=size_t,
            _InIt=std::_Vector_iterator<std::_Vector_val<std::_Simple_types<size_t>>>
        ]
C:\Program Files\Microsoft Visual Studio\18\Community\VC\Tools\MSVC\14.50.35717\include\xutility(4976): note: 查看对正在编译的函数 模板 实例化“_OutIt *std::_Copy_unchecked<unsigned __int64*,unsigned __int64*,int*>(_InIt,_Sent,_OutIt)”的引用
        with
        [
            _OutIt=int *,
            _InIt=unsigned __int64 *,
            _Sent=unsigned __int64 *
        ]
C:\Program Files\Microsoft Visual Studio\18\Community\VC\Tools\MSVC\14.50.35717\include\xutility(809): warning C4267: “参数”: 从“size_t”转换到“int”，可能丢失数据
C:\Program Files\Microsoft Visual Studio\18\Community\VC\Tools\MSVC\14.50.35717\include\xutility(809): note: 模板实例化上下文(最早的实例化上下文)为
E:\ai\3DPrinter_Qt6\third_party\OrcaSlicer\deps_src\libigl\igl\copyleft\cgal\extract_cells.cpp(181): note: 查看对正在编译的函数 模板 实例化“void igl::copyleft::cgal::outer_facet<Derived,Eigen::Matrix<int,-1,-1,0,-1,-1>,Eigen::Matrix<int,-1,1,0,-1,1>,int>(const Eigen::MatrixBase<Derived> &,const Eigen::MatrixBase<Eigen::Matrix<int,-1,-1,0,-1,-1>> &,const Eigen::MatrixBase<Eigen::Matrix<int,-1,1,0,-1,1>> &,IndexType &,bool &)”的引用
        with
        [
            Derived=Eigen::Matrix<igl::copyleft::cgal::mesh_boolean::ExactScalar,-1,-1,0,-1,-1>,
            IndexType=int
        ]
E:\ai\3DPrinter_Qt6\third_party\OrcaSlicer\deps_src\libigl\igl\copyleft\cgal\outer_facet.cpp(77): note: 查看对正在编译的函数 模板 实例化“void igl::copyleft::cgal::order_facets_around_edge<Derived,Eigen::Matrix<int,-1,-1,0,-1,-1>,Eigen::Matrix<Scalar,1,-1,1,1,-1>,Eigen::Matrix<int,-1,1,0,-1,1>>(const Eigen::MatrixBase<Derived> &,const Eigen::MatrixBase<Eigen::Matrix<int,-1,-1,0,-1,-1>> &,size_t,size_t,const std::vector<int,std::allocator<int>> &,const Eigen::MatrixBase<Eigen::Matrix<Scalar,1,-1,1,1,-1>> &,Eigen::PlainObjectBase<Eigen::Matrix<int,-1,1,0,-1,1>> &)”的引用
        with
        [
            Derived=Eigen::Matrix<igl::copyleft::cgal::mesh_boolean::ExactScalar,-1,-1,0,-1,-1>,
            Scalar=CGAL::Lazy_exact_nt<boost::multiprecision::number<boost::multiprecision::backends::gmp_rational,boost::multiprecision::et_on>>
        ]
E:\ai\3DPrinter_Qt6\third_party\OrcaSlicer\deps_src\libigl\igl\copyleft\cgal\order_facets_around_edge.cpp(334): note: 查看对正在编译的函数 模板 实例化“void std::sort<std::_Vector_iterator<std::_Vector_val<std::_Simple_types<_Ty>>>,igl::copyleft::cgal::order_facets_around_edge::<lambda_e32fcb1996edd53b4edffc81ccb8e814>>(const _RanIt,const _RanIt,_Pr)”的引用
        with
        [
            _Ty=size_t,
            _RanIt=std::_Vector_iterator<std::_Vector_val<std::_Simple_types<size_t>>>,
            _Pr=igl::copyleft::cgal::order_facets_around_edge::<lambda_e32fcb1996edd53b4edffc81ccb8e814>
        ]
C:\Program Files\Microsoft Visual Studio\18\Community\VC\Tools\MSVC\14.50.35717\include\algorithm(8862): note: 查看对正在编译的函数 模板 实例化“void std::_Sort_unchecked<unsigned __int64*,std::_Ref_fn<_Fn>>(_RanIt,_RanIt,__int64,_Pr)”的引用
        with
        [
            _Fn=igl::copyleft::cgal::order_facets_around_edge::<lambda_e32fcb1996edd53b4edffc81ccb8e814>,
            _RanIt=unsigned __int64 *,
            _Pr=std::_Ref_fn<igl::copyleft::cgal::order_facets_around_edge::<lambda_e32fcb1996edd53b4edffc81ccb8e814>>
        ]
C:\Program Files\Microsoft Visual Studio\18\Community\VC\Tools\MSVC\14.50.35717\include\algorithm(8832): note: 查看对正在编译的函数 模板 实例化“_BidIt std::_Insertion_sort_unchecked<_RanIt,_Pr>(const _BidIt,const _BidIt,_Pr)”的引用
        with
        [
            _BidIt=unsigned __int64 *,
            _RanIt=unsigned __int64 *,
            _Pr=std::_Ref_fn<igl::copyleft::cgal::order_facets_around_edge::<lambda_e32fcb1996edd53b4edffc81ccb8e814>>
        ]
C:\Program Files\Microsoft Visual Studio\18\Community\VC\Tools\MSVC\14.50.35717\include\algorithm(8700): note: 查看对正在编译的函数 模板 实例化“decltype(auto) std::_Ref_fn<_Fn>::operator ()<unsigned __int64&,unsigned __int64&>(unsigned __int64 &,unsigned __int64 &) noexcept(false)”的引用
        with
        [
            _Fn=igl::copyleft::cgal::order_facets_around_edge::<lambda_e32fcb1996edd53b4edffc81ccb8e814>
        ]
C:\Program Files\Microsoft Visual Studio\18\Community\VC\Tools\MSVC\14.50.35717\include\xutility(4963): warning C4244: “=”: 从“__int64”转换到“int”，可能丢失数据
C:\Program Files\Microsoft Visual Studio\18\Community\VC\Tools\MSVC\14.50.35717\include\xutility(4963): note: 模板实例化上下文(最早的实例化上下文)为
E:\ai\3DPrinter_Qt6\third_party\OrcaSlicer\deps_src\libigl\igl\copyleft\cgal\mesh_boolean.cpp(221): note: 查看对正在编译的函数 模板 实例化“void igl::copyleft::cgal::remesh_self_intersections<Derived,Eigen::Matrix<int,-1,3,0,-1,3>,Eigen::Matrix<igl::copyleft::cgal::mesh_boolean::ExactScalar,-1,-1,0,-1,-1>,Eigen::Matrix<int,-1,-1,0,-1,-1>,Eigen::Matrix<int,-1,-1,0,-1,-1>,Eigen::Matrix<int,-1,1,0,-1,1>>(const Eigen::MatrixBase<Derived> &,const Eigen::MatrixBase<Eigen::Matrix<int,-1,3,0,-1,3>> &,const igl::copyleft::cgal::RemeshSelfIntersectionsParam &,Eigen::PlainObjectBase<Eigen::Matrix<igl::copyleft::cgal::mesh_boolean::ExactScalar,-1,-1,0,-1,-1>> &,Eigen::PlainObjectBase<Eigen::Matrix<int,-1,-1,0,-1,-1>> &,Eigen::PlainObjectBase<Eigen::Matrix<int,-1,-1,0,-1,-1>> &,Eigen::PlainObjectBase<Eigen::Matrix<int,-1,1,0,-1,1>> &)”的引用
        with
        [
            Derived=Eigen::Matrix<double,-1,3,0,-1,3>
        ]
E:\ai\3DPrinter_Qt6\third_party\OrcaSlicer\deps_src\libigl\igl\copyleft\cgal\remesh_self_intersections.cpp(110): note: 查看对正在编译的函数 模板 实例化“void igl::copyleft::cgal::remesh_self_intersections<Derived,Eigen::Matrix<int,-1,3,0,-1,3>,Eigen::Matrix<CGAL::Lazy_exact_nt<boost::multiprecision::number<boost::multiprecision::backends::gmp_rational,boost::multiprecision::et_on>>,-1,3,0,-1,3>,Eigen::Matrix<int,-1,-1,0,-1,-1>,Eigen::Matrix<int,-1,-1,0,-1,-1>,Eigen::Matrix<int,-1,1,0,-1,1>,Eigen::Matrix<int,-1,1,0,-1,1>>(const Eigen::MatrixBase<Derived> &,const Eigen::MatrixBase<Eigen::Matrix<int,-1,3,0,-1,3>> &,const igl::copyleft::cgal::RemeshSelfIntersectionsParam &,Eigen::PlainObjectBase<Eigen::Matrix<CGAL::Lazy_exact_nt<boost::multiprecision::number<boost::multiprecision::backends::gmp_rational,boost::multiprecision::et_on>>,-1,3,0,-1,3>> &,Eigen::PlainObjectBase<Eigen::Matrix<int,-1,-1,0,-1,-1>> &,Eigen::PlainObjectBase<Eigen::Matrix<int,-1,-1,0,-1,-1>> &,Eigen::PlainObjectBase<Eigen::Matrix<int,-1,1,0,-1,1>> &,Eigen::PlainObjectBase<Eigen::Matrix<int,-1,1,0,-1,1>> &)”的引用
        with
        [
            Derived=Eigen::Matrix<double,-1,3,0,-1,3>
        ]
E:\ai\3DPrinter_Qt6\third_party\OrcaSlicer\deps_src\libigl\igl\copyleft\cgal\remesh_self_intersections.cpp(62): note: 查看对正在编译的 类 模板 实例化“igl::copyleft::cgal::SelfIntersectMesh<igl::copyleft::cgal::remesh_self_intersections::Kernel,DerivedV,DerivedF,DerivedVV,DerivedFF,DerivedIF,DerivedJ,DerivedIM>”的引用
        with
        [
            DerivedV=Eigen::Matrix<double,-1,3,0,-1,3>,
            DerivedF=Eigen::Matrix<int,-1,3,0,-1,3>,
            DerivedVV=Eigen::Matrix<CGAL::Lazy_exact_nt<boost::multiprecision::number<boost::multiprecision::backends::gmp_rational,boost::multiprecision::et_on>>,-1,3,0,-1,3>,
            DerivedFF=Eigen::Matrix<int,-1,-1,0,-1,-1>,
            DerivedIF=Eigen::Matrix<int,-1,-1,0,-1,-1>,
            DerivedJ=Eigen::Matrix<int,-1,1,0,-1,1>,
            DerivedIM=Eigen::Matrix<int,-1,1,0,-1,1>
        ]
E:\ai\3DPrinter_Qt6\third_party\OrcaSlicer\deps_src\libigl\igl\copyleft\cgal\SelfIntersectMesh.h(325): note: 在编译 类 模板 成员函数“igl::copyleft::cgal::SelfIntersectMesh<igl::copyleft::cgal::remesh_self_intersections::Kernel,DerivedV,DerivedF,DerivedVV,DerivedFF,DerivedIF,DerivedJ,DerivedIM>::SelfIntersectMesh(const Eigen::MatrixBase<Derived> &,const Eigen::MatrixBase<Eigen::Matrix<int,-1,3,0,-1,3>> &,const igl::copyleft::cgal::RemeshSelfIntersectionsParam &,Eigen::PlainObjectBase<Eigen::Matrix<CGAL::Lazy_exact_nt<boost::multiprecision::number<boost::multiprecision::backends::gmp_rational,boost::multiprecision::et_on>>,-1,3,0,-1,3>> &,Eigen::PlainObjectBase<Eigen::Matrix<int,-1,-1,0,-1,-1>> &,Eigen::PlainObjectBase<Eigen::Matrix<int,-1,-1,0,-1,-1>> &,Eigen::PlainObjectBase<Eigen::Matrix<int,-1,1,0,-1,1>> &,Eigen::PlainObjectBase<Eigen::Matrix<int,-1,1,0,-1,1>> &)”时
        with
        [
            DerivedV=Eigen::Matrix<double,-1,3,0,-1,3>,
            DerivedF=Eigen::Matrix<int,-1,3,0,-1,3>,
            DerivedVV=Eigen::Matrix<CGAL::Lazy_exact_nt<boost::multiprecision::number<boost::multiprecision::backends::gmp_rational,boost::multiprecision::et_on>>,-1,3,0,-1,3>,
            DerivedFF=Eigen::Matrix<int,-1,-1,0,-1,-1>,
            DerivedIF=Eigen::Matrix<int,-1,-1,0,-1,-1>,
            DerivedJ=Eigen::Matrix<int,-1,1,0,-1,1>,
            DerivedIM=Eigen::Matrix<int,-1,1,0,-1,1>,
            Derived=Eigen::Matrix<double,-1,3,0,-1,3>
        ]
E:\ai\3DPrinter_Qt6\third_party\OrcaSlicer\deps_src\libigl\igl\copyleft\cgal\remesh_self_intersections.cpp(62): note: 请参阅 "igl::copyleft::cgal::remesh_self_intersections" 中对 "igl::copyleft::cgal::SelfIntersectMesh<igl::copyleft::cgal::remesh_self_intersections::Kernel,DerivedV,DerivedF,DerivedVV,DerivedFF,DerivedIF,DerivedJ,DerivedIM>::SelfIntersectMesh" 的第一个引用
        with
        [
            DerivedV=Eigen::Matrix<double,-1,3,0,-1,3>,
            DerivedF=Eigen::Matrix<int,-1,3,0,-1,3>,
            DerivedVV=Eigen::Matrix<CGAL::Lazy_exact_nt<boost::multiprecision::number<boost::multiprecision::backends::gmp_rational,boost::multiprecision::et_on>>,-1,3,0,-1,3>,
            DerivedFF=Eigen::Matrix<int,-1,-1,0,-1,-1>,
            DerivedIF=Eigen::Matrix<int,-1,-1,0,-1,-1>,
            DerivedJ=Eigen::Matrix<int,-1,1,0,-1,1>,
            DerivedIM=Eigen::Matrix<int,-1,1,0,-1,1>
        ]
E:\ai\3DPrinter_Qt6\third_party\OrcaSlicer\deps_src\libigl\igl\copyleft\cgal\remesh_self_intersections.cpp(110): note: 请参阅 "igl::copyleft::cgal::remesh_self_intersections" 中对 "igl::copyleft::cgal::remesh_self_intersections" 的第一个引用
E:\ai\3DPrinter_Qt6\third_party\OrcaSlicer\deps_src\libigl\igl\copyleft\cgal\mesh_boolean.cpp(221): note: 请参阅 "igl::copyleft::cgal::mesh_boolean" 中对 "igl::copyleft::cgal::remesh_self_intersections" 的第一个引用
E:\ai\3DPrinter_Qt6\third_party\OrcaSlicer\deps_src\libigl\igl\copyleft\cgal\mesh_boolean.cpp(126): note: 请参阅 "igl::copyleft::cgal::mesh_boolean" 中对 "igl::copyleft::cgal::mesh_boolean" 的第一个引用
E:\ai\3DPrinter_Qt6\third_party\OrcaSlicer\deps_src\libigl\igl\copyleft\cgal\mesh_boolean.cpp(59): note: 请参阅 "igl::copyleft::cgal::mesh_boolean" 中对 "igl::copyleft::cgal::mesh_boolean" 的第一个引用
E:\ai\3DPrinter_Qt6\third_party\OrcaSlicer\deps_src\libigl\igl\copyleft\cgal\mesh_boolean.cpp(434): note: 请参阅 "igl::copyleft::cgal::mesh_boolean" 中对 "igl::copyleft::cgal::mesh_boolean" 的第一个引用
E:\ai\3DPrinter_Qt6\third_party\OrcaSlicer\deps_src\libigl\igl\copyleft\cgal\SelfIntersectMesh.h(427): note: 查看对正在编译的函数 模板 实例化“void igl::copyleft::cgal::remesh_intersections<Derived,Eigen::Matrix<int,-1,3,0,-1,3>,Kernel_,Eigen::Matrix<CGAL::Lazy_exact_nt<boost::multiprecision::number<boost::multiprecision::backends::gmp_rational,boost::multiprecision::et_on>>,-1,3,0,-1,3>,Eigen::Matrix<int,-1,-1,0,-1,-1>,Eigen::Matrix<int,-1,1,0,-1,1>,Eigen::Matrix<int,-1,1,0,-1,1>>(const Eigen::MatrixBase<Derived> &,const Eigen::MatrixBase<Eigen::Matrix<int,-1,3,0,-1,3>> &,const std::vector<CGAL::Triangle_3<Kernel_>,std::allocator<CGAL::Triangle_3<Kernel_>>> &,const std::map<__int64,std::vector<std::pair<__int64,CGAL::Object>,std::allocator<std::pair<__int64,CGAL::Object>>>,std::less<__int64>,std::allocator<std::pair<const __int64,std::vector<std::pair<__int64,CGAL::Object>,std::allocator<std::pair<__int64,CGAL::Object>>>>>> &,bool,bool,Eigen::PlainObjectBase<Eigen::Matrix<CGAL::Lazy_exact_nt<boost::multiprecision::number<boost::multiprecision::backends::gmp_rational,boost::multiprecision::et_on>>,-1,3,0,-1,3>> &,Eigen::PlainObjectBase<Eigen::Matrix<int,-1,-1,0,-1,-1>> &,Eigen::PlainObjectBase<Eigen::Matrix<int,-1,1,0,-1,1>> &,Eigen::PlainObjectBase<Eigen::Matrix<int,-1,1,0,-1,1>> &)”的引用
        with
        [
            Derived=Eigen::Matrix<double,-1,3,0,-1,3>,
            Kernel_=CGAL::Epick
        ]
E:\ai\3DPrinter_Qt6\third_party\OrcaSlicer\deps_src\libigl\igl\copyleft\cgal\remesh_intersections.cpp(451): note: 查看对正在编译的函数 模板 实例化“_OutIt *std::copy<std::_Vector_iterator<std::_Vector_val<std::_Simple_types<_Ty>>>,int*>(_InIt,_InIt,_OutIt)”的引用
        with
        [
            _OutIt=int *,
            _Ty=__int64,
            _InIt=std::_Vector_iterator<std::_Vector_val<std::_Simple_types<__int64>>>
        ]
C:\Program Files\Microsoft Visual Studio\18\Community\VC\Tools\MSVC\14.50.35717\include\xutility(4976): note: 查看对正在编译的函数 模板 实例化“_OutIt *std::_Copy_unchecked<__int64*,__int64*,int*>(_InIt,_Sent,_OutIt)”的引用
        with
        [
            _OutIt=int *,
            _InIt=__int64 *,
            _Sent=__int64 *
        ]
[32/260] Linking CXX static library libslic3r_cgal_from_source.lib
[33/260] Automatic MOC and UIC for target libslic3r_from_source
[34/260] Building CXX object CMakeFiles\owzx_app_core.dir\src\core\services\PresetServiceMock.cpp.obj
[35/260] Building CXX object CMakeFiles\libslic3r_from_source.dir\cmake_pch.cxx.obj
[36/260] Building CXX object CMakeFiles\libslic3r_from_source.dir\libslic3r_from_source_autogen\mocs_compilation.cpp.obj
[37/260] Building CXX object CMakeFiles\owzx_app_core.dir\src\qml_gui\BackendContext.cpp.obj
C:\Program Files\Microsoft Visual Studio\18\Community\VC\Tools\MSVC\14.50.35717\include\numeric(33): warning C4267: “=”: 从“size_t”转换到“_Ty”，可能丢失数据
        with
        [
            _Ty=int
        ]
C:\Program Files\Microsoft Visual Studio\18\Community\VC\Tools\MSVC\14.50.35717\include\numeric(33): note: 模板实例化上下文(最早的实例化上下文)为
E:\ai\3DPrinter_Qt6\third_party\OrcaSlicer\src\libslic3r/ExtrusionEntity.hpp(441): note: 查看对正在编译的函数 模板 实例化“_Ty std::accumulate<std::_Vector_const_iterator<std::_Vector_val<std::_Simple_types<Slic3r::ExtrusionPath>>>,int,Slic3r::ExtrusionMultiPath::collect_points::<lambda_1>>(const _InIt,const _InIt,_Ty,_Fn)”的引用
        with
        [
            _Ty=int,
            _InIt=std::_Vector_const_iterator<std::_Vector_val<std::_Simple_types<Slic3r::ExtrusionPath>>>,
            _Fn=Slic3r::ExtrusionMultiPath::collect_points::<lambda_1>
        ]
[38/260] Building CXX object CMakeFiles\libslic3r_from_source.dir\third_party\OrcaSlicer\src\libslic3r\AABBMesh.cpp.obj
[39/260] Building CXX object CMakeFiles\libslic3r_from_source.dir\third_party\OrcaSlicer\src\libslic3r\ArcFitter.cpp.obj
[40/260] Building CXX object CMakeFiles\owzx_app_core.dir\src\core\services\SliceService.cpp.obj
E:\ai\3DPrinter_Qt6\src\core\services\SliceService.cpp(405): warning C4858: 正在放弃返回值: Use QThreadPool::start(Callable&&) if you don't need the returned QFuture
E:\ai\3DPrinter_Qt6\src\core\services\SliceService.cpp(980): warning C4858: 正在放弃返回值: Use QThreadPool::start(Callable&&) if you don't need the returned QFuture
C:\Program Files\Microsoft Visual Studio\18\Community\VC\Tools\MSVC\14.50.35717\include\numeric(33): warning C4267: “=”: 从“size_t”转换到“_Ty”，可能丢失数据
        with
        [
            _Ty=int
        ]
C:\Program Files\Microsoft Visual Studio\18\Community\VC\Tools\MSVC\14.50.35717\include\numeric(33): note: 模板实例化上下文(最早的实例化上下文)为
E:\ai\3DPrinter_Qt6\third_party\OrcaSlicer\src\libslic3r/ExtrusionEntity.hpp(441): note: 查看对正在编译的函数 模板 实例化“_Ty std::accumulate<std::_Vector_const_iterator<std::_Vector_val<std::_Simple_types<Slic3r::ExtrusionPath>>>,int,Slic3r::ExtrusionMultiPath::collect_points::<lambda_1>>(const _InIt,const _InIt,_Ty,_Fn)”的引用
        with
        [
            _Ty=int,
            _InIt=std::_Vector_const_iterator<std::_Vector_val<std::_Simple_types<Slic3r::ExtrusionPath>>>,
            _Fn=Slic3r::ExtrusionMultiPath::collect_points::<lambda_1>
        ]
[41/260] Building CXX object CMakeFiles\libslic3r_from_source.dir\third_party\OrcaSlicer\src\libslic3r\BlacklistedLibraryCheck.cpp.obj
[42/260] Building CXX object CMakeFiles\libslic3r_from_source.dir\third_party\OrcaSlicer\src\libslic3r\BoundingBox.cpp.obj
[43/260] Building CXX object CMakeFiles\libslic3r_from_source.dir\third_party\OrcaSlicer\src\libslic3r\BridgeDetector.cpp.obj
[44/260] Building CXX object CMakeFiles\owzx_app_core.dir\owzx_app_core_autogen\mocs_compilation.cpp.obj
C:\Program Files\Microsoft Visual Studio\18\Community\VC\Tools\MSVC\14.50.35717\include\numeric(33): warning C4267: “=”: 从“size_t”转换到“_Ty”，可能丢失数据
        with
        [
            _Ty=int
        ]
C:\Program Files\Microsoft Visual Studio\18\Community\VC\Tools\MSVC\14.50.35717\include\numeric(33): note: 模板实例化上下文(最早的实例化上下文)为
E:\ai\3DPrinter_Qt6\third_party\OrcaSlicer\src\libslic3r/ExtrusionEntity.hpp(441): note: 查看对正在编译的函数 模板 实例化“_Ty std::accumulate<std::_Vector_const_iterator<std::_Vector_val<std::_Simple_types<Slic3r::ExtrusionPath>>>,int,Slic3r::ExtrusionMultiPath::collect_points::<lambda_1>>(const _InIt,const _InIt,_Ty,_Fn)”的引用
        with
        [
            _Ty=int,
            _InIt=std::_Vector_const_iterator<std::_Vector_val<std::_Simple_types<Slic3r::ExtrusionPath>>>,
            _Fn=Slic3r::ExtrusionMultiPath::collect_points::<lambda_1>
        ]
[45/260] Building CXX object CMakeFiles\owzx_app_core.dir\src\core\services\ProjectServiceMock.cpp.obj
E:\ai\3DPrinter_Qt6\src\core\services\ProjectServiceMock.cpp(573): warning C4858: 正在放弃返回值: Use QThreadPool::start(Callable&&) if you don't need the returned QFuture
E:\ai\3DPrinter_Qt6\src\core\services\ProjectServiceMock.cpp(2756): warning C4858: 正在放弃返回值: Use QThreadPool::start(Callable&&) if you don't need the returned QFuture
E:\ai\3DPrinter_Qt6\src\core\services\ProjectServiceMock.cpp(6211): warning C4858: 正在放弃返回值: Use QThreadPool::start(Callable&&) if you don't need the returned QFuture
C:\Program Files\Microsoft Visual Studio\18\Community\VC\Tools\MSVC\14.50.35717\include\numeric(33): warning C4267: “=”: 从“size_t”转换到“_Ty”，可能丢失数据
        with
        [
            _Ty=int
        ]
C:\Program Files\Microsoft Visual Studio\18\Community\VC\Tools\MSVC\14.50.35717\include\numeric(33): note: 模板实例化上下文(最早的实例化上下文)为
E:\ai\3DPrinter_Qt6\third_party\OrcaSlicer\src\libslic3r/ExtrusionEntity.hpp(441): note: 查看对正在编译的函数 模板 实例化“_Ty std::accumulate<std::_Vector_const_iterator<std::_Vector_val<std::_Simple_types<Slic3r::ExtrusionPath>>>,int,Slic3r::ExtrusionMultiPath::collect_points::<lambda_1>>(const _InIt,const _InIt,_Ty,_Fn)”的引用
        with
        [
            _Ty=int,
            _InIt=std::_Vector_const_iterator<std::_Vector_val<std::_Simple_types<Slic3r::ExtrusionPath>>>,
            _Fn=Slic3r::ExtrusionMultiPath::collect_points::<lambda_1>
        ]
[46/260] Building CXX object CMakeFiles\libslic3r_from_source.dir\third_party\OrcaSlicer\src\libslic3r\Circle.cpp.obj
[47/260] Building CXX object CMakeFiles\libslic3r_from_source.dir\third_party\OrcaSlicer\src\libslic3r\Clipper2Utils.cpp.obj
[48/260] Building CXX object CMakeFiles\libslic3r_from_source.dir\third_party\OrcaSlicer\src\libslic3r\AppConfig.cpp.obj
[49/260] Building CXX object CMakeFiles\libslic3r_from_source.dir\third_party\OrcaSlicer\src\libslic3r\Color.cpp.obj
[50/260] Building CXX object CMakeFiles\libslic3r_from_source.dir\third_party\OrcaSlicer\src\libslic3r\ClipperUtils.cpp.obj
C:\Program Files\Microsoft Visual Studio\18\Community\VC\Tools\MSVC\14.50.35717\include\numeric(33): warning C4267: “=”: 从“size_t”转换到“_Ty”，可能丢失数据
        with
        [
            _Ty=int
        ]
C:\Program Files\Microsoft Visual Studio\18\Community\VC\Tools\MSVC\14.50.35717\include\numeric(33): note: 模板实例化上下文(最早的实例化上下文)为
E:\ai\3DPrinter_Qt6\third_party\OrcaSlicer\src\libslic3r\ExtrusionEntity.hpp(441): note: 查看对正在编译的函数 模板 实例化“_Ty std::accumulate<std::_Vector_const_iterator<std::_Vector_val<std::_Simple_types<Slic3r::ExtrusionPath>>>,int,Slic3r::ExtrusionMultiPath::collect_points::<lambda_abff1419f1e7bad13c439e3f0139ec39>>(const _InIt,const _InIt,_Ty,_Fn)”的引用
        with
        [
            _Ty=int,
            _InIt=std::_Vector_const_iterator<std::_Vector_val<std::_Simple_types<Slic3r::ExtrusionPath>>>,
            _Fn=Slic3r::ExtrusionMultiPath::collect_points::<lambda_abff1419f1e7bad13c439e3f0139ec39>
        ]
[51/260] Building CXX object CMakeFiles\owzx_app_core.dir\src\core\services\UndoCommands.cpp.obj
C:\Program Files\Microsoft Visual Studio\18\Community\VC\Tools\MSVC\14.50.35717\include\numeric(33): warning C4267: “=”: 从“size_t”转换到“_Ty”，可能丢失数据
        with
        [
            _Ty=int
        ]
C:\Program Files\Microsoft Visual Studio\18\Community\VC\Tools\MSVC\14.50.35717\include\numeric(33): note: 模板实例化上下文(最早的实例化上下文)为
E:\ai\3DPrinter_Qt6\third_party\OrcaSlicer\src\libslic3r/ExtrusionEntity.hpp(441): note: 查看对正在编译的函数 模板 实例化“_Ty std::accumulate<std::_Vector_const_iterator<std::_Vector_val<std::_Simple_types<Slic3r::ExtrusionPath>>>,int,Slic3r::ExtrusionMultiPath::collect_points::<lambda_1>>(const _InIt,const _InIt,_Ty,_Fn)”的引用
        with
        [
            _Ty=int,
            _InIt=std::_Vector_const_iterator<std::_Vector_val<std::_Simple_types<Slic3r::ExtrusionPath>>>,
            _Fn=Slic3r::ExtrusionMultiPath::collect_points::<lambda_1>
        ]
[52/260] Building CXX object CMakeFiles\libslic3r_from_source.dir\third_party\OrcaSlicer\src\libslic3r\BuildVolume.cpp.obj
C:\Program Files\Microsoft Visual Studio\18\Community\VC\Tools\MSVC\14.50.35717\include\numeric(33): warning C4267: “=”: 从“size_t”转换到“_Ty”，可能丢失数据
        with
        [
            _Ty=int
        ]
C:\Program Files\Microsoft Visual Studio\18\Community\VC\Tools\MSVC\14.50.35717\include\numeric(33): note: 模板实例化上下文(最早的实例化上下文)为
E:\ai\3DPrinter_Qt6\third_party\OrcaSlicer\src\libslic3r/ExtrusionEntity.hpp(441): note: 查看对正在编译的函数 模板 实例化“_Ty std::accumulate<std::_Vector_const_iterator<std::_Vector_val<std::_Simple_types<Slic3r::ExtrusionPath>>>,int,Slic3r::ExtrusionMultiPath::collect_points::<lambda_abff1419f1e7bad13c439e3f0139ec39>>(const _InIt,const _InIt,_Ty,_Fn)”的引用
        with
        [
            _Ty=int,
            _InIt=std::_Vector_const_iterator<std::_Vector_val<std::_Simple_types<Slic3r::ExtrusionPath>>>,
            _Fn=Slic3r::ExtrusionMultiPath::collect_points::<lambda_abff1419f1e7bad13c439e3f0139ec39>
        ]
[53/260] Building CXX object CMakeFiles\libslic3r_from_source.dir\third_party\OrcaSlicer\src\libslic3r\Brim.cpp.obj
C:\Program Files\Microsoft Visual Studio\18\Community\VC\Tools\MSVC\14.50.35717\include\numeric(33): warning C4267: “=”: 从“size_t”转换到“_Ty”，可能丢失数据
        with
        [
            _Ty=int
        ]
C:\Program Files\Microsoft Visual Studio\18\Community\VC\Tools\MSVC\14.50.35717\include\numeric(33): note: 模板实例化上下文(最早的实例化上下文)为
E:\ai\3DPrinter_Qt6\third_party\OrcaSlicer\src\libslic3r\ExtrusionEntity.hpp(441): note: 查看对正在编译的函数 模板 实例化“_Ty std::accumulate<std::_Vector_const_iterator<std::_Vector_val<std::_Simple_types<Slic3r::ExtrusionPath>>>,int,Slic3r::ExtrusionMultiPath::collect_points::<lambda_abff1419f1e7bad13c439e3f0139ec39>>(const _InIt,const _InIt,_Ty,_Fn)”的引用
        with
        [
            _Ty=int,
            _InIt=std::_Vector_const_iterator<std::_Vector_val<std::_Simple_types<Slic3r::ExtrusionPath>>>,
            _Fn=Slic3r::ExtrusionMultiPath::collect_points::<lambda_abff1419f1e7bad13c439e3f0139ec39>
        ]
[54/260] Building CXX object CMakeFiles\libslic3r_from_source.dir\third_party\OrcaSlicer\src\libslic3r\EdgeGrid.cpp.obj
[55/260] Building CXX object CMakeFiles\libslic3r_from_source.dir\third_party\OrcaSlicer\src\libslic3r\Arrange.cpp.obj
C:\Program Files\Microsoft Visual Studio\18\Community\VC\Tools\MSVC\14.50.35717\include\numeric(33): warning C4267: “=”: 从“size_t”转换到“_Ty”，可能丢失数据
        with
        [
            _Ty=int
        ]
C:\Program Files\Microsoft Visual Studio\18\Community\VC\Tools\MSVC\14.50.35717\include\numeric(33): note: 模板实例化上下文(最早的实例化上下文)为
E:\ai\3DPrinter_Qt6\third_party\OrcaSlicer\src\libslic3r/ExtrusionEntity.hpp(441): note: 查看对正在编译的函数 模板 实例化“_Ty std::accumulate<std::_Vector_const_iterator<std::_Vector_val<std::_Simple_types<Slic3r::ExtrusionPath>>>,int,Slic3r::ExtrusionMultiPath::collect_points::<lambda_abff1419f1e7bad13c439e3f0139ec39>>(const _InIt,const _InIt,_Ty,_Fn)”的引用
        with
        [
            _Ty=int,
            _InIt=std::_Vector_const_iterator<std::_Vector_val<std::_Simple_types<Slic3r::ExtrusionPath>>>,
            _Fn=Slic3r::ExtrusionMultiPath::collect_points::<lambda_abff1419f1e7bad13c439e3f0139ec39>
        ]
[56/260] Building CXX object CMakeFiles\libslic3r_from_source.dir\third_party\OrcaSlicer\src\libslic3r\ElephantFootCompensation.cpp.obj
C:\Program Files\Microsoft Visual Studio\18\Community\VC\Tools\MSVC\14.50.35717\include\numeric(33): warning C4267: “=”: 从“size_t”转换到“_Ty”，可能丢失数据
        with
        [
            _Ty=int
        ]
C:\Program Files\Microsoft Visual Studio\18\Community\VC\Tools\MSVC\14.50.35717\include\numeric(33): note: 模板实例化上下文(最早的实例化上下文)为
E:\ai\3DPrinter_Qt6\third_party\OrcaSlicer\src\libslic3r\ExtrusionEntity.hpp(441): note: 查看对正在编译的函数 模板 实例化“_Ty std::accumulate<std::_Vector_const_iterator<std::_Vector_val<std::_Simple_types<Slic3r::ExtrusionPath>>>,int,Slic3r::ExtrusionMultiPath::collect_points::<lambda_abff1419f1e7bad13c439e3f0139ec39>>(const _InIt,const _InIt,_Ty,_Fn)”的引用
        with
        [
            _Ty=int,
            _InIt=std::_Vector_const_iterator<std::_Vector_val<std::_Simple_types<Slic3r::ExtrusionPath>>>,
            _Fn=Slic3r::ExtrusionMultiPath::collect_points::<lambda_abff1419f1e7bad13c439e3f0139ec39>
        ]
C:\Program Files\Microsoft Visual Studio\18\Community\VC\Tools\MSVC\14.50.35717\include\utility(774): warning C4244: “=”: 从“_Other”转换到“_Ty”，可能丢失数据
        with
        [
            _Other=unsigned __int64
        ]
        and
        [
            _Ty=int
        ]
C:\Program Files\Microsoft Visual Studio\18\Community\VC\Tools\MSVC\14.50.35717\include\utility(774): note: 模板实例化上下文(最早的实例化上下文)为
E:\ai\3DPrinter_Qt6\third_party\OrcaSlicer\src\libslic3r\ElephantFootCompensation.cpp(482): note: 查看对正在编译的函数 模板 实例化“_Ty std::exchange<int,unsigned __int64>(_Ty &,_Other &&) noexcept”的引用
        with
        [
            _Ty=int,
            _Other=unsigned __int64
        ]
[57/260] Building CXX object CMakeFiles\libslic3r_from_source.dir\third_party\OrcaSlicer\src\libslic3r\ExPolygon.cpp.obj
[58/260] Building CXX object CMakeFiles\libslic3r_from_source.dir\third_party\OrcaSlicer\src\libslic3r\ExPolygonsIndex.cpp.obj
[59/260] Building CXX object CMakeFiles\libslic3r_from_source.dir\third_party\OrcaSlicer\src\libslic3r\Emboss.cpp.obj
C:\Program Files\Microsoft Visual Studio\18\Community\VC\Tools\MSVC\14.50.35717\include\optional(82): warning C4244: “初始化”: 从“_Ty”转换到“float”，可能丢失数据
        with
        [
            _Ty=double
        ]
C:\Program Files\Microsoft Visual Studio\18\Community\VC\Tools\MSVC\14.50.35717\include\optional(82): note: 模板实例化上下文(最早的实例化上下文)为
E:\ai\3DPrinter_Qt6\third_party\OrcaSlicer\src\libslic3r\Emboss.cpp(1694): note: 查看对正在编译的函数 模板 实例化“std::optional<float>::optional<double,0>(_Ty2 &&) noexcept”的引用
        with
        [
            _Ty2=double
        ]
E:\ai\3DPrinter_Qt6\third_party\OrcaSlicer\src\libslic3r\Emboss.cpp(1694): note: 请参阅 "Slic3r::Emboss::calc_up" 中对 "std::optional<float>::optional" 的第一个引用
C:\Program Files\Microsoft Visual Studio\18\Community\VC\Tools\MSVC\14.50.35717\include\optional(272): note: 查看对正在编译的函数 模板 实例化“std::_Optional_construct_base<_Ty>::_Optional_construct_base<double>(std::in_place_t,double &&)”的引用
        with
        [
            _Ty=float
        ]
E:\ai\3DPrinter_Qt6\third_party\OrcaSlicer\src\libslic3r\Emboss.cpp(2182): note: 查看对正在编译的函数 模板 实例化“std::_Optional_destruct_base<_Ty,true>::_Optional_destruct_base<double>(std::in_place_t,double &&) noexcept”的引用
        with
        [
            _Ty=float
        ]
[60/260] Building CXX object CMakeFiles\libslic3r_from_source.dir\third_party\OrcaSlicer\src\libslic3r\Config.cpp.obj
E:\ai\3DPrinter_Qt6\third_party\OrcaSlicer\src\libslic3r\Config.cpp(2034) : warning C4172: 返回局部变量的地址或临时 
[61/260] Building CXX object CMakeFiles\libslic3r_from_source.dir\third_party\OrcaSlicer\src\libslic3r\ExtrusionEntity.cpp.obj
C:\Program Files\Microsoft Visual Studio\18\Community\VC\Tools\MSVC\14.50.35717\include\numeric(33): warning C4267: “=”: 从“size_t”转换到“_Ty”，可能丢失数据
        with
        [
            _Ty=int
        ]
C:\Program Files\Microsoft Visual Studio\18\Community\VC\Tools\MSVC\14.50.35717\include\numeric(33): note: 模板实例化上下文(最早的实例化上下文)为
E:\ai\3DPrinter_Qt6\third_party\OrcaSlicer\src\libslic3r\ExtrusionEntity.hpp(441): note: 查看对正在编译的函数 模板 实例化“_Ty std::accumulate<std::_Vector_const_iterator<std::_Vector_val<std::_Simple_types<Slic3r::ExtrusionPath>>>,int,Slic3r::ExtrusionMultiPath::collect_points::<lambda_abff1419f1e7bad13c439e3f0139ec39>>(const _InIt,const _InIt,_Ty,_Fn)”的引用
        with
        [
            _Ty=int,
            _InIt=std::_Vector_const_iterator<std::_Vector_val<std::_Simple_types<Slic3r::ExtrusionPath>>>,
            _Fn=Slic3r::ExtrusionMultiPath::collect_points::<lambda_abff1419f1e7bad13c439e3f0139ec39>
        ]
[62/260] Building CXX object CMakeFiles\libslic3r_from_source.dir\third_party\OrcaSlicer\src\libslic3r\ExtrusionEntityCollection.cpp.obj
C:\Program Files\Microsoft Visual Studio\18\Community\VC\Tools\MSVC\14.50.35717\include\numeric(33): warning C4267: “=”: 从“size_t”转换到“_Ty”，可能丢失数据
        with
        [
            _Ty=int
        ]
C:\Program Files\Microsoft Visual Studio\18\Community\VC\Tools\MSVC\14.50.35717\include\numeric(33): note: 模板实例化上下文(最早的实例化上下文)为
E:\ai\3DPrinter_Qt6\third_party\OrcaSlicer\src\libslic3r\ExtrusionEntity.hpp(441): note: 查看对正在编译的函数 模板 实例化“_Ty std::accumulate<std::_Vector_const_iterator<std::_Vector_val<std::_Simple_types<Slic3r::ExtrusionPath>>>,int,Slic3r::ExtrusionMultiPath::collect_points::<lambda_abff1419f1e7bad13c439e3f0139ec39>>(const _InIt,const _InIt,_Ty,_Fn)”的引用
        with
        [
            _Ty=int,
            _InIt=std::_Vector_const_iterator<std::_Vector_val<std::_Simple_types<Slic3r::ExtrusionPath>>>,
            _Fn=Slic3r::ExtrusionMultiPath::collect_points::<lambda_abff1419f1e7bad13c439e3f0139ec39>
        ]
[63/260] Building CXX object CMakeFiles\libslic3r_from_source.dir\third_party\OrcaSlicer\src\libslic3r\ExtrusionSimulator.cpp.obj
C:\Program Files\Microsoft Visual Studio\18\Community\VC\Tools\MSVC\14.50.35717\include\numeric(33): warning C4267: “=”: 从“size_t”转换到“_Ty”，可能丢失数据
        with
        [
            _Ty=int
        ]
C:\Program Files\Microsoft Visual Studio\18\Community\VC\Tools\MSVC\14.50.35717\include\numeric(33): note: 模板实例化上下文(最早的实例化上下文)为
E:\ai\3DPrinter_Qt6\third_party\OrcaSlicer\src\libslic3r\ExtrusionEntity.hpp(441): note: 查看对正在编译的函数 模板 实例化“_Ty std::accumulate<std::_Vector_const_iterator<std::_Vector_val<std::_Simple_types<Slic3r::ExtrusionPath>>>,int,Slic3r::ExtrusionMultiPath::collect_points::<lambda_abff1419f1e7bad13c439e3f0139ec39>>(const _InIt,const _InIt,_Ty,_Fn)”的引用
        with
        [
            _Ty=int,
            _InIt=std::_Vector_const_iterator<std::_Vector_val<std::_Simple_types<Slic3r::ExtrusionPath>>>,
            _Fn=Slic3r::ExtrusionMultiPath::collect_points::<lambda_abff1419f1e7bad13c439e3f0139ec39>
        ]
[64/260] Building CXX object CMakeFiles\libslic3r_from_source.dir\third_party\OrcaSlicer\src\libslic3r\ContourZ.cpp.obj
C:\Program Files\Microsoft Visual Studio\18\Community\VC\Tools\MSVC\14.50.35717\include\numeric(33): warning C4267: “=”: 从“size_t”转换到“_Ty”，可能丢失数据
        with
        [
            _Ty=int
        ]
C:\Program Files\Microsoft Visual Studio\18\Community\VC\Tools\MSVC\14.50.35717\include\numeric(33): note: 模板实例化上下文(最早的实例化上下文)为
E:\ai\3DPrinter_Qt6\third_party\OrcaSlicer\src\libslic3r\ExtrusionEntity.hpp(441): note: 查看对正在编译的函数 模板 实例化“_Ty std::accumulate<std::_Vector_const_iterator<std::_Vector_val<std::_Simple_types<Slic3r::ExtrusionPath>>>,int,Slic3r::ExtrusionMultiPath::collect_points::<lambda_abff1419f1e7bad13c439e3f0139ec39>>(const _InIt,const _InIt,_Ty,_Fn)”的引用
        with
        [
            _Ty=int,
            _InIt=std::_Vector_const_iterator<std::_Vector_val<std::_Simple_types<Slic3r::ExtrusionPath>>>,
            _Fn=Slic3r::ExtrusionMultiPath::collect_points::<lambda_abff1419f1e7bad13c439e3f0139ec39>
        ]
[65/260] Building CXX object CMakeFiles\libslic3r_from_source.dir\third_party\OrcaSlicer\src\libslic3r\CutUtils.cpp.obj
C:\Program Files\Microsoft Visual Studio\18\Community\VC\Tools\MSVC\14.50.35717\include\numeric(33): warning C4267: “=”: 从“size_t”转换到“_Ty”，可能丢失数据
        with
        [
            _Ty=int
        ]
C:\Program Files\Microsoft Visual Studio\18\Community\VC\Tools\MSVC\14.50.35717\include\numeric(33): note: 模板实例化上下文(最早的实例化上下文)为
E:\ai\3DPrinter_Qt6\third_party\OrcaSlicer\src\libslic3r/ExtrusionEntity.hpp(441): note: 查看对正在编译的函数 模板 实例化“_Ty std::accumulate<std::_Vector_const_iterator<std::_Vector_val<std::_Simple_types<Slic3r::ExtrusionPath>>>,int,Slic3r::ExtrusionMultiPath::collect_points::<lambda_abff1419f1e7bad13c439e3f0139ec39>>(const _InIt,const _InIt,_Ty,_Fn)”的引用
        with
        [
            _Ty=int,
            _InIt=std::_Vector_const_iterator<std::_Vector_val<std::_Simple_types<Slic3r::ExtrusionPath>>>,
            _Fn=Slic3r::ExtrusionMultiPath::collect_points::<lambda_abff1419f1e7bad13c439e3f0139ec39>
        ]
[66/260] Building CXX object CMakeFiles\libslic3r_from_source.dir\third_party\OrcaSlicer\src\libslic3r\CustomGCode.cpp.obj
C:\Program Files\Microsoft Visual Studio\18\Community\VC\Tools\MSVC\14.50.35717\include\numeric(33): warning C4267: “=”: 从“size_t”转换到“_Ty”，可能丢失数据
        with
        [
            _Ty=int
        ]
C:\Program Files\Microsoft Visual Studio\18\Community\VC\Tools\MSVC\14.50.35717\include\numeric(33): note: 模板实例化上下文(最早的实例化上下文)为
E:\ai\3DPrinter_Qt6\third_party\OrcaSlicer\src\libslic3r\ExtrusionEntity.hpp(441): note: 查看对正在编译的函数 模板 实例化“_Ty std::accumulate<std::_Vector_const_iterator<std::_Vector_val<std::_Simple_types<Slic3r::ExtrusionPath>>>,int,Slic3r::ExtrusionMultiPath::collect_points::<lambda_abff1419f1e7bad13c439e3f0139ec39>>(const _InIt,const _InIt,_Ty,_Fn)”的引用
        with
        [
            _Ty=int,
            _InIt=std::_Vector_const_iterator<std::_Vector_val<std::_Simple_types<Slic3r::ExtrusionPath>>>,
            _Fn=Slic3r::ExtrusionMultiPath::collect_points::<lambda_abff1419f1e7bad13c439e3f0139ec39>
        ]
C:\Program Files\Microsoft Visual Studio\18\Community\VC\Tools\MSVC\14.50.35717\include\utility(274): warning C4244: “初始化”: 从“_Ty”转换到“_Ty2”，可能丢失数据
        with
        [
            _Ty=int
        ]
        and
        [
            _Ty2=float
        ]
C:\Program Files\Microsoft Visual Studio\18\Community\VC\Tools\MSVC\14.50.35717\include\utility(274): note: 模板实例化上下文(最早的实例化上下文)为
E:\ai\3DPrinter_Qt6\third_party\OrcaSlicer\src\libslic3r\GCode/ExtrusionProcessor.hpp(339): note: 查看对正在编译的函数 模板 实例化“std::pair<float,float>::pair<float,int,0>(_Other1 &&,_Other2 &&) noexcept”的引用
        with
        [
            _Other1=float,
            _Other2=int
        ]
E:\ai\3DPrinter_Qt6\third_party\OrcaSlicer\src\libslic3r\GCode/ExtrusionProcessor.hpp(339): note: 请参阅 "Slic3r::ExtrusionQualityEstimator::estimate_extrusion_quality" 中对 "std::pair<float,float>::pair" 的第一个引用
[67/260] Building CXX object CMakeFiles\libslic3r_from_source.dir\third_party\OrcaSlicer\src\libslic3r\Extruder.cpp.obj
[68/260] Building CXX object CMakeFiles\libslic3r_from_source.dir\third_party\OrcaSlicer\src\libslic3r\FlushVolPredictor.cpp.obj
[69/260] Building CXX object CMakeFiles\libslic3r_from_source.dir\third_party\OrcaSlicer\src\libslic3r\FilamentGroupUtils.cpp.obj
C:\Program Files\Microsoft Visual Studio\18\Community\VC\Tools\MSVC\14.50.35717\include\xutility(522): warning C4267: “初始化”: 从“size_t”转换到“_Ty”，可能丢失数据
        with
        [
            _Ty=int
        ]
C:\Program Files\Microsoft Visual Studio\18\Community\VC\Tools\MSVC\14.50.35717\include\xutility(522): note: 模板实例化上下文(最早的实例化上下文)为
E:\ai\3DPrinter_Qt6\third_party\OrcaSlicer\src\libslic3r\FilamentGroupUtils.cpp(260): note: 查看对正在编译的函数 模板 实例化“int &std::vector<int,std::allocator<int>>::emplace_back<size_t&>(size_t &)”的引用
E:\ai\3DPrinter_Qt6\third_party\OrcaSlicer\src\libslic3r\FilamentGroupUtils.cpp(260): note: 请参阅 "Slic3r::FilamentGroupUtils::extract_unprintable_limit_indices" 中对 "std::vector<int,std::allocator<int>>::emplace_back" 的第一个引用
C:\Program Files\Microsoft Visual Studio\18\Community\VC\Tools\MSVC\14.50.35717\include\vector(924): note: 查看对正在编译的函数 模板 实例化“_Ty &std::vector<_Ty,std::allocator<_Ty>>::_Emplace_one_at_back<size_t&>(size_t &)”的引用
        with
        [
            _Ty=int
        ]
C:\Program Files\Microsoft Visual Studio\18\Community\VC\Tools\MSVC\14.50.35717\include\vector(845): note: 查看对正在编译的函数 模板 实例化“_Ty &std::vector<_Ty,std::allocator<_Ty>>::_Emplace_back_with_unused_capacity<size_t&>(size_t &)”的引用
        with
        [
            _Ty=int
        ]
C:\Program Files\Microsoft Visual Studio\18\Community\VC\Tools\MSVC\14.50.35717\include\vector(860): note: 查看对正在编译的函数 模板 实例化“void std::_Construct_in_place<int,size_t&>(_Ty &,size_t &) noexcept”的引用
        with
        [
            _Ty=int
        ]
C:\Program Files\Microsoft Visual Studio\18\Community\VC\Tools\MSVC\14.50.35717\include\xmemory(736): warning C4267: “初始化”: 从“size_t”转换到“_Objty”，可能丢失数据
        with
        [
            _Objty=int
        ]
C:\Program Files\Microsoft Visual Studio\18\Community\VC\Tools\MSVC\14.50.35717\include\xmemory(736): note: 模板实例化上下文(最早的实例化上下文)为
C:\Program Files\Microsoft Visual Studio\18\Community\VC\Tools\MSVC\14.50.35717\include\vector(848): note: 查看对正在编译的函数 模板 实例化“int *std::vector<int,std::allocator<int>>::_Emplace_reallocate<size_t&>(int *const ,size_t &)”的引用
C:\Program Files\Microsoft Visual Studio\18\Community\VC\Tools\MSVC\14.50.35717\include\vector(900): note: 查看对正在编译的函数 模板 实例化“void std::_Default_allocator_traits<_Alloc>::construct<_Ty,size_t&>(_Alloc &,_Objty *const ,size_t &)”的引用
        with
        [
            _Alloc=std::allocator<int>,
            _Ty=int,
            _Objty=int
        ]
[70/260] Building CXX object CMakeFiles\libslic3r_from_source.dir\third_party\OrcaSlicer\src\libslic3r\FilamentGroup.cpp.obj
C:\Program Files\Microsoft Visual Studio\18\Community\VC\Tools\MSVC\14.50.35717\include\xutility(522): warning C4267: “初始化”: 从“size_t”转换到“_Ty”，可能丢失数据
        with
        [
            _Ty=int
        ]
C:\Program Files\Microsoft Visual Studio\18\Community\VC\Tools\MSVC\14.50.35717\include\xutility(522): note: 模板实例化上下文(最早的实例化上下文)为
E:\ai\3DPrinter_Qt6\third_party\OrcaSlicer\src\libslic3r\FilamentGroup.cpp(434): note: 查看对正在编译的函数 模板 实例化“int &std::vector<int,std::allocator<int>>::emplace_back<size_t&>(size_t &)”的引用
E:\ai\3DPrinter_Qt6\third_party\OrcaSlicer\src\libslic3r\FilamentGroup.cpp(434): note: 请参阅 "Slic3r::select_best_group_for_ams" 中对 "std::vector<int,std::allocator<int>>::emplace_back" 的第一个引用
C:\Program Files\Microsoft Visual Studio\18\Community\VC\Tools\MSVC\14.50.35717\include\vector(924): note: 查看对正在编译的函数 模板 实例化“_Ty &std::vector<_Ty,std::allocator<_Ty>>::_Emplace_one_at_back<size_t&>(size_t &)”的引用
        with
        [
            _Ty=int
        ]
C:\Program Files\Microsoft Visual Studio\18\Community\VC\Tools\MSVC\14.50.35717\include\vector(845): note: 查看对正在编译的函数 模板 实例化“_Ty &std::vector<_Ty,std::allocator<_Ty>>::_Emplace_back_with_unused_capacity<size_t&>(size_t &)”的引用
        with
        [
            _Ty=int
        ]
C:\Program Files\Microsoft Visual Studio\18\Community\VC\Tools\MSVC\14.50.35717\include\vector(860): note: 查看对正在编译的函数 模板 实例化“void std::_Construct_in_place<int,size_t&>(_Ty &,size_t &) noexcept”的引用
        with
        [
            _Ty=int
        ]
C:\Program Files\Microsoft Visual Studio\18\Community\VC\Tools\MSVC\14.50.35717\include\xmemory(736): warning C4267: “初始化”: 从“size_t”转换到“_Objty”，可能丢失数据
        with
        [
            _Objty=int
        ]
C:\Program Files\Microsoft Visual Studio\18\Community\VC\Tools\MSVC\14.50.35717\include\xmemory(736): note: 模板实例化上下文(最早的实例化上下文)为
C:\Program Files\Microsoft Visual Studio\18\Community\VC\Tools\MSVC\14.50.35717\include\vector(848): note: 查看对正在编译的函数 模板 实例化“int *std::vector<int,std::allocator<int>>::_Emplace_reallocate<size_t&>(int *const ,size_t &)”的引用
C:\Program Files\Microsoft Visual Studio\18\Community\VC\Tools\MSVC\14.50.35717\include\vector(900): note: 查看对正在编译的函数 模板 实例化“void std::_Default_allocator_traits<_Alloc>::construct<_Ty,size_t&>(_Alloc &,_Objty *const ,size_t &)”的引用
        with
        [
            _Alloc=std::allocator<int>,
            _Ty=int,
            _Objty=int
        ]
C:\Program Files\Microsoft Visual Studio\18\Community\VC\Tools\MSVC\14.50.35717\include\utility(274): warning C4267: “初始化”: 从“size_t”转换到“_Ty1”，可能丢失数据
        with
        [
            _Ty1=const int
        ]
C:\Program Files\Microsoft Visual Studio\18\Community\VC\Tools\MSVC\14.50.35717\include\utility(274): note: 模板实例化上下文(最早的实例化上下文)为
E:\ai\3DPrinter_Qt6\third_party\OrcaSlicer\src\libslic3r\FilamentGroup.cpp(1089): note: 查看对正在编译的函数 模板 实例化“std::pair<std::_List_iterator<std::_List_val<std::_List_simple_types<_Ty>>>,bool> std::_Hash<std::_Umap_traits<_Kty,std::vector<int,std::allocator<int>>,std::_Uhash_compare<_Kty,_Hasher,_Keyeq>,_Alloc,false>>::emplace<size_t&,std::vector<int,std::allocator<int>>>(size_t &,std::vector<int,std::allocator<int>> &&)”的引用
        with
        [
            _Ty=std::pair<const int,std::vector<int,std::allocator<int>>>,
            _Kty=int,
            _Hasher=std::hash<int>,
            _Keyeq=std::equal_to<int>,
            _Alloc=std::allocator<std::pair<const int,std::vector<int,std::allocator<int>>>>
        ]
E:\ai\3DPrinter_Qt6\third_party\OrcaSlicer\src\libslic3r\FilamentGroup.cpp(1089): note: 请参阅 "Slic3r::FilamentGroup::calc_filament_group_for_match::<lambda_25e5f3a9085781b1a2dba7dc28db193a>::operator ()" 中对 "std::_Hash<std::_Umap_traits<_Kty,_Ty,std::_Uhash_compare<_Kty,_Hasher,_Keyeq>,_Alloc,false>>::emplace" 的第一个引用
        with
        [
            _Kty=int,
            _Ty=std::vector<int,std::allocator<int>>,
            _Hasher=std::hash<int>,
            _Keyeq=std::equal_to<int>,
            _Alloc=std::allocator<std::pair<const int,std::vector<int,std::allocator<int>>>>
        ]
C:\Program Files\Microsoft Visual Studio\18\Community\VC\Tools\MSVC\14.50.35717\include\xhash(626): note: 查看对正在编译的函数 模板 实例化“std::_List_node_emplace_op2<std::allocator<std::_List_node<std::pair<const int,std::vector<int,std::allocator<int>>>,std::_Default_allocator_traits<_Alloc>::void_pointer>>>::_List_node_emplace_op2<size_t&,_Ty>(_Alnode &,size_t &,_Ty &&)”的引用
        with
        [
            _Alloc=std::allocator<std::pair<const int,std::vector<int,std::allocator<int>>>>,
            _Ty=std::vector<int,std::allocator<int>>,
            _Alnode=std::allocator<std::_List_node<std::pair<const int,std::vector<int,std::allocator<int>>>,std::_Default_allocator_traits<std::allocator<std::pair<const int,std::vector<int,std::allocator<int>>>>>::void_pointer>>
        ]
C:\Program Files\Microsoft Visual Studio\18\Community\VC\Tools\MSVC\14.50.35717\include\list(595): note: 查看对正在编译的函数 模板 实例化“void std::_Default_allocator_traits<_Alloc>::construct<_Ty,size_t&,std::vector<int,std::allocator<int>>>(_Alloc &,_Objty *const ,size_t &,std::vector<int,std::allocator<int>> &&)”的引用
        with
        [
            _Alloc=std::allocator<std::_List_node<std::pair<const int,std::vector<int,std::allocator<int>>>,std::_Default_allocator_traits<std::allocator<std::pair<const int,std::vector<int,std::allocator<int>>>>>::void_pointer>>,
            _Ty=std::pair<const int,std::vector<int,std::allocator<int>>>,
            _Objty=std::pair<const int,std::vector<int,std::allocator<int>>>
        ]
C:\Program Files\Microsoft Visual Studio\18\Community\VC\Tools\MSVC\14.50.35717\include\xmemory(736): note: 查看对正在编译的函数 模板 实例化“std::pair<const int,std::vector<int,std::allocator<int>>>::pair<size_t&,_Ty,0>(_Other1,_Other2 &&) noexcept”的引用
        with
        [
            _Ty=std::vector<int,std::allocator<int>>,
            _Other1=size_t &,
            _Other2=std::vector<int,std::allocator<int>>
        ]
[71/260] Building CXX object CMakeFiles\libslic3r_from_source.dir\third_party\OrcaSlicer\src\libslic3r\FaceDetector.cpp.obj
C:\Program Files\Microsoft Visual Studio\18\Community\VC\Tools\MSVC\14.50.35717\include\numeric(33): warning C4267: “=”: 从“size_t”转换到“_Ty”，可能丢失数据
        with
        [
            _Ty=int
        ]
C:\Program Files\Microsoft Visual Studio\18\Community\VC\Tools\MSVC\14.50.35717\include\numeric(33): note: 模板实例化上下文(最早的实例化上下文)为
E:\ai\3DPrinter_Qt6\third_party\OrcaSlicer\src\libslic3r/ExtrusionEntity.hpp(441): note: 查看对正在编译的函数 模板 实例化“_Ty std::accumulate<std::_Vector_const_iterator<std::_Vector_val<std::_Simple_types<Slic3r::ExtrusionPath>>>,int,Slic3r::ExtrusionMultiPath::collect_points::<lambda_abff1419f1e7bad13c439e3f0139ec39>>(const _InIt,const _InIt,_Ty,_Fn)”的引用
        with
        [
            _Ty=int,
            _InIt=std::_Vector_const_iterator<std::_Vector_val<std::_Simple_types<Slic3r::ExtrusionPath>>>,
            _Fn=Slic3r::ExtrusionMultiPath::collect_points::<lambda_abff1419f1e7bad13c439e3f0139ec39>
        ]
[72/260] Building CXX object CMakeFiles\libslic3r_from_source.dir\third_party\OrcaSlicer\src\libslic3r\FlushVolCalc.cpp.obj
[73/260] Building CXX object CMakeFiles\libslic3r_from_source.dir\third_party\OrcaSlicer\src\libslic3r\Flow.cpp.obj
C:\Program Files\Microsoft Visual Studio\18\Community\VC\Tools\MSVC\14.50.35717\include\numeric(33): warning C4267: “=”: 从“size_t”转换到“_Ty”，可能丢失数据
        with
        [
            _Ty=int
        ]
C:\Program Files\Microsoft Visual Studio\18\Community\VC\Tools\MSVC\14.50.35717\include\numeric(33): note: 模板实例化上下文(最早的实例化上下文)为
E:\ai\3DPrinter_Qt6\third_party\OrcaSlicer\src\libslic3r\ExtrusionEntity.hpp(441): note: 查看对正在编译的函数 模板 实例化“_Ty std::accumulate<std::_Vector_const_iterator<std::_Vector_val<std::_Simple_types<Slic3r::ExtrusionPath>>>,int,Slic3r::ExtrusionMultiPath::collect_points::<lambda_abff1419f1e7bad13c439e3f0139ec39>>(const _InIt,const _InIt,_Ty,_Fn)”的引用
        with
        [
            _Ty=int,
            _InIt=std::_Vector_const_iterator<std::_Vector_val<std::_Simple_types<Slic3r::ExtrusionPath>>>,
            _Fn=Slic3r::ExtrusionMultiPath::collect_points::<lambda_abff1419f1e7bad13c439e3f0139ec39>
        ]
[74/260] Building CXX object CMakeFiles\libslic3r_from_source.dir\third_party\OrcaSlicer\src\libslic3r\GCodeReader.cpp.obj
[75/260] Building CXX object CMakeFiles\libslic3r_from_source.dir\third_party\OrcaSlicer\src\libslic3r\GCodeWriter.cpp.obj
C:\Program Files\Microsoft Visual Studio\18\Community\VC\Tools\MSVC\14.50.35717\include\numeric(33): warning C4267: “=”: 从“size_t”转换到“_Ty”，可能丢失数据
        with
        [
            _Ty=int
        ]
C:\Program Files\Microsoft Visual Studio\18\Community\VC\Tools\MSVC\14.50.35717\include\numeric(33): note: 模板实例化上下文(最早的实例化上下文)为
E:\ai\3DPrinter_Qt6\third_party\OrcaSlicer\src\libslic3r/ExtrusionEntity.hpp(441): note: 查看对正在编译的函数 模板 实例化“_Ty std::accumulate<std::_Vector_const_iterator<std::_Vector_val<std::_Simple_types<Slic3r::ExtrusionPath>>>,int,Slic3r::ExtrusionMultiPath::collect_points::<lambda_abff1419f1e7bad13c439e3f0139ec39>>(const _InIt,const _InIt,_Ty,_Fn)”的引用
        with
        [
            _Ty=int,
            _InIt=std::_Vector_const_iterator<std::_Vector_val<std::_Simple_types<Slic3r::ExtrusionPath>>>,
            _Fn=Slic3r::ExtrusionMultiPath::collect_points::<lambda_abff1419f1e7bad13c439e3f0139ec39>
        ]
[76/260] Building CXX object CMakeFiles\libslic3r_from_source.dir\third_party\OrcaSlicer\src\libslic3r\Line.cpp.obj
[77/260] Building CXX object CMakeFiles\libslic3r_from_source.dir\third_party\OrcaSlicer\src\libslic3r\LocalesUtils.cpp.obj
[78/260] Building CXX object CMakeFiles\libslic3r_from_source.dir\third_party\OrcaSlicer\src\libslic3r\MaterialType.cpp.obj
[79/260] Building CXX object CMakeFiles\libslic3r_from_source.dir\third_party\OrcaSlicer\src\libslic3r\MinAreaBoundingBox.cpp.obj
[80/260] Building CXX object CMakeFiles\libslic3r_from_source.dir\third_party\OrcaSlicer\src\libslic3r\MinimumSpanningTree.cpp.obj
[81/260] Building CXX object CMakeFiles\libslic3r_from_source.dir\third_party\OrcaSlicer\src\libslic3r\Geometry.cpp.obj
[82/260] Building CXX object CMakeFiles\libslic3r_from_source.dir\third_party\OrcaSlicer\src\libslic3r\Layer.cpp.obj
C:\Program Files\Microsoft Visual Studio\18\Community\VC\Tools\MSVC\14.50.35717\include\numeric(33): warning C4267: “=”: 从“size_t”转换到“_Ty”，可能丢失数据
        with
        [
            _Ty=int
        ]
C:\Program Files\Microsoft Visual Studio\18\Community\VC\Tools\MSVC\14.50.35717\include\numeric(33): note: 模板实例化上下文(最早的实例化上下文)为
E:\ai\3DPrinter_Qt6\third_party\OrcaSlicer\src\libslic3r\ExtrusionEntity.hpp(441): note: 查看对正在编译的函数 模板 实例化“_Ty std::accumulate<std::_Vector_const_iterator<std::_Vector_val<std::_Simple_types<Slic3r::ExtrusionPath>>>,int,Slic3r::ExtrusionMultiPath::collect_points::<lambda_abff1419f1e7bad13c439e3f0139ec39>>(const _InIt,const _InIt,_Ty,_Fn)”的引用
        with
        [
            _Ty=int,
            _InIt=std::_Vector_const_iterator<std::_Vector_val<std::_Simple_types<Slic3r::ExtrusionPath>>>,
            _Fn=Slic3r::ExtrusionMultiPath::collect_points::<lambda_abff1419f1e7bad13c439e3f0139ec39>
        ]
[83/260] Building CXX object CMakeFiles\libslic3r_from_source.dir\third_party\OrcaSlicer\src\libslic3r\GCode.cpp.obj
C:\Program Files\Microsoft Visual Studio\18\Community\VC\Tools\MSVC\14.50.35717\include\numeric(33): warning C4267: “=”: 从“size_t”转换到“_Ty”，可能丢失数据
        with
        [
            _Ty=int
        ]
C:\Program Files\Microsoft Visual Studio\18\Community\VC\Tools\MSVC\14.50.35717\include\numeric(33): note: 模板实例化上下文(最早的实例化上下文)为
E:\ai\3DPrinter_Qt6\third_party\OrcaSlicer\src\libslic3r\ExtrusionEntity.hpp(441): note: 查看对正在编译的函数 模板 实例化“_Ty std::accumulate<std::_Vector_const_iterator<std::_Vector_val<std::_Simple_types<Slic3r::ExtrusionPath>>>,int,Slic3r::ExtrusionMultiPath::collect_points::<lambda_abff1419f1e7bad13c439e3f0139ec39>>(const _InIt,const _InIt,_Ty,_Fn)”的引用
        with
        [
            _Ty=int,
            _InIt=std::_Vector_const_iterator<std::_Vector_val<std::_Simple_types<Slic3r::ExtrusionPath>>>,
            _Fn=Slic3r::ExtrusionMultiPath::collect_points::<lambda_abff1419f1e7bad13c439e3f0139ec39>
        ]
C:\Program Files\Microsoft Visual Studio\18\Community\VC\Tools\MSVC\14.50.35717\include\utility(274): warning C4244: “初始化”: 从“_Ty”转换到“_Ty2”，可能丢失数据
        with
        [
            _Ty=int
        ]
        and
        [
            _Ty2=float
        ]
C:\Program Files\Microsoft Visual Studio\18\Community\VC\Tools\MSVC\14.50.35717\include\utility(274): note: 模板实例化上下文(最早的实例化上下文)为
E:\ai\3DPrinter_Qt6\third_party\OrcaSlicer\src\libslic3r\GCode/ExtrusionProcessor.hpp(339): note: 查看对正在编译的函数 模板 实例化“std::pair<float,float>::pair<float,int,0>(_Other1 &&,_Other2 &&) noexcept”的引用
        with
        [
            _Other1=float,
            _Other2=int
        ]
E:\ai\3DPrinter_Qt6\third_party\OrcaSlicer\src\libslic3r\GCode/ExtrusionProcessor.hpp(339): note: 请参阅 "Slic3r::ExtrusionQualityEstimator::estimate_extrusion_quality" 中对 "std::pair<float,float>::pair" 的第一个引用
C:\Program Files\Microsoft Visual Studio\18\Community\VC\Tools\MSVC\14.50.35717\include\utility(274): warning C4267: “初始化”: 从“size_t”转换到“_Ty1”，可能丢失数据
        with
        [
            _Ty1=int
        ]
C:\Program Files\Microsoft Visual Studio\18\Community\VC\Tools\MSVC\14.50.35717\include\utility(274): note: 模板实例化上下文(最早的实例化上下文)为
E:\ai\3DPrinter_Qt6\third_party\OrcaSlicer\src\libslic3r\GCode.cpp(4013): note: 查看对正在编译的函数 模板 实例化“std::pair<int,int> &std::vector<std::pair<int,int>,std::allocator<std::pair<int,int>>>::emplace_back<size_t&,size_t&>(size_t &,size_t &)”的引用
E:\ai\3DPrinter_Qt6\third_party\OrcaSlicer\src\libslic3r\GCode.cpp(4013): note: 请参阅 "Slic3r::GCode::export_layer_filaments" 中对 "std::vector<std::pair<int,int>,std::allocator<std::pair<int,int>>>::emplace_back" 的第一个引用
C:\Program Files\Microsoft Visual Studio\18\Community\VC\Tools\MSVC\14.50.35717\include\vector(924): note: 查看对正在编译的函数 模板 实例化“_Ty &std::vector<_Ty,std::allocator<_Ty>>::_Emplace_one_at_back<size_t&,size_t&>(size_t &,size_t &)”的引用
        with
        [
            _Ty=std::pair<int,int>
        ]
C:\Program Files\Microsoft Visual Studio\18\Community\VC\Tools\MSVC\14.50.35717\include\vector(845): note: 查看对正在编译的函数 模板 实例化“_Ty &std::vector<_Ty,std::allocator<_Ty>>::_Emplace_back_with_unused_capacity<size_t&,size_t&>(size_t &,size_t &)”的引用
        with
        [
            _Ty=std::pair<int,int>
        ]
C:\Program Files\Microsoft Visual Studio\18\Community\VC\Tools\MSVC\14.50.35717\include\vector(860): note: 查看对正在编译的函数 模板 实例化“void std::_Construct_in_place<std::pair<int,int>,size_t&,size_t&>(_Ty &,size_t &,size_t &) noexcept”的引用
        with
        [
            _Ty=std::pair<int,int>
        ]
C:\Program Files\Microsoft Visual Studio\18\Community\VC\Tools\MSVC\14.50.35717\include\xutility(522): note: 查看对正在编译的函数 模板 实例化“std::pair<int,int>::pair<size_t&,size_t&,0>(_Other1,_Other2) noexcept”的引用
        with
        [
            _Other1=size_t &,
            _Other2=size_t &
        ]
C:\Program Files\Microsoft Visual Studio\18\Community\VC\Tools\MSVC\14.50.35717\include\utility(274): warning C4267: “初始化”: 从“size_t”转换到“_Ty2”，可能丢失数据
        with
        [
            _Ty2=int
        ]
[84/260] Building CXX object CMakeFiles\libslic3r_from_source.dir\third_party\OrcaSlicer\src\libslic3r\LayerRegion.cpp.obj
C:\Program Files\Microsoft Visual Studio\18\Community\VC\Tools\MSVC\14.50.35717\include\numeric(33): warning C4267: “=”: 从“size_t”转换到“_Ty”，可能丢失数据
        with
        [
            _Ty=int
        ]
C:\Program Files\Microsoft Visual Studio\18\Community\VC\Tools\MSVC\14.50.35717\include\numeric(33): note: 模板实例化上下文(最早的实例化上下文)为
E:\ai\3DPrinter_Qt6\third_party\OrcaSlicer\src\libslic3r\ExtrusionEntity.hpp(441): note: 查看对正在编译的函数 模板 实例化“_Ty std::accumulate<std::_Vector_const_iterator<std::_Vector_val<std::_Simple_types<Slic3r::ExtrusionPath>>>,int,Slic3r::ExtrusionMultiPath::collect_points::<lambda_abff1419f1e7bad13c439e3f0139ec39>>(const _InIt,const _InIt,_Ty,_Fn)”的引用
        with
        [
            _Ty=int,
            _InIt=std::_Vector_const_iterator<std::_Vector_val<std::_Simple_types<Slic3r::ExtrusionPath>>>,
            _Fn=Slic3r::ExtrusionMultiPath::collect_points::<lambda_abff1419f1e7bad13c439e3f0139ec39>
        ]
[85/260] Building CXX object CMakeFiles\libslic3r_from_source.dir\third_party\OrcaSlicer\src\libslic3r\MultiPoint.cpp.obj
[86/260] Building CXX object CMakeFiles\libslic3r_from_source.dir\third_party\OrcaSlicer\src\libslic3r\MutablePolygon.cpp.obj
[87/260] Building CXX object CMakeFiles\libslic3r_from_source.dir\third_party\OrcaSlicer\src\libslic3r\NSVGUtils.cpp.obj
[88/260] Building CXX object CMakeFiles\libslic3r_from_source.dir\third_party\OrcaSlicer\src\libslic3r\MultiNozzleUtils.cpp.obj
[89/260] Building CXX object CMakeFiles\libslic3r_from_source.dir\third_party\OrcaSlicer\src\libslic3r\Measure.cpp.obj
[90/260] Building CXX object CMakeFiles\libslic3r_from_source.dir\third_party\OrcaSlicer\src\libslic3r\ObjectID.cpp.obj
[91/260] Building CXX object CMakeFiles\libslic3r_from_source.dir\third_party\OrcaSlicer\src\libslic3r\ObjColorUtils.cpp.obj
[92/260] Building CXX object CMakeFiles\libslic3r_from_source.dir\third_party\OrcaSlicer\src\libslic3r\ModelArrange.cpp.obj
C:\Program Files\Microsoft Visual Studio\18\Community\VC\Tools\MSVC\14.50.35717\include\numeric(33): warning C4267: “=”: 从“size_t”转换到“_Ty”，可能丢失数据
        with
        [
            _Ty=int
        ]
C:\Program Files\Microsoft Visual Studio\18\Community\VC\Tools\MSVC\14.50.35717\include\numeric(33): note: 模板实例化上下文(最早的实例化上下文)为
E:\ai\3DPrinter_Qt6\third_party\OrcaSlicer\src\libslic3r/ExtrusionEntity.hpp(441): note: 查看对正在编译的函数 模板 实例化“_Ty std::accumulate<std::_Vector_const_iterator<std::_Vector_val<std::_Simple_types<Slic3r::ExtrusionPath>>>,int,Slic3r::ExtrusionMultiPath::collect_points::<lambda_abff1419f1e7bad13c439e3f0139ec39>>(const _InIt,const _InIt,_Ty,_Fn)”的引用
        with
        [
            _Ty=int,
            _InIt=std::_Vector_const_iterator<std::_Vector_val<std::_Simple_types<Slic3r::ExtrusionPath>>>,
            _Fn=Slic3r::ExtrusionMultiPath::collect_points::<lambda_abff1419f1e7bad13c439e3f0139ec39>
        ]
[93/260] Building CXX object CMakeFiles\libslic3r_from_source.dir\third_party\OrcaSlicer\src\libslic3r\PNGReadWrite.cpp.obj
[94/260] Building CXX object CMakeFiles\libslic3r_from_source.dir\third_party\OrcaSlicer\src\libslic3r\Model.cpp.obj
C:\Program Files\Microsoft Visual Studio\18\Community\VC\Tools\MSVC\14.50.35717\include\numeric(33): warning C4267: “=”: 从“size_t”转换到“_Ty”，可能丢失数据
        with
        [
            _Ty=int
        ]
C:\Program Files\Microsoft Visual Studio\18\Community\VC\Tools\MSVC\14.50.35717\include\numeric(33): note: 模板实例化上下文(最早的实例化上下文)为
E:\ai\3DPrinter_Qt6\third_party\OrcaSlicer\src\libslic3r/ExtrusionEntity.hpp(441): note: 查看对正在编译的函数 模板 实例化“_Ty std::accumulate<std::_Vector_const_iterator<std::_Vector_val<std::_Simple_types<Slic3r::ExtrusionPath>>>,int,Slic3r::ExtrusionMultiPath::collect_points::<lambda_abff1419f1e7bad13c439e3f0139ec39>>(const _InIt,const _InIt,_Ty,_Fn)”的引用
        with
        [
            _Ty=int,
            _InIt=std::_Vector_const_iterator<std::_Vector_val<std::_Simple_types<Slic3r::ExtrusionPath>>>,
            _Fn=Slic3r::ExtrusionMultiPath::collect_points::<lambda_abff1419f1e7bad13c439e3f0139ec39>
        ]
C:\Program Files\Microsoft Visual Studio\18\Community\VC\Tools\MSVC\14.50.35717\include\utility(274): warning C4267: “初始化”: 从“size_t”转换到“_Ty1”，可能丢失数据
        with
        [
            _Ty1=const int
        ]
C:\Program Files\Microsoft Visual Studio\18\Community\VC\Tools\MSVC\14.50.35717\include\utility(274): note: 模板实例化上下文(最早的实例化上下文)为
E:\ai\3DPrinter_Qt6\third_party\OrcaSlicer\src\libslic3r\Model.cpp(516): note: 查看对正在编译的函数 模板 实例化“std::pair<std::_Tree_iterator<std::_Tree_val<std::_Tree_simple_types<std::pair<const int,int>>>>,bool> std::_Tree<std::_Tmap_traits<_Kty,_Ty,_Pr,_Alloc,false>>::emplace<size_t,_Ty2&>(size_t &&,_Ty2 &)”的引用
        with
        [
            _Kty=int,
            _Ty=int,
            _Pr=std::less<int>,
            _Alloc=std::allocator<std::pair<const int,int>>,
            _Ty2=int
        ]
E:\ai\3DPrinter_Qt6\third_party\OrcaSlicer\src\libslic3r\Model.cpp(516): note: 请参阅 "Slic3r::Model::add_object" 中对 "std::_Tree<std::_Tmap_traits<_Kty,_Ty,_Pr,_Alloc,false>>::emplace" 的第一个引用
        with
        [
            _Kty=int,
            _Ty=int,
            _Pr=std::less<int>,
            _Alloc=std::allocator<std::pair<const int,int>>
        ]
C:\Program Files\Microsoft Visual Studio\18\Community\VC\Tools\MSVC\14.50.35717\include\xtree(1059): note: 查看对正在编译的函数 模板 实例化“std::pair<std::_Tree_node<std::pair<const int,int>,std::_Default_allocator_traits<_Alloc>::void_pointer> *,bool> std::_Tree<std::_Tmap_traits<_Kty,_Ty,_Pr,_Alloc,false>>::_Emplace<unsigned __int64,int&>(unsigned __int64 &&,int &)”的引用
        with
        [
            _Alloc=std::allocator<std::pair<const int,int>>,
            _Kty=int,
            _Ty=int,
            _Pr=std::less<int>
        ]
C:\Program Files\Microsoft Visual Studio\18\Community\VC\Tools\MSVC\14.50.35717\include\xtree(1037): note: 查看对正在编译的函数 模板 实例化“std::_Tree_temp_node<std::allocator<std::_Tree_node<std::pair<const int,int>,std::_Default_allocator_traits<_Alloc>::void_pointer>>>::_Tree_temp_node<_Ty,int&>(_Alnode &,std::_Tree_node<std::pair<const int,int>,std::_Default_allocator_traits<_Alloc>::void_pointer> *,_Ty &&,int &)”的引用
        with
        [
            _Alloc=std::allocator<std::pair<const int,int>>,
            _Ty=size_t,
            _Alnode=std::allocator<std::_Tree_node<std::pair<const int,int>,std::_Default_allocator_traits<std::allocator<std::pair<const int,int>>>::void_pointer>>
        ]
C:\Program Files\Microsoft Visual Studio\18\Community\VC\Tools\MSVC\14.50.35717\include\xtree(841): note: 查看对正在编译的函数 模板 实例化“void std::_Default_allocator_traits<_Alloc>::construct<_Ty,unsigned __int64,int&>(_Alloc &,_Objty *const ,unsigned __int64 &&,int &)”的引用
        with
        [
            _Alloc=std::allocator<std::_Tree_node<std::pair<const int,int>,std::_Default_allocator_traits<std::allocator<std::pair<const int,int>>>::void_pointer>>,
            _Ty=std::pair<const int,int>,
            _Objty=std::pair<const int,int>
        ]
C:\Program Files\Microsoft Visual Studio\18\Community\VC\Tools\MSVC\14.50.35717\include\xmemory(736): note: 查看对正在编译的函数 模板 实例化“std::pair<const int,int>::pair<_Ty,int&,0>(_Other1 &&,_Other2) noexcept”的引用
        with
        [
            _Ty=size_t,
            _Other1=size_t,
            _Other2=int &
        ]
C:\Program Files\Microsoft Visual Studio\18\Community\VC\Tools\MSVC\14.50.35717\include\utility(303): warning C4267: “初始化”: 从“size_t”转换到“_Ty1”，可能丢失数据
        with
        [
            _Ty1=const int
        ]
C:\Program Files\Microsoft Visual Studio\18\Community\VC\Tools\MSVC\14.50.35717\include\utility(303): note: 模板实例化上下文(最早的实例化上下文)为
E:\ai\3DPrinter_Qt6\third_party\OrcaSlicer\src\libslic3r\Model.cpp(610): note: 查看对正在编译的函数 模板 实例化“std::pair<std::_Tree_iterator<std::_Tree_val<std::_Tree_simple_types<std::pair<const int,int>>>>,bool> std::map<int,int,std::less<int>,std::allocator<std::pair<const int,int>>>::insert<std::pair<unsigned __int64,int>,0>(_Valty &&)”的引用
        with
        [
            _Valty=std::pair<unsigned __int64,int>
        ]
E:\ai\3DPrinter_Qt6\third_party\OrcaSlicer\src\libslic3r\Model.cpp(610): note: 请参阅 "Slic3r::Model::get_object_backup_id" 中对 "std::map<int,int,std::less<int>,std::allocator<std::pair<const int,int>>>::insert" 的第一个引用
C:\Program Files\Microsoft Visual Studio\18\Community\VC\Tools\MSVC\14.50.35717\include\map(186): note: 查看对正在编译的函数 模板 实例化“std::pair<std::_Tree_iterator<std::_Tree_val<std::_Tree_simple_types<std::pair<const int,int>>>>,bool> std::_Tree<std::_Tmap_traits<_Kty,_Ty,_Pr,_Alloc,false>>::emplace<std::pair<unsigned __int64,int>>(std::pair<unsigned __int64,int> &&)”的引用
        with
        [
            _Kty=int,
            _Ty=int,
            _Pr=std::less<int>,
            _Alloc=std::allocator<std::pair<const int,int>>
        ]
C:\Program Files\Microsoft Visual Studio\18\Community\VC\Tools\MSVC\14.50.35717\include\xtree(1059): note: 查看对正在编译的函数 模板 实例化“std::pair<std::_Tree_node<std::pair<const int,int>,std::_Default_allocator_traits<_Alloc>::void_pointer> *,bool> std::_Tree<std::_Tmap_traits<_Kty,_Ty,_Pr,_Alloc,false>>::_Emplace<std::pair<unsigned __int64,int>>(std::pair<unsigned __int64,int> &&)”的引用
        with
        [
            _Alloc=std::allocator<std::pair<const int,int>>,
            _Kty=int,
            _Ty=int,
            _Pr=std::less<int>
        ]
C:\Program Files\Microsoft Visual Studio\18\Community\VC\Tools\MSVC\14.50.35717\include\xtree(1037): note: 查看对正在编译的函数 模板 实例化“std::_Tree_temp_node<std::allocator<std::_Tree_node<std::pair<const int,int>,std::_Default_allocator_traits<_Alloc>::void_pointer>>>::_Tree_temp_node<_Ty>(_Alnode &,std::_Tree_node<std::pair<const int,int>,std::_Default_allocator_traits<_Alloc>::void_pointer> *,_Ty &&)”的引用
        with
        [
            _Alloc=std::allocator<std::pair<const int,int>>,
            _Ty=std::pair<unsigned __int64,int>,
            _Alnode=std::allocator<std::_Tree_node<std::pair<const int,int>,std::_Default_allocator_traits<std::allocator<std::pair<const int,int>>>::void_pointer>>
        ]
C:\Program Files\Microsoft Visual Studio\18\Community\VC\Tools\MSVC\14.50.35717\include\xtree(841): note: 查看对正在编译的函数 模板 实例化“void std::_Default_allocator_traits<_Alloc>::construct<_Ty,std::pair<unsigned __int64,int>>(_Alloc &,_Objty *const ,std::pair<unsigned __int64,int> &&)”的引用
        with
        [
            _Alloc=std::allocator<std::_Tree_node<std::pair<const int,int>,std::_Default_allocator_traits<std::allocator<std::pair<const int,int>>>::void_pointer>>,
            _Ty=std::pair<const int,int>,
            _Objty=std::pair<const int,int>
        ]
C:\Program Files\Microsoft Visual Studio\18\Community\VC\Tools\MSVC\14.50.35717\include\xmemory(736): note: 查看对正在编译的函数 模板 实例化“std::pair<const int,int>::pair<unsigned __int64,int,0>(std::pair<unsigned __int64,int> &&) noexcept”的引用
[95/260] Building CXX object CMakeFiles\libslic3r_from_source.dir\third_party\OrcaSlicer\src\libslic3r\MultiMaterialSegmentation.cpp.obj
C:\Program Files\Microsoft Visual Studio\18\Community\VC\Tools\MSVC\14.50.35717\include\numeric(33): warning C4267: “=”: 从“size_t”转换到“_Ty”，可能丢失数据
        with
        [
            _Ty=int
        ]
C:\Program Files\Microsoft Visual Studio\18\Community\VC\Tools\MSVC\14.50.35717\include\numeric(33): note: 模板实例化上下文(最早的实例化上下文)为
E:\ai\3DPrinter_Qt6\third_party\OrcaSlicer\src\libslic3r\ExtrusionEntity.hpp(441): note: 查看对正在编译的函数 模板 实例化“_Ty std::accumulate<std::_Vector_const_iterator<std::_Vector_val<std::_Simple_types<Slic3r::ExtrusionPath>>>,int,Slic3r::ExtrusionMultiPath::collect_points::<lambda_abff1419f1e7bad13c439e3f0139ec39>>(const _InIt,const _InIt,_Ty,_Fn)”的引用
        with
        [
            _Ty=int,
            _InIt=std::_Vector_const_iterator<std::_Vector_val<std::_Simple_types<Slic3r::ExtrusionPath>>>,
            _Fn=Slic3r::ExtrusionMultiPath::collect_points::<lambda_abff1419f1e7bad13c439e3f0139ec39>
        ]
[96/260] Building CXX object CMakeFiles\libslic3r_from_source.dir\third_party\OrcaSlicer\src\libslic3r\Platform.cpp.obj
[97/260] Building CXX object CMakeFiles\libslic3r_from_source.dir\third_party\OrcaSlicer\src\libslic3r\Point.cpp.obj
[98/260] Building CXX object CMakeFiles\libslic3r_from_source.dir\third_party\OrcaSlicer\src\libslic3r\Polygon.cpp.obj
[99/260] Building CXX object CMakeFiles\libslic3r_from_source.dir\third_party\OrcaSlicer\src\libslic3r\NormalUtils.cpp.obj
C:\Program Files\Microsoft Visual Studio\18\Community\VC\Tools\MSVC\14.50.35717\include\numeric(33): warning C4267: “=”: 从“size_t”转换到“_Ty”，可能丢失数据
        with
        [
            _Ty=int
        ]
C:\Program Files\Microsoft Visual Studio\18\Community\VC\Tools\MSVC\14.50.35717\include\numeric(33): note: 模板实例化上下文(最早的实例化上下文)为
E:\ai\3DPrinter_Qt6\third_party\OrcaSlicer\src\libslic3r/ExtrusionEntity.hpp(441): note: 查看对正在编译的函数 模板 实例化“_Ty std::accumulate<std::_Vector_const_iterator<std::_Vector_val<std::_Simple_types<Slic3r::ExtrusionPath>>>,int,Slic3r::ExtrusionMultiPath::collect_points::<lambda_abff1419f1e7bad13c439e3f0139ec39>>(const _InIt,const _InIt,_Ty,_Fn)”的引用
        with
        [
            _Ty=int,
            _InIt=std::_Vector_const_iterator<std::_Vector_val<std::_Simple_types<Slic3r::ExtrusionPath>>>,
            _Fn=Slic3r::ExtrusionMultiPath::collect_points::<lambda_abff1419f1e7bad13c439e3f0139ec39>
        ]
[100/260] Building CXX object CMakeFiles\libslic3r_from_source.dir\third_party\OrcaSlicer\src\libslic3r\PolygonTrimmer.cpp.obj
[101/260] Building CXX object CMakeFiles\libslic3r_from_source.dir\third_party\OrcaSlicer\src\libslic3r\ParameterUtils.cpp.obj
[102/260] Building CXX object CMakeFiles\libslic3r_from_source.dir\third_party\OrcaSlicer\src\libslic3r\Polyline.cpp.obj
[103/260] Building CXX object CMakeFiles\libslic3r_from_source.dir\third_party\OrcaSlicer\src\libslic3r\PrincipalComponents2D.cpp.obj
[104/260] Building CXX object CMakeFiles\libslic3r_from_source.dir\third_party\OrcaSlicer\src\libslic3r\Orient.cpp.obj
C:\Program Files\Microsoft Visual Studio\18\Community\VC\Tools\MSVC\14.50.35717\include\numeric(33): warning C4267: “=”: 从“size_t”转换到“_Ty”，可能丢失数据
        with
        [
            _Ty=int
        ]
C:\Program Files\Microsoft Visual Studio\18\Community\VC\Tools\MSVC\14.50.35717\include\numeric(33): note: 模板实例化上下文(最早的实例化上下文)为
E:\ai\3DPrinter_Qt6\third_party\OrcaSlicer\src\libslic3r/ExtrusionEntity.hpp(441): note: 查看对正在编译的函数 模板 实例化“_Ty std::accumulate<std::_Vector_const_iterator<std::_Vector_val<std::_Simple_types<Slic3r::ExtrusionPath>>>,int,Slic3r::ExtrusionMultiPath::collect_points::<lambda_abff1419f1e7bad13c439e3f0139ec39>>(const _InIt,const _InIt,_Ty,_Fn)”的引用
        with
        [
            _Ty=int,
            _InIt=std::_Vector_const_iterator<std::_Vector_val<std::_Simple_types<Slic3r::ExtrusionPath>>>,
            _Fn=Slic3r::ExtrusionMultiPath::collect_points::<lambda_abff1419f1e7bad13c439e3f0139ec39>
        ]
C:\Program Files\Microsoft Visual Studio\18\Community\VC\Tools\MSVC\14.50.35717\include\utility(303): warning C4244: “初始化”: 从“_Ty”转换到“_Ty2”，可能丢失数据
        with
        [
            _Ty=int
        ]
        and
        [
            _Ty2=float
        ]
C:\Program Files\Microsoft Visual Studio\18\Community\VC\Tools\MSVC\14.50.35717\include\utility(303): note: 模板实例化上下文(最早的实例化上下文)为
E:\ai\3DPrinter_Qt6\third_party\OrcaSlicer\src\libslic3r\Orient.cpp(242): note: 查看对正在编译的函数 模板 实例化“std::pair<std::_List_iterator<std::_List_val<std::_List_simple_types<_Ty>>>,bool> std::unordered_map<stl_normal,float,Slic3r::orientation::AutoOrienter::VecHash,std::equal_to<Slic3r::Vec3f>,std::allocator<_Ty>>::insert<std::pair<Eigen::Block<const Derived,1,-1,false>,int>,0>(_Valty &&)”的引用
        with
        [
            _Ty=std::pair<const stl_normal,float>,
            Derived=Eigen::Matrix<float,-1,-1,0,-1,-1>,
            _Valty=std::pair<Eigen::Block<const Eigen::Matrix<float,-1,-1,0,-1,-1>,1,-1,false>,int>
        ]
E:\ai\3DPrinter_Qt6\third_party\OrcaSlicer\src\libslic3r\Orient.cpp(242): note: 请参阅 "Slic3r::orientation::AutoOrienter::area_cumulation" 中对 "std::unordered_map<stl_normal,float,Slic3r::orientation::AutoOrienter::VecHash,std::equal_to<Slic3r::Vec3f>,std::allocator<std::pair<const stl_normal,float>>>::insert" 的第一个引用
C:\Program Files\Microsoft Visual Studio\18\Community\VC\Tools\MSVC\14.50.35717\include\unordered_map(271): note: 查看对正在编译的函数 模板 实例化“std::pair<std::_List_iterator<std::_List_val<std::_List_simple_types<_Ty>>>,bool> std::_Hash<std::_Umap_traits<_Kty,float,std::_Uhash_compare<_Kty,_Hasher,_Keyeq>,_Alloc,false>>::emplace<std::pair<Eigen::Block<const Derived,1,-1,false>,int>>(std::pair<Eigen::Block<const Derived,1,-1,false>,int> &&)”的引用
        with
        [
            _Ty=std::pair<const stl_normal,float>,
            _Kty=stl_normal,
            _Hasher=Slic3r::orientation::AutoOrienter::VecHash,
            _Keyeq=std::equal_to<Slic3r::Vec3f>,
            _Alloc=std::allocator<std::pair<const stl_normal,float>>,
            Derived=Eigen::Matrix<float,-1,-1,0,-1,-1>
        ]
C:\Program Files\Microsoft Visual Studio\18\Community\VC\Tools\MSVC\14.50.35717\include\xhash(626): note: 查看对正在编译的函数 模板 实例化“std::_List_node_emplace_op2<std::allocator<std::_List_node<std::pair<const stl_normal,float>,std::_Default_allocator_traits<_Alloc>::void_pointer>>>::_List_node_emplace_op2<_Ty>(_Alnode &,_Ty &&)”的引用
        with
        [
            _Alloc=std::allocator<std::pair<const stl_normal,float>>,
            _Ty=std::pair<Eigen::Block<const Eigen::Matrix<float,-1,-1,0,-1,-1>,1,-1,false>,int>,
            _Alnode=std::allocator<std::_List_node<std::pair<const stl_normal,float>,std::_Default_allocator_traits<std::allocator<std::pair<const stl_normal,float>>>::void_pointer>>
        ]
C:\Program Files\Microsoft Visual Studio\18\Community\VC\Tools\MSVC\14.50.35717\include\list(595): note: 查看对正在编译的函数 模板 实例化“void std::_Default_allocator_traits<_Alloc>::construct<_Ty,std::pair<Eigen::Block<const Derived,1,-1,false>,int>>(_Alloc &,_Objty *const ,std::pair<Eigen::Block<const Derived,1,-1,false>,int> &&)”的引用
        with
        [
            _Alloc=std::allocator<std::_List_node<std::pair<const stl_normal,float>,std::_Default_allocator_traits<std::allocator<std::pair<const stl_normal,float>>>::void_pointer>>,
            _Ty=std::pair<const stl_normal,float>,
            Derived=Eigen::Matrix<float,-1,-1,0,-1,-1>,
            _Objty=std::pair<const stl_normal,float>
        ]
C:\Program Files\Microsoft Visual Studio\18\Community\VC\Tools\MSVC\14.50.35717\include\xmemory(736): note: 查看对正在编译的函数 模板 实例化“std::pair<const stl_normal,float>::pair<Eigen::Block<const Derived,1,-1,false>,int,0>(std::pair<Eigen::Block<const Derived,1,-1,false>,int> &&) noexcept(false)”的引用
        with
        [
            Derived=Eigen::Matrix<float,-1,-1,0,-1,-1>
        ]
[105/260] Building CXX object CMakeFiles\libslic3r_from_source.dir\third_party\OrcaSlicer\src\libslic3r\PerimeterGenerator.cpp.obj
C:\Program Files\Microsoft Visual Studio\18\Community\VC\Tools\MSVC\14.50.35717\include\numeric(33): warning C4267: “=”: 从“size_t”转换到“_Ty”，可能丢失数据
        with
        [
            _Ty=int
        ]
C:\Program Files\Microsoft Visual Studio\18\Community\VC\Tools\MSVC\14.50.35717\include\numeric(33): note: 模板实例化上下文(最早的实例化上下文)为
E:\ai\3DPrinter_Qt6\third_party\OrcaSlicer\src\libslic3r\ExtrusionEntity.hpp(441): note: 查看对正在编译的函数 模板 实例化“_Ty std::accumulate<std::_Vector_const_iterator<std::_Vector_val<std::_Simple_types<Slic3r::ExtrusionPath>>>,int,Slic3r::ExtrusionMultiPath::collect_points::<lambda_abff1419f1e7bad13c439e3f0139ec39>>(const _InIt,const _InIt,_Ty,_Fn)”的引用
        with
        [
            _Ty=int,
            _InIt=std::_Vector_const_iterator<std::_Vector_val<std::_Simple_types<Slic3r::ExtrusionPath>>>,
            _Fn=Slic3r::ExtrusionMultiPath::collect_points::<lambda_abff1419f1e7bad13c439e3f0139ec39>
        ]
[106/260] Building CXX object CMakeFiles\libslic3r_from_source.dir\third_party\OrcaSlicer\src\libslic3r\Preset.cpp.obj
E:\ai\3DPrinter_Qt6\third_party\OrcaSlicer\src\libslic3r\Preset.cpp(11): warning C4005: “NOMINMAX”: 宏重定义
E:\ai\3DPrinter_Qt6\third_party\OrcaSlicer\src\libslic3r\Preset.cpp(11): note: 之前在命令行上声明的“NOMINMAX”
[107/260] Building CXX object CMakeFiles\libslic3r_from_source.dir\third_party\OrcaSlicer\src\libslic3r\PresetBundle.cpp.obj
C:\Program Files\Microsoft Visual Studio\18\Community\VC\Tools\MSVC\14.50.35717\include\numeric(33): warning C4267: “=”: 从“size_t”转换到“_Ty”，可能丢失数据
        with
        [
            _Ty=int
        ]
C:\Program Files\Microsoft Visual Studio\18\Community\VC\Tools\MSVC\14.50.35717\include\numeric(33): note: 模板实例化上下文(最早的实例化上下文)为
E:\ai\3DPrinter_Qt6\third_party\OrcaSlicer\src\libslic3r/ExtrusionEntity.hpp(441): note: 查看对正在编译的函数 模板 实例化“_Ty std::accumulate<std::_Vector_const_iterator<std::_Vector_val<std::_Simple_types<Slic3r::ExtrusionPath>>>,int,Slic3r::ExtrusionMultiPath::collect_points::<lambda_abff1419f1e7bad13c439e3f0139ec39>>(const _InIt,const _InIt,_Ty,_Fn)”的引用
        with
        [
            _Ty=int,
            _InIt=std::_Vector_const_iterator<std::_Vector_val<std::_Simple_types<Slic3r::ExtrusionPath>>>,
            _Fn=Slic3r::ExtrusionMultiPath::collect_points::<lambda_abff1419f1e7bad13c439e3f0139ec39>
        ]
[108/260] Building CXX object CMakeFiles\libslic3r_from_source.dir\third_party\OrcaSlicer\src\libslic3r\PrintBase.cpp.obj
C:\Program Files\Microsoft Visual Studio\18\Community\VC\Tools\MSVC\14.50.35717\include\numeric(33): warning C4267: “=”: 从“size_t”转换到“_Ty”，可能丢失数据
        with
        [
            _Ty=int
        ]
C:\Program Files\Microsoft Visual Studio\18\Community\VC\Tools\MSVC\14.50.35717\include\numeric(33): note: 模板实例化上下文(最早的实例化上下文)为
E:\ai\3DPrinter_Qt6\third_party\OrcaSlicer\src\libslic3r/ExtrusionEntity.hpp(441): note: 查看对正在编译的函数 模板 实例化“_Ty std::accumulate<std::_Vector_const_iterator<std::_Vector_val<std::_Simple_types<Slic3r::ExtrusionPath>>>,int,Slic3r::ExtrusionMultiPath::collect_points::<lambda_abff1419f1e7bad13c439e3f0139ec39>>(const _InIt,const _InIt,_Ty,_Fn)”的引用
        with
        [
            _Ty=int,
            _InIt=std::_Vector_const_iterator<std::_Vector_val<std::_Simple_types<Slic3r::ExtrusionPath>>>,
            _Fn=Slic3r::ExtrusionMultiPath::collect_points::<lambda_abff1419f1e7bad13c439e3f0139ec39>
        ]
[109/260] Building CXX object CMakeFiles\libslic3r_from_source.dir\third_party\OrcaSlicer\src\libslic3r\Print.cpp.obj
C:\Program Files\Microsoft Visual Studio\18\Community\VC\Tools\MSVC\14.50.35717\include\numeric(33): warning C4267: “=”: 从“size_t”转换到“_Ty”，可能丢失数据
        with
        [
            _Ty=int
        ]
C:\Program Files\Microsoft Visual Studio\18\Community\VC\Tools\MSVC\14.50.35717\include\numeric(33): note: 模板实例化上下文(最早的实例化上下文)为
E:\ai\3DPrinter_Qt6\third_party\OrcaSlicer\src\libslic3r/ExtrusionEntity.hpp(441): note: 查看对正在编译的函数 模板 实例化“_Ty std::accumulate<std::_Vector_const_iterator<std::_Vector_val<std::_Simple_types<Slic3r::ExtrusionPath>>>,int,Slic3r::ExtrusionMultiPath::collect_points::<lambda_abff1419f1e7bad13c439e3f0139ec39>>(const _InIt,const _InIt,_Ty,_Fn)”的引用
        with
        [
            _Ty=int,
            _InIt=std::_Vector_const_iterator<std::_Vector_val<std::_Simple_types<Slic3r::ExtrusionPath>>>,
            _Fn=Slic3r::ExtrusionMultiPath::collect_points::<lambda_abff1419f1e7bad13c439e3f0139ec39>
        ]
C:\Program Files\Microsoft Visual Studio\18\Community\VC\Tools\MSVC\14.50.35717\include\utility(274): warning C4244: “初始化”: 从“_Ty”转换到“_Ty2”，可能丢失数据
        with
        [
            _Ty=int
        ]
        and
        [
            _Ty2=float
        ]
C:\Program Files\Microsoft Visual Studio\18\Community\VC\Tools\MSVC\14.50.35717\include\utility(274): note: 模板实例化上下文(最早的实例化上下文)为
E:\ai\3DPrinter_Qt6\third_party\OrcaSlicer\src\libslic3r\GCode/ExtrusionProcessor.hpp(339): note: 查看对正在编译的函数 模板 实例化“std::pair<float,float>::pair<float,int,0>(_Other1 &&,_Other2 &&) noexcept”的引用
        with
        [
            _Other1=float,
            _Other2=int
        ]
E:\ai\3DPrinter_Qt6\third_party\OrcaSlicer\src\libslic3r\GCode/ExtrusionProcessor.hpp(339): note: 请参阅 "Slic3r::ExtrusionQualityEstimator::estimate_extrusion_quality" 中对 "std::pair<float,float>::pair" 的第一个引用
C:\Program Files\Microsoft Visual Studio\18\Community\VC\Tools\MSVC\14.50.35717\include\utility(415): warning C4244: “=”: 从“_Ty”转换到“_Ty2”，可能丢失数据
        with
        [
            _Ty=double
        ]
        and
        [
            _Ty2=float
        ]
C:\Program Files\Microsoft Visual Studio\18\Community\VC\Tools\MSVC\14.50.35717\include\utility(415): note: 模板实例化上下文(最早的实例化上下文)为
E:\ai\3DPrinter_Qt6\third_party\OrcaSlicer\src\libslic3r\Print.cpp(925): note: 查看对正在编译的函数 模板 实例化“std::pair<Slic3r::Polygon,float> &std::pair<Slic3r::Polygon,float>::operator =<Slic3r::Polygon,double,0>(std::pair<Slic3r::Polygon,double> &&) noexcept(false)”的引用
E:\ai\3DPrinter_Qt6\third_party\OrcaSlicer\src\libslic3r\Print.cpp(925): note: 请参阅 "Slic3r::Print::sequential_print_clearance_valid" 中对 "std::pair<Slic3r::Polygon,float>::operator =" 的第一个引用
C:\Program Files\Microsoft Visual Studio\18\Community\VC\Tools\MSVC\14.50.35717\include\tuple(132): warning C4244: “初始化”: 从“_Ty”转换到“_Ty”，可能丢失数据
        with
        [
            _Ty=int
        ]
        and
        [
            _Ty=float
        ]
C:\Program Files\Microsoft Visual Studio\18\Community\VC\Tools\MSVC\14.50.35717\include\tuple(132): note: 模板实例化上下文(最早的实例化上下文)为
E:\ai\3DPrinter_Qt6\third_party\OrcaSlicer\src\libslic3r\Print.cpp(4382): note: 查看对正在编译的函数 模板 实例化“std::tuple<float,float>::tuple<int,int,0>(std::tuple<int,int> &&) noexcept”的引用
E:\ai\3DPrinter_Qt6\third_party\OrcaSlicer\src\libslic3r\Print.cpp(4382): note: 请参阅 "Slic3r::Print::object_skirt_offset" 中对 "std::tuple<float,float>::tuple" 的第一个引用
C:\Program Files\Microsoft Visual Studio\18\Community\VC\Tools\MSVC\14.50.35717\include\tuple(375): note: 查看对正在编译的函数 模板 实例化“std::tuple<float,float>::tuple<std::_Unpack_tuple_t,std::tuple<int,int>,0>(_Tag,_Tpl &&)”的引用
        with
        [
            _Tag=std::_Unpack_tuple_t,
            _Tpl=std::tuple<int,int>
        ]
C:\Program Files\Microsoft Visual Studio\18\Community\VC\Tools\MSVC\14.50.35717\include\tuple(308): note: 查看对正在编译的函数 模板 实例化“std::tuple<float,float>::tuple<std::_Unpack_tuple_t,_Ty,0,1,0>(_Tag,_Tpl &&,std::integer_sequence<size_t,0,1>)”的引用
        with
        [
            _Ty=std::tuple<int,int>,
            _Tag=std::_Unpack_tuple_t,
            _Tpl=std::tuple<int,int>
        ]
C:\Program Files\Microsoft Visual Studio\18\Community\VC\Tools\MSVC\14.50.35717\include\tuple(983): note: 查看对正在编译的函数 模板 实例化“std::tuple<float,float>::tuple<std::_Exact_args_t,int,int,0>(_Tag,_This2 &&,int &&)”的引用
        with
        [
            _Tag=std::_Exact_args_t,
            _This2=int
        ]
C:\Program Files\Microsoft Visual Studio\18\Community\VC\Tools\MSVC\14.50.35717\include\tuple(301): note: 查看对正在编译的函数 模板 实例化“std::_Tuple_val<_This>::_Tuple_val<_Ty>(_Other &&)”的引用
        with
        [
            _This=float,
            _Ty=int,
            _Other=int
        ]
[110/260] Building CXX object CMakeFiles\libslic3r_from_source.dir\third_party\OrcaSlicer\src\libslic3r\PrintApply.cpp.obj
C:\Program Files\Microsoft Visual Studio\18\Community\VC\Tools\MSVC\14.50.35717\include\numeric(33): warning C4267: “=”: 从“size_t”转换到“_Ty”，可能丢失数据
        with
        [
            _Ty=int
        ]
C:\Program Files\Microsoft Visual Studio\18\Community\VC\Tools\MSVC\14.50.35717\include\numeric(33): note: 模板实例化上下文(最早的实例化上下文)为
E:\ai\3DPrinter_Qt6\third_party\OrcaSlicer\src\libslic3r/ExtrusionEntity.hpp(441): note: 查看对正在编译的函数 模板 实例化“_Ty std::accumulate<std::_Vector_const_iterator<std::_Vector_val<std::_Simple_types<Slic3r::ExtrusionPath>>>,int,Slic3r::ExtrusionMultiPath::collect_points::<lambda_abff1419f1e7bad13c439e3f0139ec39>>(const _InIt,const _InIt,_Ty,_Fn)”的引用
        with
        [
            _Ty=int,
            _InIt=std::_Vector_const_iterator<std::_Vector_val<std::_Simple_types<Slic3r::ExtrusionPath>>>,
            _Fn=Slic3r::ExtrusionMultiPath::collect_points::<lambda_abff1419f1e7bad13c439e3f0139ec39>
        ]
C:\Program Files\Microsoft Visual Studio\18\Community\VC\Tools\MSVC\14.50.35717\include\xutility(522): warning C4267: “初始化”: 从“size_t”转换到“_Ty”，可能丢失数据
        with
        [
            _Ty=unsigned int
        ]
C:\Program Files\Microsoft Visual Studio\18\Community\VC\Tools\MSVC\14.50.35717\include\xutility(522): note: 模板实例化上下文(最早的实例化上下文)为
E:\ai\3DPrinter_Qt6\third_party\OrcaSlicer\src\libslic3r\PrintApply.cpp(1824): note: 查看对正在编译的函数 模板 实例化“unsigned int &std::vector<std::_Vbase,std::allocator<std::_Vbase>>::emplace_back<size_t&>(size_t &)”的引用
E:\ai\3DPrinter_Qt6\third_party\OrcaSlicer\src\libslic3r\PrintApply.cpp(1824): note: 请参阅 "Slic3r::Print::apply" 中对 "std::vector<std::_Vbase,std::allocator<std::_Vbase>>::emplace_back" 的第一个引用
C:\Program Files\Microsoft Visual Studio\18\Community\VC\Tools\MSVC\14.50.35717\include\vector(924): note: 查看对正在编译的函数 模板 实例化“_Ty &std::vector<_Ty,std::allocator<_Ty>>::_Emplace_one_at_back<size_t&>(size_t &)”的引用
        with
        [
            _Ty=std::_Vbase
        ]
C:\Program Files\Microsoft Visual Studio\18\Community\VC\Tools\MSVC\14.50.35717\include\vector(845): note: 查看对正在编译的函数 模板 实例化“_Ty &std::vector<_Ty,std::allocator<_Ty>>::_Emplace_back_with_unused_capacity<size_t&>(size_t &)”的引用
        with
        [
            _Ty=std::_Vbase
        ]
C:\Program Files\Microsoft Visual Studio\18\Community\VC\Tools\MSVC\14.50.35717\include\vector(860): note: 查看对正在编译的函数 模板 实例化“void std::_Construct_in_place<unsigned int,size_t&>(_Ty &,size_t &) noexcept”的引用
        with
        [
            _Ty=unsigned int
        ]
C:\Program Files\Microsoft Visual Studio\18\Community\VC\Tools\MSVC\14.50.35717\include\xmemory(736): warning C4267: “初始化”: 从“size_t”转换到“_Objty”，可能丢失数据
        with
        [
            _Objty=unsigned int
        ]
C:\Program Files\Microsoft Visual Studio\18\Community\VC\Tools\MSVC\14.50.35717\include\xmemory(736): note: 模板实例化上下文(最早的实例化上下文)为
C:\Program Files\Microsoft Visual Studio\18\Community\VC\Tools\MSVC\14.50.35717\include\vector(848): note: 查看对正在编译的函数 模板 实例化“unsigned int *std::vector<std::_Vbase,std::allocator<std::_Vbase>>::_Emplace_reallocate<size_t&>(unsigned int *const ,size_t &)”的引用
C:\Program Files\Microsoft Visual Studio\18\Community\VC\Tools\MSVC\14.50.35717\include\vector(900): note: 查看对正在编译的函数 模板 实例化“void std::_Default_allocator_traits<_Alloc>::construct<_Ty,size_t&>(_Alloc &,_Objty *const ,size_t &)”的引用
        with
        [
            _Alloc=std::allocator<std::_Vbase>,
            _Ty=unsigned int,
            _Objty=unsigned int
        ]
[111/260] Building CXX object CMakeFiles\libslic3r_from_source.dir\third_party\OrcaSlicer\src\libslic3r\ProjectTask.cpp.obj
[112/260] Building CXX object CMakeFiles\libslic3r_from_source.dir\third_party\OrcaSlicer\src\libslic3r\QuadricEdgeCollapse.cpp.obj
[113/260] Building CXX object CMakeFiles\libslic3r_from_source.dir\third_party\OrcaSlicer\src\libslic3r\PrintConfig.cpp.obj
[114/260] Building CXX object CMakeFiles\libslic3r_from_source.dir\third_party\OrcaSlicer\src\libslic3r\PlaceholderParser.cpp.obj
C:\Program Files\Microsoft Visual Studio\18\Community\VC\Tools\MSVC\14.50.35717\include\numeric(33): warning C4267: “=”: 从“size_t”转换到“_Ty”，可能丢失数据
        with
        [
            _Ty=int
        ]
C:\Program Files\Microsoft Visual Studio\18\Community\VC\Tools\MSVC\14.50.35717\include\numeric(33): note: 模板实例化上下文(最早的实例化上下文)为
E:\ai\3DPrinter_Qt6\third_party\OrcaSlicer\src\libslic3r\ExtrusionEntity.hpp(441): note: 查看对正在编译的函数 模板 实例化“_Ty std::accumulate<std::_Vector_const_iterator<std::_Vector_val<std::_Simple_types<Slic3r::ExtrusionPath>>>,int,Slic3r::ExtrusionMultiPath::collect_points::<lambda_abff1419f1e7bad13c439e3f0139ec39>>(const _InIt,const _InIt,_Ty,_Fn)”的引用
        with
        [
            _Ty=int,
            _InIt=std::_Vector_const_iterator<std::_Vector_val<std::_Simple_types<Slic3r::ExtrusionPath>>>,
            _Fn=Slic3r::ExtrusionMultiPath::collect_points::<lambda_abff1419f1e7bad13c439e3f0139ec39>
        ]
[115/260] Building CXX object CMakeFiles\libslic3r_from_source.dir\third_party\OrcaSlicer\src\libslic3r\SVG.cpp.obj
[116/260] Building CXX object CMakeFiles\libslic3r_from_source.dir\third_party\OrcaSlicer\src\libslic3r\Semver.cpp.obj
[117/260] Building CXX object CMakeFiles\libslic3r_from_source.dir\third_party\OrcaSlicer\src\libslic3r\PrintObjectSlice.cpp.obj
C:\Program Files\Microsoft Visual Studio\18\Community\VC\Tools\MSVC\14.50.35717\include\numeric(33): warning C4267: “=”: 从“size_t”转换到“_Ty”，可能丢失数据
        with
        [
            _Ty=int
        ]
C:\Program Files\Microsoft Visual Studio\18\Community\VC\Tools\MSVC\14.50.35717\include\numeric(33): note: 模板实例化上下文(最早的实例化上下文)为
E:\ai\3DPrinter_Qt6\third_party\OrcaSlicer\src\libslic3r\ExtrusionEntity.hpp(441): note: 查看对正在编译的函数 模板 实例化“_Ty std::accumulate<std::_Vector_const_iterator<std::_Vector_val<std::_Simple_types<Slic3r::ExtrusionPath>>>,int,Slic3r::ExtrusionMultiPath::collect_points::<lambda_abff1419f1e7bad13c439e3f0139ec39>>(const _InIt,const _InIt,_Ty,_Fn)”的引用
        with
        [
            _Ty=int,
            _InIt=std::_Vector_const_iterator<std::_Vector_val<std::_Simple_types<Slic3r::ExtrusionPath>>>,
            _Fn=Slic3r::ExtrusionMultiPath::collect_points::<lambda_abff1419f1e7bad13c439e3f0139ec39>
        ]
[118/260] Building CXX object CMakeFiles\libslic3r_from_source.dir\third_party\OrcaSlicer\src\libslic3r\PrintRegion.cpp.obj
C:\Program Files\Microsoft Visual Studio\18\Community\VC\Tools\MSVC\14.50.35717\include\numeric(33): warning C4267: “=”: 从“size_t”转换到“_Ty”，可能丢失数据
        with
        [
            _Ty=int
        ]
C:\Program Files\Microsoft Visual Studio\18\Community\VC\Tools\MSVC\14.50.35717\include\numeric(33): note: 模板实例化上下文(最早的实例化上下文)为
E:\ai\3DPrinter_Qt6\third_party\OrcaSlicer\src\libslic3r/ExtrusionEntity.hpp(441): note: 查看对正在编译的函数 模板 实例化“_Ty std::accumulate<std::_Vector_const_iterator<std::_Vector_val<std::_Simple_types<Slic3r::ExtrusionPath>>>,int,Slic3r::ExtrusionMultiPath::collect_points::<lambda_abff1419f1e7bad13c439e3f0139ec39>>(const _InIt,const _InIt,_Ty,_Fn)”的引用
        with
        [
            _Ty=int,
            _InIt=std::_Vector_const_iterator<std::_Vector_val<std::_Simple_types<Slic3r::ExtrusionPath>>>,
            _Fn=Slic3r::ExtrusionMultiPath::collect_points::<lambda_abff1419f1e7bad13c439e3f0139ec39>
        ]
[119/260] Building CXX object CMakeFiles\libslic3r_from_source.dir\third_party\OrcaSlicer\src\libslic3r\SlicesToTriangleMesh.cpp.obj
C:\Program Files\Microsoft Visual Studio\18\Community\VC\Tools\MSVC\14.50.35717\include\xmemory(736): warning C4267: “参数”: 从“size_t”转换到“const int”，可能丢失数据
C:\Program Files\Microsoft Visual Studio\18\Community\VC\Tools\MSVC\14.50.35717\include\xmemory(736): note: 模板实例化上下文(最早的实例化上下文)为
E:\ai\3DPrinter_Qt6\third_party\OrcaSlicer\src\libslic3r\SlicesToTriangleMesh.cpp(38): note: 查看对正在编译的函数 模板 实例化“Eigen::Matrix<int32_t,3,1,2,3,1> &std::vector<Slic3r::Vec3i32,std::allocator<Slic3r::Vec3i32>>::emplace_back<size_t,size_t&,size_t>(size_t &&,size_t &,size_t &&)”的引用
E:\ai\3DPrinter_Qt6\third_party\OrcaSlicer\src\libslic3r\SlicesToTriangleMesh.cpp(38): note: 请参阅 "Slic3r::wall_strip" 中对 "std::vector<Slic3r::Vec3i32,std::allocator<Slic3r::Vec3i32>>::emplace_back" 的第一个引用
C:\Program Files\Microsoft Visual Studio\18\Community\VC\Tools\MSVC\14.50.35717\include\vector(924): note: 查看对正在编译的函数 模板 实例化“_Ty &std::vector<_Ty,std::allocator<_Ty>>::_Emplace_one_at_back<unsigned __int64,size_t&,unsigned __int64>(unsigned __int64 &&,size_t &,unsigned __int64 &&)”的引用
        with
        [
            _Ty=Slic3r::Vec3i32
        ]
C:\Program Files\Microsoft Visual Studio\18\Community\VC\Tools\MSVC\14.50.35717\include\vector(845): note: 查看对正在编译的函数 模板 实例化“_Ty &std::vector<_Ty,std::allocator<_Ty>>::_Emplace_back_with_unused_capacity<unsigned __int64,size_t&,unsigned __int64>(unsigned __int64 &&,size_t &,unsigned __int64 &&)”的引用
        with
        [
            _Ty=Slic3r::Vec3i32
        ]
C:\Program Files\Microsoft Visual Studio\18\Community\VC\Tools\MSVC\14.50.35717\include\vector(863): note: 查看对正在编译的函数 模板 实例化“void std::_Default_allocator_traits<_Alloc>::construct<_Ty,unsigned __int64,size_t&,unsigned __int64>(_Alloc &,_Objty *const ,unsigned __int64 &&,size_t &,unsigned __int64 &&)”的引用
        with
        [
            _Alloc=std::allocator<Slic3r::Vec3i32>,
            _Ty=Eigen::Matrix<int32_t,3,1,2,3,1>,
            _Objty=Eigen::Matrix<int32_t,3,1,2,3,1>
        ]
[120/260] Building CXX object CMakeFiles\libslic3r_from_source.dir\third_party\OrcaSlicer\src\libslic3r\PrintObject.cpp.obj
C:\Program Files\Microsoft Visual Studio\18\Community\VC\Tools\MSVC\14.50.35717\include\numeric(33): warning C4267: “=”: 从“size_t”转换到“_Ty”，可能丢失数据
        with
        [
            _Ty=int
        ]
C:\Program Files\Microsoft Visual Studio\18\Community\VC\Tools\MSVC\14.50.35717\include\numeric(33): note: 模板实例化上下文(最早的实例化上下文)为
E:\ai\3DPrinter_Qt6\third_party\OrcaSlicer\src\libslic3r/ExtrusionEntity.hpp(441): note: 查看对正在编译的函数 模板 实例化“_Ty std::accumulate<std::_Vector_const_iterator<std::_Vector_val<std::_Simple_types<Slic3r::ExtrusionPath>>>,int,Slic3r::ExtrusionMultiPath::collect_points::<lambda_abff1419f1e7bad13c439e3f0139ec39>>(const _InIt,const _InIt,_Ty,_Fn)”的引用
        with
        [
            _Ty=int,
            _InIt=std::_Vector_const_iterator<std::_Vector_val<std::_Simple_types<Slic3r::ExtrusionPath>>>,
            _Fn=Slic3r::ExtrusionMultiPath::collect_points::<lambda_abff1419f1e7bad13c439e3f0139ec39>
        ]
C:\Program Files\Microsoft Visual Studio\18\Community\VC\Tools\MSVC\14.50.35717\include\utility(274): warning C4244: “初始化”: 从“_Ty”转换到“_Ty1”，可能丢失数据
        with
        [
            _Ty=double
        ]
        and
        [
            _Ty1=float
        ]
C:\Program Files\Microsoft Visual Studio\18\Community\VC\Tools\MSVC\14.50.35717\include\utility(274): note: 模板实例化上下文(最早的实例化上下文)为
E:\ai\3DPrinter_Qt6\third_party\OrcaSlicer\src\libslic3r\Support/SupportSpotsGenerator.hpp(47): note: 查看对正在编译的函数 模板 实例化“std::pair<float,float>::pair<double,double,0>(_Other1 &&,_Other2 &&) noexcept”的引用
        with
        [
            _Other1=double,
            _Other2=double
        ]
E:\ai\3DPrinter_Qt6\third_party\OrcaSlicer\src\libslic3r\Support/SupportSpotsGenerator.hpp(47): note: 请参阅 "Slic3r::SupportSpotsGenerator::Params::Params" 中对 "std::pair<float,float>::pair" 的第一个引用
C:\Program Files\Microsoft Visual Studio\18\Community\VC\Tools\MSVC\14.50.35717\include\utility(274): warning C4244: “初始化”: 从“_Ty”转换到“_Ty2”，可能丢失数据
        with
        [
            _Ty=double
        ]
        and
        [
            _Ty2=float
        ]
C:\Program Files\Microsoft Visual Studio\18\Community\VC\Tools\MSVC\14.50.35717\include\xutility(7615): warning C4244: “参数”: 从“const _Ty”转换到“float”，可能丢失数据
        with
        [
            _Ty=double
        ]
C:\Program Files\Microsoft Visual Studio\18\Community\VC\Tools\MSVC\14.50.35717\include\xutility(7615): note: 模板实例化上下文(最早的实例化上下文)为
E:\ai\3DPrinter_Qt6\third_party\OrcaSlicer\src\libslic3r\PrintObject.cpp(4688): note: 查看对正在编译的函数 模板 实例化“_FwdIt *const *std::lower_bound<T*const *,double,Slic3r::project_triangles_to_slabs::<lambda_5cfe1bbcfee9f422e5a63278f774eb8e>::()::<lambda_c85e27e375a8637e32b24db58da0ece7>>(_FwdIt,const _FwdIt,const _Ty &,_Pr)”的引用
        with
        [
            _FwdIt=Slic3r::Layer *const *,
            T=Slic3r::Layer,
            _Ty=double,
            _Pr=Slic3r::project_triangles_to_slabs::<lambda_5cfe1bbcfee9f422e5a63278f774eb8e>::()::<lambda_c85e27e375a8637e32b24db58da0ece7>
        ]
C:\Program Files\Microsoft Visual Studio\18\Community\VC\Tools\MSVC\14.50.35717\include\tuple(132): warning C4244: “初始化”: 从“double”转换到“_Ty”，可能丢失数据
        with
        [
            _Ty=float
        ]
C:\Program Files\Microsoft Visual Studio\18\Community\VC\Tools\MSVC\14.50.35717\include\tuple(132): note: 模板实例化上下文(最早的实例化上下文)为
E:\ai\3DPrinter_Qt6\third_party\OrcaSlicer\src\libslic3r\PrintObject.cpp(237): note: 查看对正在编译的函数 模板 实例化“std::tuple<Slic3r::Point,float,int,coord_t,bool,int>::tuple<Slic3r::Point&,double&,const T&,coord_t&,bool&,int&,0>(_This2,double &,const T &,coord_t &,bool &,int &) noexcept(false)”的引用
        with
        [
            T=int,
            _This2=Slic3r::Point &
        ]
E:\ai\3DPrinter_Qt6\third_party\OrcaSlicer\src\libslic3r\PrintObject.cpp(236): note: 请参阅 "Slic3r::PrintObject::_transform_hole_to_polyholes::<lambda_eb5c2605c097e393814259cae87d8d28>::operator ()" 中对 "std::tuple<Slic3r::Point,float,int,coord_t,bool,int>::tuple" 的第一个引用
C:\Program Files\Microsoft Visual Studio\18\Community\VC\Tools\MSVC\14.50.35717\include\tuple(349): note: 查看对正在编译的函数 模板 实例化“std::tuple<Slic3r::Point,float,int,coord_t,bool,int>::tuple<std::_Exact_args_t,Slic3r::Point&,double&,const _Ty&,coord_t&,TargetType&,int&,0>(_Tag,_This2,double &,const _Ty &,coord_t &,TargetType &,int &)”的引用
        with
        [
            _Ty=int,
            TargetType=bool,
            _Tag=std::_Exact_args_t,
            _This2=Slic3r::Point &
        ]
C:\Program Files\Microsoft Visual Studio\18\Community\VC\Tools\MSVC\14.50.35717\include\tuple(301): note: 查看对正在编译的函数 模板 实例化“std::tuple<float,int,coord_t,bool,int>::tuple<std::_Exact_args_t,double&,const _Ty&,coord_t&,TargetType&,int&,0>(_Tag,_This2,const _Ty &,coord_t &,TargetType &,int &)”的引用
        with
        [
            _Ty=int,
            TargetType=bool,
            _Tag=std::_Exact_args_t,
            _This2=double &
        ]
C:\Program Files\Microsoft Visual Studio\18\Community\VC\Tools\MSVC\14.50.35717\include\tuple(301): note: 查看对正在编译的函数 模板 实例化“std::_Tuple_val<_This>::_Tuple_val<double&>(_Other)”的引用
        with
        [
            _This=float,
            _Other=double &
        ]
C:\Program Files\Microsoft Visual Studio\18\Community\VC\Tools\MSVC\14.50.35717\include\utility(274): warning C4267: “初始化”: 从“size_t”转换到“_Ty2”，可能丢失数据
        with
        [
            _Ty2=int
        ]
C:\Program Files\Microsoft Visual Studio\18\Community\VC\Tools\MSVC\14.50.35717\include\utility(274): note: 模板实例化上下文(最早的实例化上下文)为
E:\ai\3DPrinter_Qt6\third_party\OrcaSlicer\src\libslic3r\PrintObject.cpp(258): note: 查看对正在编译的函数 模板 实例化“std::pair<Slic3r::Polygon *,int> &std::vector<std::pair<Slic3r::Polygon *,int>,std::allocator<std::pair<Slic3r::Polygon *,int>>>::emplace_back<_Ty2&,size_t&>(_Ty2 &,size_t &)”的引用
        with
        [
            _Ty2=Slic3r::Polygon *
        ]
E:\ai\3DPrinter_Qt6\third_party\OrcaSlicer\src\libslic3r\PrintObject.cpp(258): note: 请参阅 "Slic3r::PrintObject::_transform_hole_to_polyholes" 中对 "std::vector<std::pair<Slic3r::Polygon *,int>,std::allocator<std::pair<Slic3r::Polygon *,int>>>::emplace_back" 的第一个引用
C:\Program Files\Microsoft Visual Studio\18\Community\VC\Tools\MSVC\14.50.35717\include\vector(924): note: 查看对正在编译的函数 模板 实例化“_Ty &std::vector<_Ty,std::allocator<_Ty>>::_Emplace_one_at_back<_Ty2&,size_t&>(_Ty2 &,size_t &)”的引用
        with
        [
            _Ty=std::pair<Slic3r::Polygon *,int>,
            _Ty2=Slic3r::Polygon *
        ]
C:\Program Files\Microsoft Visual Studio\18\Community\VC\Tools\MSVC\14.50.35717\include\vector(845): note: 查看对正在编译的函数 模板 实例化“_Ty &std::vector<_Ty,std::allocator<_Ty>>::_Emplace_back_with_unused_capacity<_Ty2&,size_t&>(_Ty2 &,size_t &)”的引用
        with
        [
            _Ty=std::pair<Slic3r::Polygon *,int>,
            _Ty2=Slic3r::Polygon *
        ]
C:\Program Files\Microsoft Visual Studio\18\Community\VC\Tools\MSVC\14.50.35717\include\vector(860): note: 查看对正在编译的函数 模板 实例化“void std::_Construct_in_place<std::pair<Slic3r::Polygon *,int>,_Ty2&,size_t&>(_Ty &,_Ty2 &,size_t &) noexcept”的引用
        with
        [
            _Ty2=Slic3r::Polygon *,
            _Ty=std::pair<Slic3r::Polygon *,int>
        ]
C:\Program Files\Microsoft Visual Studio\18\Community\VC\Tools\MSVC\14.50.35717\include\xutility(522): note: 查看对正在编译的函数 模板 实例化“std::pair<Slic3r::Polygon *,int>::pair<_Ty2&,size_t&,0>(_Other1,_Other2) noexcept”的引用
        with
        [
            _Ty2=Slic3r::Polygon *,
            _Other1=Slic3r::Polygon *&,
            _Other2=size_t &
        ]
[121/260] Building CXX object CMakeFiles\libslic3r_from_source.dir\third_party\OrcaSlicer\src\libslic3r\SLAPrint.cpp.obj
C:\Program Files\Microsoft Visual Studio\18\Community\VC\Tools\MSVC\14.50.35717\include\numeric(33): warning C4267: “=”: 从“size_t”转换到“_Ty”，可能丢失数据
        with
        [
            _Ty=int
        ]
C:\Program Files\Microsoft Visual Studio\18\Community\VC\Tools\MSVC\14.50.35717\include\numeric(33): note: 模板实例化上下文(最早的实例化上下文)为
E:\ai\3DPrinter_Qt6\third_party\OrcaSlicer\src\libslic3r/ExtrusionEntity.hpp(441): note: 查看对正在编译的函数 模板 实例化“_Ty std::accumulate<std::_Vector_const_iterator<std::_Vector_val<std::_Simple_types<Slic3r::ExtrusionPath>>>,int,Slic3r::ExtrusionMultiPath::collect_points::<lambda_abff1419f1e7bad13c439e3f0139ec39>>(const _InIt,const _InIt,_Ty,_Fn)”的引用
        with
        [
            _Ty=int,
            _InIt=std::_Vector_const_iterator<std::_Vector_val<std::_Simple_types<Slic3r::ExtrusionPath>>>,
            _Fn=Slic3r::ExtrusionMultiPath::collect_points::<lambda_abff1419f1e7bad13c439e3f0139ec39>
        ]
[122/260] Building CXX object CMakeFiles\libslic3r_from_source.dir\third_party\OrcaSlicer\src\libslic3r\Surface.cpp.obj
[123/260] Building CXX object CMakeFiles\libslic3r_from_source.dir\third_party\OrcaSlicer\src\libslic3r\SLAPrintSteps.cpp.obj
C:\Program Files\Microsoft Visual Studio\18\Community\VC\Tools\MSVC\14.50.35717\include\numeric(33): warning C4267: “=”: 从“size_t”转换到“_Ty”，可能丢失数据
        with
        [
            _Ty=int
        ]
C:\Program Files\Microsoft Visual Studio\18\Community\VC\Tools\MSVC\14.50.35717\include\numeric(33): note: 模板实例化上下文(最早的实例化上下文)为
E:\ai\3DPrinter_Qt6\third_party\OrcaSlicer\src\libslic3r/ExtrusionEntity.hpp(441): note: 查看对正在编译的函数 模板 实例化“_Ty std::accumulate<std::_Vector_const_iterator<std::_Vector_val<std::_Simple_types<Slic3r::ExtrusionPath>>>,int,Slic3r::ExtrusionMultiPath::collect_points::<lambda_abff1419f1e7bad13c439e3f0139ec39>>(const _InIt,const _InIt,_Ty,_Fn)”的引用
        with
        [
            _Ty=int,
            _InIt=std::_Vector_const_iterator<std::_Vector_val<std::_Simple_types<Slic3r::ExtrusionPath>>>,
            _Fn=Slic3r::ExtrusionMultiPath::collect_points::<lambda_abff1419f1e7bad13c439e3f0139ec39>
        ]
[124/260] Building CXX object CMakeFiles\libslic3r_from_source.dir\third_party\OrcaSlicer\src\libslic3r\SurfaceCollection.cpp.obj
[125/260] Building CXX object CMakeFiles\libslic3r_from_source.dir\third_party\OrcaSlicer\src\libslic3r\Tesselate.cpp.obj
[126/260] Building CXX object CMakeFiles\libslic3r_from_source.dir\third_party\OrcaSlicer\src\libslic3r\Time.cpp.obj
[127/260] Building CXX object CMakeFiles\libslic3r_from_source.dir\third_party\OrcaSlicer\src\libslic3r\Timer.cpp.obj
[128/260] Building CXX object CMakeFiles\libslic3r_from_source.dir\third_party\OrcaSlicer\src\libslic3r\Thread.cpp.obj
[129/260] Building CXX object CMakeFiles\libslic3r_from_source.dir\third_party\OrcaSlicer\src\libslic3r\TriangleMeshDeal.cpp.obj
C:\Program Files\Microsoft Visual Studio\18\Community\VC\Tools\MSVC\14.50.35717\include\xmemory(736): warning C4244: “参数”: 从“_Ty”转换到“const Scalar”，可能丢失数据
        with
        [
            _Ty=double
        ]
        and
        [
            Scalar=float
        ]
C:\Program Files\Microsoft Visual Studio\18\Community\VC\Tools\MSVC\14.50.35717\include\xmemory(736): note: 模板实例化上下文(最早的实例化上下文)为
E:\ai\3DPrinter_Qt6\third_party\OrcaSlicer\src\libslic3r\TriangleMeshDeal.cpp(30): note: 查看对正在编译的函数 模板 实例化“void igl::loop<Derived,Eigen::Map<const Slic3r::TriangleMeshDeal::smooth_triangle_mesh::RowMatrixX3i,0,Eigen::Stride<0,0>>,Eigen::Matrix<float,-1,3,0,-1,3>,Eigen::Matrix<int,-1,3,0,-1,3>>(const Eigen::MatrixBase<Derived> &,const Eigen::MatrixBase<Eigen::Map<const Slic3r::TriangleMeshDeal::smooth_triangle_mesh::RowMatrixX3i,0,Eigen::Stride<0,0>>> &,Eigen::PlainObjectBase<Eigen::Matrix<float,-1,3,0,-1,3>> &,Eigen::PlainObjectBase<Eigen::Matrix<int,-1,3,0,-1,3>> &,const int)”的引用
        with
        [
            Derived=Eigen::Map<const Slic3r::TriangleMeshDeal::smooth_triangle_mesh::RowMatrixX3f,0,Eigen::Stride<0,0>>
        ]
E:\ai\3DPrinter_Qt6\third_party\OrcaSlicer\deps_src\libigl\igl\loop.cpp(164): note: 查看对正在编译的函数 模板 实例化“void igl::loop<Derived,float,Eigen::Matrix<int,-1,3,0,-1,3>>(const int,const Eigen::MatrixBase<Derived> &,Eigen::SparseMatrix<float,0,int> &,Eigen::PlainObjectBase<Derived> &)”的引用
        with
        [
            Derived=Eigen::Matrix<int,-1,3,0,-1,3>
        ]
E:\ai\3DPrinter_Qt6\third_party\OrcaSlicer\deps_src\libigl\igl\loop.cpp(79): note: 查看对正在编译的函数 模板 实例化“Eigen::Triplet<SType,int> &std::vector<igl::loop::Triplet_t,std::allocator<igl::loop::Triplet_t>>::emplace_back<int&,const _Ty&,double>(int &,const _Ty &,double &&)”的引用
        with
        [
            SType=float,
            _Ty=int
        ]
C:\Program Files\Microsoft Visual Studio\18\Community\VC\Tools\MSVC\14.50.35717\include\vector(924): note: 查看对正在编译的函数 模板 实例化“_Ty &std::vector<_Ty,std::allocator<_Ty>>::_Emplace_one_at_back<int&,const int&,double>(int &,const int &,double &&)”的引用
        with
        [
            _Ty=igl::loop::Triplet_t
        ]
C:\Program Files\Microsoft Visual Studio\18\Community\VC\Tools\MSVC\14.50.35717\include\vector(845): note: 查看对正在编译的函数 模板 实例化“_Ty &std::vector<_Ty,std::allocator<_Ty>>::_Emplace_back_with_unused_capacity<int&,const int&,double>(int &,const int &,double &&)”的引用
        with
        [
            _Ty=igl::loop::Triplet_t
        ]
C:\Program Files\Microsoft Visual Studio\18\Community\VC\Tools\MSVC\14.50.35717\include\vector(863): note: 查看对正在编译的函数 模板 实例化“void std::_Default_allocator_traits<_Alloc>::construct<_Ty,int&,const int&,double>(_Alloc &,_Objty *const ,int &,const int &,double &&)”的引用
        with
        [
            _Alloc=std::allocator<igl::loop::Triplet_t>,
            _Ty=Eigen::Triplet<float,int>,
            _Objty=Eigen::Triplet<float,int>
        ]
[130/260] Building CXX object CMakeFiles\libslic3r_from_source.dir\third_party\OrcaSlicer\src\libslic3r\TriangleMeshSlicer.cpp.obj
[131/260] Building CXX object CMakeFiles\libslic3r_from_source.dir\third_party\OrcaSlicer\src\libslic3r\ShortEdgeCollapse.cpp.obj
C:\Program Files\Microsoft Visual Studio\18\Community\VC\Tools\MSVC\14.50.35717\include\numeric(33): warning C4267: “=”: 从“size_t”转换到“_Ty”，可能丢失数据
        with
        [
            _Ty=int
        ]
C:\Program Files\Microsoft Visual Studio\18\Community\VC\Tools\MSVC\14.50.35717\include\numeric(33): note: 模板实例化上下文(最早的实例化上下文)为
E:\ai\3DPrinter_Qt6\third_party\OrcaSlicer\src\libslic3r/ExtrusionEntity.hpp(441): note: 查看对正在编译的函数 模板 实例化“_Ty std::accumulate<std::_Vector_const_iterator<std::_Vector_val<std::_Simple_types<Slic3r::ExtrusionPath>>>,int,Slic3r::ExtrusionMultiPath::collect_points::<lambda_abff1419f1e7bad13c439e3f0139ec39>>(const _InIt,const _InIt,_Ty,_Fn)”的引用
        with
        [
            _Ty=int,
            _InIt=std::_Vector_const_iterator<std::_Vector_val<std::_Simple_types<Slic3r::ExtrusionPath>>>,
            _Fn=Slic3r::ExtrusionMultiPath::collect_points::<lambda_abff1419f1e7bad13c439e3f0139ec39>
        ]
[132/260] Building CXX object CMakeFiles\libslic3r_from_source.dir\third_party\OrcaSlicer\src\libslic3r\TriangleSetSampling.cpp.obj
[133/260] Building CXX object CMakeFiles\libslic3r_from_source.dir\third_party\OrcaSlicer\src\libslic3r\TriangulateWall.cpp.obj
[134/260] Building CXX object CMakeFiles\libslic3r_from_source.dir\third_party\OrcaSlicer\src\libslic3r\Slicing.cpp.obj
C:\Program Files\Microsoft Visual Studio\18\Community\VC\Tools\MSVC\14.50.35717\include\numeric(33): warning C4267: “=”: 从“size_t”转换到“_Ty”，可能丢失数据
        with
        [
            _Ty=int
        ]
C:\Program Files\Microsoft Visual Studio\18\Community\VC\Tools\MSVC\14.50.35717\include\numeric(33): note: 模板实例化上下文(最早的实例化上下文)为
E:\ai\3DPrinter_Qt6\third_party\OrcaSlicer\src\libslic3r/ExtrusionEntity.hpp(441): note: 查看对正在编译的函数 模板 实例化“_Ty std::accumulate<std::_Vector_const_iterator<std::_Vector_val<std::_Simple_types<Slic3r::ExtrusionPath>>>,int,Slic3r::ExtrusionMultiPath::collect_points::<lambda_abff1419f1e7bad13c439e3f0139ec39>>(const _InIt,const _InIt,_Ty,_Fn)”的引用
        with
        [
            _Ty=int,
            _InIt=std::_Vector_const_iterator<std::_Vector_val<std::_Simple_types<Slic3r::ExtrusionPath>>>,
            _Fn=Slic3r::ExtrusionMultiPath::collect_points::<lambda_abff1419f1e7bad13c439e3f0139ec39>
        ]
[135/260] Building CXX object CMakeFiles\libslic3r_from_source.dir\third_party\OrcaSlicer\src\libslic3r\Zipper.cpp.obj
[136/260] Building CXX object CMakeFiles\libslic3r_from_source.dir\third_party\OrcaSlicer\src\libslic3r\VariableWidth.cpp.obj
C:\Program Files\Microsoft Visual Studio\18\Community\VC\Tools\MSVC\14.50.35717\include\numeric(33): warning C4267: “=”: 从“size_t”转换到“_Ty”，可能丢失数据
        with
        [
            _Ty=int
        ]
C:\Program Files\Microsoft Visual Studio\18\Community\VC\Tools\MSVC\14.50.35717\include\numeric(33): note: 模板实例化上下文(最早的实例化上下文)为
E:\ai\3DPrinter_Qt6\third_party\OrcaSlicer\src\libslic3r\ExtrusionEntity.hpp(441): note: 查看对正在编译的函数 模板 实例化“_Ty std::accumulate<std::_Vector_const_iterator<std::_Vector_val<std::_Simple_types<Slic3r::ExtrusionPath>>>,int,Slic3r::ExtrusionMultiPath::collect_points::<lambda_abff1419f1e7bad13c439e3f0139ec39>>(const _InIt,const _InIt,_Ty,_Fn)”的引用
        with
        [
            _Ty=int,
            _InIt=std::_Vector_const_iterator<std::_Vector_val<std::_Simple_types<Slic3r::ExtrusionPath>>>,
            _Fn=Slic3r::ExtrusionMultiPath::collect_points::<lambda_abff1419f1e7bad13c439e3f0139ec39>
        ]
[137/260] Building CXX object CMakeFiles\libslic3r_from_source.dir\third_party\OrcaSlicer\src\libslic3r\ShortestPath.cpp.obj
C:\Program Files\Microsoft Visual Studio\18\Community\VC\Tools\MSVC\14.50.35717\include\numeric(33): warning C4267: “=”: 从“size_t”转换到“_Ty”，可能丢失数据
        with
        [
            _Ty=int
        ]
C:\Program Files\Microsoft Visual Studio\18\Community\VC\Tools\MSVC\14.50.35717\include\numeric(33): note: 模板实例化上下文(最早的实例化上下文)为
E:\ai\3DPrinter_Qt6\third_party\OrcaSlicer\src\libslic3r\ExtrusionEntity.hpp(441): note: 查看对正在编译的函数 模板 实例化“_Ty std::accumulate<std::_Vector_const_iterator<std::_Vector_val<std::_Simple_types<Slic3r::ExtrusionPath>>>,int,Slic3r::ExtrusionMultiPath::collect_points::<lambda_abff1419f1e7bad13c439e3f0139ec39>>(const _InIt,const _InIt,_Ty,_Fn)”的引用
        with
        [
            _Ty=int,
            _InIt=std::_Vector_const_iterator<std::_Vector_val<std::_Simple_types<Slic3r::ExtrusionPath>>>,
            _Fn=Slic3r::ExtrusionMultiPath::collect_points::<lambda_abff1419f1e7bad13c439e3f0139ec39>
        ]
[138/260] Building CXX object CMakeFiles\libslic3r_from_source.dir\third_party\OrcaSlicer\src\libslic3r\clipper.cpp.obj
[139/260] Building CXX object CMakeFiles\libslic3r_from_source.dir\third_party\OrcaSlicer\src\libslic3r\libslic3r.cpp.obj
[140/260] Building CXX object CMakeFiles\libslic3r_from_source.dir\third_party\OrcaSlicer\src\libslic3r\pchheader.cpp.obj
[141/260] Building CXX object CMakeFiles\libslic3r_from_source.dir\third_party\OrcaSlicer\src\libslic3r\miniz_extension.cpp.obj
[142/260] Building CXX object CMakeFiles\libslic3r_from_source.dir\third_party\OrcaSlicer\src\libslic3r\SlicingAdaptive.cpp.obj
C:\Program Files\Microsoft Visual Studio\18\Community\VC\Tools\MSVC\14.50.35717\include\numeric(33): warning C4267: “=”: 从“size_t”转换到“_Ty”，可能丢失数据
        with
        [
            _Ty=int
        ]
C:\Program Files\Microsoft Visual Studio\18\Community\VC\Tools\MSVC\14.50.35717\include\numeric(33): note: 模板实例化上下文(最早的实例化上下文)为
E:\ai\3DPrinter_Qt6\third_party\OrcaSlicer\src\libslic3r/ExtrusionEntity.hpp(441): note: 查看对正在编译的函数 模板 实例化“_Ty std::accumulate<std::_Vector_const_iterator<std::_Vector_val<std::_Simple_types<Slic3r::ExtrusionPath>>>,int,Slic3r::ExtrusionMultiPath::collect_points::<lambda_abff1419f1e7bad13c439e3f0139ec39>>(const _InIt,const _InIt,_Ty,_Fn)”的引用
        with
        [
            _Ty=int,
            _InIt=std::_Vector_const_iterator<std::_Vector_val<std::_Simple_types<Slic3r::ExtrusionPath>>>,
            _Fn=Slic3r::ExtrusionMultiPath::collect_points::<lambda_abff1419f1e7bad13c439e3f0139ec39>
        ]
[143/260] Building CXX object CMakeFiles\libslic3r_from_source.dir\third_party\OrcaSlicer\src\libslic3r\Algorithm\LineSplit.cpp.obj
[144/260] Building CXX object CMakeFiles\libslic3r_from_source.dir\third_party\OrcaSlicer\src\libslic3r\Algorithm\RegionExpansion.cpp.obj
[145/260] Building CXX object CMakeFiles\libslic3r_from_source.dir\third_party\OrcaSlicer\src\libslic3r\Arachne\BeadingStrategy\BeadingStrategy.cpp.obj
[146/260] Building CXX object CMakeFiles\libslic3r_from_source.dir\third_party\OrcaSlicer\src\libslic3r\Arachne\BeadingStrategy\BeadingStrategyFactory.cpp.obj
[147/260] Building CXX object CMakeFiles\libslic3r_from_source.dir\third_party\OrcaSlicer\src\libslic3r\Arachne\BeadingStrategy\DistributedBeadingStrategy.cpp.obj
[148/260] Building CXX object CMakeFiles\libslic3r_from_source.dir\third_party\OrcaSlicer\src\libslic3r\Arachne\BeadingStrategy\OuterWallInsetBeadingStrategy.cpp.obj
[149/260] Building CXX object CMakeFiles\libslic3r_from_source.dir\third_party\OrcaSlicer\src\libslic3r\Arachne\BeadingStrategy\LimitedBeadingStrategy.cpp.obj
[150/260] Building CXX object CMakeFiles\libslic3r_from_source.dir\third_party\OrcaSlicer\src\libslic3r\Arachne\BeadingStrategy\RedistributeBeadingStrategy.cpp.obj
[151/260] Building CXX object CMakeFiles\libslic3r_from_source.dir\third_party\OrcaSlicer\src\libslic3r\Arachne\BeadingStrategy\WideningBeadingStrategy.cpp.obj
[152/260] Building CXX object CMakeFiles\libslic3r_from_source.dir\third_party\OrcaSlicer\src\libslic3r\Arachne\SkeletalTrapezoidationGraph.cpp.obj
[153/260] Building CXX object CMakeFiles\libslic3r_from_source.dir\third_party\OrcaSlicer\src\libslic3r\utils.cpp.obj
[154/260] Building CXX object CMakeFiles\libslic3r_from_source.dir\third_party\OrcaSlicer\src\libslic3r\Arachne\SkeletalTrapezoidation.cpp.obj
C:\Program Files\Microsoft Visual Studio\18\Community\VC\Tools\MSVC\14.50.35717\include\numeric(33): warning C4267: “=”: 从“size_t”转换到“_Ty”，可能丢失数据
        with
        [
            _Ty=int
        ]
C:\Program Files\Microsoft Visual Studio\18\Community\VC\Tools\MSVC\14.50.35717\include\numeric(33): note: 模板实例化上下文(最早的实例化上下文)为
E:\ai\3DPrinter_Qt6\third_party\OrcaSlicer\src\libslic3r\Arachne\utils\../../ExtrusionEntity.hpp(441): note: 查看对正在编译的函数 模板 实例化“_Ty std::accumulate<std::_Vector_const_iterator<std::_Vector_val<std::_Simple_types<Slic3r::ExtrusionPath>>>,int,Slic3r::ExtrusionMultiPath::collect_points::<lambda_abff1419f1e7bad13c439e3f0139ec39>>(const _InIt,const _InIt,_Ty,_Fn)”的引用
        with
        [
            _Ty=int,
            _InIt=std::_Vector_const_iterator<std::_Vector_val<std::_Simple_types<Slic3r::ExtrusionPath>>>,
            _Fn=Slic3r::ExtrusionMultiPath::collect_points::<lambda_abff1419f1e7bad13c439e3f0139ec39>
        ]
C:\Program Files\Microsoft Visual Studio\18\Community\VC\Tools\MSVC\14.50.35717\include\xmemory(736): warning C4267: “参数”: 从“size_t”转换到“unsigned int”，可能丢失数据
C:\Program Files\Microsoft Visual Studio\18\Community\VC\Tools\MSVC\14.50.35717\include\xmemory(736): note: 模板实例化上下文(最早的实例化上下文)为
E:\ai\3DPrinter_Qt6\third_party\OrcaSlicer\src\libslic3r\Arachne\SkeletalTrapezoidation.cpp(366): note: 查看对正在编译的函数 模板 实例化“Slic3r::Arachne::PolygonsSegmentIndex &std::vector<Slic3r::Arachne::SkeletalTrapezoidation::Segment,std::allocator<Slic3r::Arachne::SkeletalTrapezoidation::Segment>>::emplace_back<const Slic3r::Polygons*,size_t&,size_t&>(const Slic3r::Polygons *&&,size_t &,size_t &)”的引用
E:\ai\3DPrinter_Qt6\third_party\OrcaSlicer\src\libslic3r\Arachne\SkeletalTrapezoidation.cpp(366): note: 请参阅 "Slic3r::Arachne::SkeletalTrapezoidation::constructFromPolygons" 中对 "std::vector<Slic3r::Arachne::SkeletalTrapezoidation::Segment,std::allocator<Slic3r::Arachne::SkeletalTrapezoidation::Segment>>::emplace_back" 的第一个引用
C:\Program Files\Microsoft Visual Studio\18\Community\VC\Tools\MSVC\14.50.35717\include\vector(924): note: 查看对正在编译的函数 模板 实例化“_Ty &std::vector<_Ty,std::allocator<_Ty>>::_Emplace_one_at_back<const std::vector<Slic3r::Polygon,tbb::detail::d1::scalable_allocator<Slic3r::Polygon>>*,size_t&,size_t&>(const std::vector<Slic3r::Polygon,tbb::detail::d1::scalable_allocator<Slic3r::Polygon>> *&&,size_t &,size_t &)”的引用
        with
        [
            _Ty=Slic3r::Arachne::SkeletalTrapezoidation::Segment
        ]
C:\Program Files\Microsoft Visual Studio\18\Community\VC\Tools\MSVC\14.50.35717\include\vector(845): note: 查看对正在编译的函数 模板 实例化“_Ty &std::vector<_Ty,std::allocator<_Ty>>::_Emplace_back_with_unused_capacity<const std::vector<Slic3r::Polygon,tbb::detail::d1::scalable_allocator<Slic3r::Polygon>>*,size_t&,size_t&>(const std::vector<Slic3r::Polygon,tbb::detail::d1::scalable_allocator<Slic3r::Polygon>> *&&,size_t &,size_t &)”的引用
        with
        [
            _Ty=Slic3r::Arachne::SkeletalTrapezoidation::Segment
        ]
C:\Program Files\Microsoft Visual Studio\18\Community\VC\Tools\MSVC\14.50.35717\include\vector(863): note: 查看对正在编译的函数 模板 实例化“void std::_Default_allocator_traits<_Alloc>::construct<_Ty,const std::vector<Slic3r::Polygon,tbb::detail::d1::scalable_allocator<Slic3r::Polygon>>*,size_t&,size_t&>(_Alloc &,_Objty *const ,const std::vector<Slic3r::Polygon,tbb::detail::d1::scalable_allocator<Slic3r::Polygon>> *&&,size_t &,size_t &)”的引用
        with
        [
            _Alloc=std::allocator<Slic3r::Arachne::SkeletalTrapezoidation::Segment>,
            _Ty=Slic3r::Arachne::PolygonsSegmentIndex,
            _Objty=Slic3r::Arachne::PolygonsSegmentIndex
        ]
C:\Program Files\Microsoft Visual Studio\18\Community\VC\Tools\MSVC\14.50.35717\include\xmemory(736): warning C4244: “参数”: 从“coord_t”转换到“int”，可能丢失数据
C:\Program Files\Microsoft Visual Studio\18\Community\VC\Tools\MSVC\14.50.35717\include\xmemory(736): note: 模板实例化上下文(最早的实例化上下文)为
E:\ai\3DPrinter_Qt6\third_party\OrcaSlicer\src\libslic3r\Arachne\SkeletalTrapezoidation.cpp(1192): note: 查看对正在编译的函数 模板 实例化“Slic3r::Arachne::SkeletalTrapezoidationEdge::TransitionEnd &std::list<Slic3r::Arachne::SkeletalTrapezoidationEdge::TransitionEnd,std::allocator<Slic3r::Arachne::SkeletalTrapezoidationEdge::TransitionEnd>>::emplace_front<coord_t&,coord_t&,bool&>(coord_t &,coord_t &,bool &)”的引用
E:\ai\3DPrinter_Qt6\third_party\OrcaSlicer\src\libslic3r\Arachne\SkeletalTrapezoidation.cpp(1192): note: 请参阅 "Slic3r::Arachne::SkeletalTrapezoidation::generateTransitionEnd" 中对 "std::list<Slic3r::Arachne::SkeletalTrapezoidationEdge::TransitionEnd,std::allocator<Slic3r::Arachne::SkeletalTrapezoidationEdge::TransitionEnd>>::emplace_front" 的第一个引用
C:\Program Files\Microsoft Visual Studio\18\Community\VC\Tools\MSVC\14.50.35717\include\list(998): note: 查看对正在编译的函数 模板 实例化“std::_List_node<_Ty,std::_Default_allocator_traits<_Alloc>::void_pointer> *std::list<_Ty,_Alloc>::_Emplace<coord_t&,coord_t&,bool&>(std::_List_node<_Ty,std::_Default_allocator_traits<_Alloc>::void_pointer> *const ,coord_t &,coord_t &,bool &)”的引用
        with
        [
            _Ty=Slic3r::Arachne::SkeletalTrapezoidationEdge::TransitionEnd,
            _Alloc=std::allocator<Slic3r::Arachne::SkeletalTrapezoidationEdge::TransitionEnd>
        ]
C:\Program Files\Microsoft Visual Studio\18\Community\VC\Tools\MSVC\14.50.35717\include\list(1034): note: 查看对正在编译的函数 模板 实例化“std::_List_node_emplace_op2<std::allocator<std::_List_node<_Ty,std::_Default_allocator_traits<_Alloc>::void_pointer>>>::_List_node_emplace_op2<coord_t&,coord_t&,bool&>(_Alnode &,coord_t &,coord_t &,bool &)”的引用
        with
        [
            _Ty=Slic3r::Arachne::SkeletalTrapezoidationEdge::TransitionEnd,
            _Alloc=std::allocator<Slic3r::Arachne::SkeletalTrapezoidationEdge::TransitionEnd>,
            _Alnode=std::allocator<std::_List_node<Slic3r::Arachne::SkeletalTrapezoidationEdge::TransitionEnd,std::_Default_allocator_traits<std::allocator<Slic3r::Arachne::SkeletalTrapezoidationEdge::TransitionEnd>>::void_pointer>>
        ]
C:\Program Files\Microsoft Visual Studio\18\Community\VC\Tools\MSVC\14.50.35717\include\list(595): note: 查看对正在编译的函数 模板 实例化“void std::_Default_allocator_traits<_Alloc>::construct<_Ty,coord_t&,coord_t&,bool&>(_Alloc &,_Objty *const ,coord_t &,coord_t &,bool &)”的引用
        with
        [
            _Alloc=std::allocator<std::_List_node<Slic3r::Arachne::SkeletalTrapezoidationEdge::TransitionEnd,std::_Default_allocator_traits<std::allocator<Slic3r::Arachne::SkeletalTrapezoidationEdge::TransitionEnd>>::void_pointer>>,
            _Ty=Slic3r::Arachne::SkeletalTrapezoidationEdge::TransitionEnd,
            _Objty=Slic3r::Arachne::SkeletalTrapezoidationEdge::TransitionEnd
        ]
[155/260] Building CXX object CMakeFiles\libslic3r_from_source.dir\third_party\OrcaSlicer\src\libslic3r\Arachne\utils\ExtrusionLine.cpp.obj
C:\Program Files\Microsoft Visual Studio\18\Community\VC\Tools\MSVC\14.50.35717\include\numeric(33): warning C4267: “=”: 从“size_t”转换到“_Ty”，可能丢失数据
        with
        [
            _Ty=int
        ]
C:\Program Files\Microsoft Visual Studio\18\Community\VC\Tools\MSVC\14.50.35717\include\numeric(33): note: 模板实例化上下文(最早的实例化上下文)为
E:\ai\3DPrinter_Qt6\third_party\OrcaSlicer\src\libslic3r\Arachne\utils\../../ExtrusionEntity.hpp(441): note: 查看对正在编译的函数 模板 实例化“_Ty std::accumulate<std::_Vector_const_iterator<std::_Vector_val<std::_Simple_types<Slic3r::ExtrusionPath>>>,int,Slic3r::ExtrusionMultiPath::collect_points::<lambda_abff1419f1e7bad13c439e3f0139ec39>>(const _InIt,const _InIt,_Ty,_Fn)”的引用
        with
        [
            _Ty=int,
            _InIt=std::_Vector_const_iterator<std::_Vector_val<std::_Simple_types<Slic3r::ExtrusionPath>>>,
            _Fn=Slic3r::ExtrusionMultiPath::collect_points::<lambda_abff1419f1e7bad13c439e3f0139ec39>
        ]
C:\Program Files\Microsoft Visual Studio\18\Community\VC\Tools\MSVC\14.50.35717\include\xutility(522): warning C4244: “初始化”: 从“const __int64”转换到“_Ty”，可能丢失数据
        with
        [
            _Ty=double
        ]
C:\Program Files\Microsoft Visual Studio\18\Community\VC\Tools\MSVC\14.50.35717\include\xutility(522): note: 模板实例化上下文(最早的实例化上下文)为
E:\ai\3DPrinter_Qt6\third_party\OrcaSlicer\src\libslic3r\Arachne\utils\ExtrusionLine.cpp(293): note: 查看对正在编译的函数 模板 实例化“Slic3r::ThickPolyline Slic3r::Arachne::to_thick_polyline<ClipperLib_Z::Path>(const PathType &)”的引用
        with
        [
            PathType=ClipperLib_Z::Path
        ]
E:\ai\3DPrinter_Qt6\third_party\OrcaSlicer\src\libslic3r\Arachne\utils\ExtrusionLine.hpp(210): note: 查看对正在编译的函数 模板 实例化“double &std::vector<coordf_t,std::allocator<coordf_t>>::emplace_back<const __int64&>(const __int64 &)”的引用
C:\Program Files\Microsoft Visual Studio\18\Community\VC\Tools\MSVC\14.50.35717\include\vector(924): note: 查看对正在编译的函数 模板 实例化“_Ty &std::vector<_Ty,std::allocator<_Ty>>::_Emplace_one_at_back<const __int64&>(const __int64 &)”的引用
        with
        [
            _Ty=coordf_t
        ]
C:\Program Files\Microsoft Visual Studio\18\Community\VC\Tools\MSVC\14.50.35717\include\vector(845): note: 查看对正在编译的函数 模板 实例化“_Ty &std::vector<_Ty,std::allocator<_Ty>>::_Emplace_back_with_unused_capacity<const __int64&>(const __int64 &)”的引用
        with
        [
            _Ty=coordf_t
        ]
C:\Program Files\Microsoft Visual Studio\18\Community\VC\Tools\MSVC\14.50.35717\include\vector(860): note: 查看对正在编译的函数 模板 实例化“void std::_Construct_in_place<double,const __int64&>(_Ty &,const __int64 &) noexcept”的引用
        with
        [
            _Ty=double
        ]
C:\Program Files\Microsoft Visual Studio\18\Community\VC\Tools\MSVC\14.50.35717\include\xmemory(736): warning C4244: “初始化”: 从“const __int64”转换到“_Objty”，可能丢失数据
        with
        [
            _Objty=double
        ]
C:\Program Files\Microsoft Visual Studio\18\Community\VC\Tools\MSVC\14.50.35717\include\xmemory(736): note: 模板实例化上下文(最早的实例化上下文)为
C:\Program Files\Microsoft Visual Studio\18\Community\VC\Tools\MSVC\14.50.35717\include\vector(848): note: 查看对正在编译的函数 模板 实例化“double *std::vector<coordf_t,std::allocator<coordf_t>>::_Emplace_reallocate<const __int64&>(double *const ,const __int64 &)”的引用
C:\Program Files\Microsoft Visual Studio\18\Community\VC\Tools\MSVC\14.50.35717\include\vector(900): note: 查看对正在编译的函数 模板 实例化“void std::_Default_allocator_traits<_Alloc>::construct<_Ty,const __int64&>(_Alloc &,_Objty *const ,const __int64 &)”的引用
        with
        [
            _Alloc=std::allocator<coordf_t>,
            _Ty=double,
            _Objty=double
        ]
C:\Program Files\Microsoft Visual Studio\18\Community\VC\Tools\MSVC\14.50.35717\include\xutility(522): warning C4244: “初始化”: 从“_Ty”转换到“_Ty”，可能丢失数据
        with
        [
            _Ty=coord_t
        ]
        and
        [
            _Ty=double
        ]
C:\Program Files\Microsoft Visual Studio\18\Community\VC\Tools\MSVC\14.50.35717\include\xutility(522): note: 模板实例化上下文(最早的实例化上下文)为
E:\ai\3DPrinter_Qt6\third_party\OrcaSlicer\src\libslic3r\Arachne\utils\ExtrusionLine.cpp(300): note: 查看对正在编译的函数 模板 实例化“Slic3r::ThickPolyline Slic3r::Arachne::to_thick_polyline<Slic3r::Arachne::ExtrusionLine>(const PathType &)”的引用
        with
        [
            PathType=Slic3r::Arachne::ExtrusionLine
        ]
E:\ai\3DPrinter_Qt6\third_party\OrcaSlicer\src\libslic3r\Arachne\utils\ExtrusionLine.hpp(210): note: 查看对正在编译的函数 模板 实例化“double &std::vector<coordf_t,std::allocator<coordf_t>>::emplace_back<coord_t>(coord_t &&)”的引用
C:\Program Files\Microsoft Visual Studio\18\Community\VC\Tools\MSVC\14.50.35717\include\vector(924): note: 查看对正在编译的函数 模板 实例化“_Ty &std::vector<_Ty,std::allocator<_Ty>>::_Emplace_one_at_back<__int64>(__int64 &&)”的引用
        with
        [
            _Ty=coordf_t
        ]
C:\Program Files\Microsoft Visual Studio\18\Community\VC\Tools\MSVC\14.50.35717\include\vector(845): note: 查看对正在编译的函数 模板 实例化“_Ty &std::vector<_Ty,std::allocator<_Ty>>::_Emplace_back_with_unused_capacity<__int64>(__int64 &&)”的引用
        with
        [
            _Ty=coordf_t
        ]
C:\Program Files\Microsoft Visual Studio\18\Community\VC\Tools\MSVC\14.50.35717\include\vector(860): note: 查看对正在编译的函数 模板 实例化“void std::_Construct_in_place<double,_Ty>(double &,_Ty &&) noexcept”的引用
        with
        [
            _Ty=coord_t
        ]
C:\Program Files\Microsoft Visual Studio\18\Community\VC\Tools\MSVC\14.50.35717\include\xmemory(736): warning C4244: “初始化”: 从“_Ty”转换到“_Objty”，可能丢失数据
        with
        [
            _Ty=coord_t
        ]
        and
        [
            _Objty=double
        ]
C:\Program Files\Microsoft Visual Studio\18\Community\VC\Tools\MSVC\14.50.35717\include\xmemory(736): note: 模板实例化上下文(最早的实例化上下文)为
C:\Program Files\Microsoft Visual Studio\18\Community\VC\Tools\MSVC\14.50.35717\include\vector(848): note: 查看对正在编译的函数 模板 实例化“double *std::vector<coordf_t,std::allocator<coordf_t>>::_Emplace_reallocate<_Ty>(double *const ,_Ty &&)”的引用
        with
        [
            _Ty=coord_t
        ]
C:\Program Files\Microsoft Visual Studio\18\Community\VC\Tools\MSVC\14.50.35717\include\vector(900): note: 查看对正在编译的函数 模板 实例化“void std::_Default_allocator_traits<_Alloc>::construct<_Ty,__int64>(_Alloc &,_Objty *const ,__int64 &&)”的引用
        with
        [
            _Alloc=std::allocator<coordf_t>,
            _Ty=double,
            _Objty=double
        ]
[156/260] Building CXX object CMakeFiles\libslic3r_from_source.dir\third_party\OrcaSlicer\src\libslic3r\Arachne\utils\PolylineStitcher.cpp.obj
C:\Program Files\Microsoft Visual Studio\18\Community\VC\Tools\MSVC\14.50.35717\include\numeric(33): warning C4267: “=”: 从“size_t”转换到“_Ty”，可能丢失数据
        with
        [
            _Ty=int
        ]
C:\Program Files\Microsoft Visual Studio\18\Community\VC\Tools\MSVC\14.50.35717\include\numeric(33): note: 模板实例化上下文(最早的实例化上下文)为
E:\ai\3DPrinter_Qt6\third_party\OrcaSlicer\src\libslic3r\Arachne\utils\../../ExtrusionEntity.hpp(441): note: 查看对正在编译的函数 模板 实例化“_Ty std::accumulate<std::_Vector_const_iterator<std::_Vector_val<std::_Simple_types<Slic3r::ExtrusionPath>>>,int,Slic3r::ExtrusionMultiPath::collect_points::<lambda_abff1419f1e7bad13c439e3f0139ec39>>(const _InIt,const _InIt,_Ty,_Fn)”的引用
        with
        [
            _Ty=int,
            _InIt=std::_Vector_const_iterator<std::_Vector_val<std::_Simple_types<Slic3r::ExtrusionPath>>>,
            _Fn=Slic3r::ExtrusionMultiPath::collect_points::<lambda_abff1419f1e7bad13c439e3f0139ec39>
        ]
[157/260] Building CXX object CMakeFiles\libslic3r_from_source.dir\third_party\OrcaSlicer\src\libslic3r\Arachne\utils\SquareGrid.cpp.obj
[158/260] Building CXX object CMakeFiles\libslic3r_from_source.dir\third_party\OrcaSlicer\src\libslic3r\TriangleMesh.cpp.obj
C:\Program Files\Microsoft Visual Studio\18\Community\VC\Tools\MSVC\14.50.35717\include\numeric(33): warning C4267: “=”: 从“size_t”转换到“_Ty”，可能丢失数据
        with
        [
            _Ty=int
        ]
C:\Program Files\Microsoft Visual Studio\18\Community\VC\Tools\MSVC\14.50.35717\include\numeric(33): note: 模板实例化上下文(最早的实例化上下文)为
E:\ai\3DPrinter_Qt6\third_party\OrcaSlicer\src\libslic3r/ExtrusionEntity.hpp(441): note: 查看对正在编译的函数 模板 实例化“_Ty std::accumulate<std::_Vector_const_iterator<std::_Vector_val<std::_Simple_types<Slic3r::ExtrusionPath>>>,int,Slic3r::ExtrusionMultiPath::collect_points::<lambda_abff1419f1e7bad13c439e3f0139ec39>>(const _InIt,const _InIt,_Ty,_Fn)”的引用
        with
        [
            _Ty=int,
            _InIt=std::_Vector_const_iterator<std::_Vector_val<std::_Simple_types<Slic3r::ExtrusionPath>>>,
            _Fn=Slic3r::ExtrusionMultiPath::collect_points::<lambda_abff1419f1e7bad13c439e3f0139ec39>
        ]
C:\Program Files\Microsoft Visual Studio\18\Community\VC\Tools\MSVC\14.50.35717\include\xmemory(736): warning C4244: “参数”: 从“_Ty”转换到“const float”，可能丢失数据
        with
        [
            _Ty=double
        ]
C:\Program Files\Microsoft Visual Studio\18\Community\VC\Tools\MSVC\14.50.35717\include\xmemory(736): note: 模板实例化上下文(最早的实例化上下文)为
E:\ai\3DPrinter_Qt6\third_party\OrcaSlicer\src\libslic3r\TriangleMesh.cpp(1076): note: 查看对正在编译的函数 模板 实例化“Eigen::Matrix<float,3,1,2,3,1> &std::vector<Slic3r::Vec3f,std::allocator<Slic3r::Vec3f>>::emplace_back<double,double,double>(double &&,double &&,double &&)”的引用
E:\ai\3DPrinter_Qt6\third_party\OrcaSlicer\src\libslic3r\TriangleMesh.cpp(1076): note: 请参阅 "Slic3r::its_make_cone" 中对 "std::vector<Slic3r::Vec3f,std::allocator<Slic3r::Vec3f>>::emplace_back" 的第一个引用
C:\Program Files\Microsoft Visual Studio\18\Community\VC\Tools\MSVC\14.50.35717\include\vector(924): note: 查看对正在编译的函数 模板 实例化“_Ty &std::vector<_Ty,std::allocator<_Ty>>::_Emplace_one_at_back<double,double,double>(double &&,double &&,double &&)”的引用
        with
        [
            _Ty=Slic3r::Vec3f
        ]
C:\Program Files\Microsoft Visual Studio\18\Community\VC\Tools\MSVC\14.50.35717\include\vector(845): note: 查看对正在编译的函数 模板 实例化“_Ty &std::vector<_Ty,std::allocator<_Ty>>::_Emplace_back_with_unused_capacity<double,double,double>(double &&,double &&,double &&)”的引用
        with
        [
            _Ty=Slic3r::Vec3f
        ]
C:\Program Files\Microsoft Visual Studio\18\Community\VC\Tools\MSVC\14.50.35717\include\vector(863): note: 查看对正在编译的函数 模板 实例化“void std::_Default_allocator_traits<_Alloc>::construct<_Ty,double,double,double>(_Alloc &,_Objty *const ,double &&,double &&,double &&)”的引用
        with
        [
            _Alloc=std::allocator<Slic3r::Vec3f>,
            _Ty=Eigen::Matrix<float,3,1,2,3,1>,
            _Objty=Eigen::Matrix<float,3,1,2,3,1>
        ]
C:\Program Files\Microsoft Visual Studio\18\Community\VC\Tools\MSVC\14.50.35717\include\xmemory(736): warning C4267: “参数”: 从“size_t”转换到“const int”，可能丢失数据
C:\Program Files\Microsoft Visual Studio\18\Community\VC\Tools\MSVC\14.50.35717\include\xmemory(736): note: 模板实例化上下文(最早的实例化上下文)为
E:\ai\3DPrinter_Qt6\third_party\OrcaSlicer\src\libslic3r\TriangleMesh.cpp(1078): note: 查看对正在编译的函数 模板 实例化“Eigen::Matrix<int32_t,3,1,2,3,1> &std::vector<Slic3r::Vec3i32,std::allocator<Slic3r::Vec3i32>>::emplace_back<int,size_t,size_t>(int &&,size_t &&,size_t &&)”的引用
E:\ai\3DPrinter_Qt6\third_party\OrcaSlicer\src\libslic3r\TriangleMesh.cpp(1078): note: 请参阅 "Slic3r::its_make_cone" 中对 "std::vector<Slic3r::Vec3i32,std::allocator<Slic3r::Vec3i32>>::emplace_back" 的第一个引用
C:\Program Files\Microsoft Visual Studio\18\Community\VC\Tools\MSVC\14.50.35717\include\vector(924): note: 查看对正在编译的函数 模板 实例化“_Ty &std::vector<_Ty,std::allocator<_Ty>>::_Emplace_one_at_back<int,unsigned __int64,unsigned __int64>(int &&,unsigned __int64 &&,unsigned __int64 &&)”的引用
        with
        [
            _Ty=Slic3r::Vec3i32
        ]
C:\Program Files\Microsoft Visual Studio\18\Community\VC\Tools\MSVC\14.50.35717\include\vector(845): note: 查看对正在编译的函数 模板 实例化“_Ty &std::vector<_Ty,std::allocator<_Ty>>::_Emplace_back_with_unused_capacity<int,unsigned __int64,unsigned __int64>(int &&,unsigned __int64 &&,unsigned __int64 &&)”的引用
        with
        [
            _Ty=Slic3r::Vec3i32
        ]
C:\Program Files\Microsoft Visual Studio\18\Community\VC\Tools\MSVC\14.50.35717\include\vector(863): note: 查看对正在编译的函数 模板 实例化“void std::_Default_allocator_traits<_Alloc>::construct<_Ty,int,unsigned __int64,unsigned __int64>(_Alloc &,_Objty *const ,int &&,unsigned __int64 &&,unsigned __int64 &&)”的引用
        with
        [
            _Alloc=std::allocator<Slic3r::Vec3i32>,
            _Ty=Eigen::Matrix<int32_t,3,1,2,3,1>,
            _Objty=Eigen::Matrix<int32_t,3,1,2,3,1>
        ]
C:\Program Files\Microsoft Visual Studio\18\Community\VC\Tools\MSVC\14.50.35717\include\xmemory(736): warning C4244: “参数”: 从“double”转换到“const float”，可能丢失数据
C:\Program Files\Microsoft Visual Studio\18\Community\VC\Tools\MSVC\14.50.35717\include\xmemory(736): note: 模板实例化上下文(最早的实例化上下文)为
E:\ai\3DPrinter_Qt6\third_party\OrcaSlicer\src\libslic3r\TriangleMesh.cpp(1393): note: 查看对正在编译的函数 模板 实例化“Eigen::Matrix<float,3,1,2,3,1> &std::vector<Slic3r::Vec3f,std::allocator<Slic3r::Vec3f>>::emplace_back<double&,double&,double&>(double &,double &,double &)”的引用
E:\ai\3DPrinter_Qt6\third_party\OrcaSlicer\src\libslic3r\TriangleMesh.cpp(1393): note: 请参阅 "Slic3r::its_convex_hull" 中对 "std::vector<Slic3r::Vec3f,std::allocator<Slic3r::Vec3f>>::emplace_back" 的第一个引用
C:\Program Files\Microsoft Visual Studio\18\Community\VC\Tools\MSVC\14.50.35717\include\vector(924): note: 查看对正在编译的函数 模板 实例化“_Ty &std::vector<_Ty,std::allocator<_Ty>>::_Emplace_one_at_back<double&,double&,double&>(double &,double &,double &)”的引用
        with
        [
            _Ty=Slic3r::Vec3f
        ]
C:\Program Files\Microsoft Visual Studio\18\Community\VC\Tools\MSVC\14.50.35717\include\vector(845): note: 查看对正在编译的函数 模板 实例化“_Ty &std::vector<_Ty,std::allocator<_Ty>>::_Emplace_back_with_unused_capacity<double&,double&,double&>(double &,double &,double &)”的引用
        with
        [
            _Ty=Slic3r::Vec3f
        ]
C:\Program Files\Microsoft Visual Studio\18\Community\VC\Tools\MSVC\14.50.35717\include\vector(863): note: 查看对正在编译的函数 模板 实例化“void std::_Default_allocator_traits<_Alloc>::construct<_Ty,double&,double&,double&>(_Alloc &,_Objty *const ,double &,double &,double &)”的引用
        with
        [
            _Alloc=std::allocator<Slic3r::Vec3f>,
            _Ty=Eigen::Matrix<float,3,1,2,3,1>,
            _Objty=Eigen::Matrix<float,3,1,2,3,1>
        ]
C:\Program Files\Microsoft Visual Studio\18\Community\VC\Tools\MSVC\14.50.35717\include\xmemory(736): warning C4244: “初始化”: 从“const _Ty”转换到“_Objty”，可能丢失数据
        with
        [
            _Ty=coordf_t
        ]
        and
        [
            _Objty=float
        ]
C:\Program Files\Microsoft Visual Studio\18\Community\VC\Tools\MSVC\14.50.35717\include\xmemory(736): note: 模板实例化上下文(最早的实例化上下文)为
E:\ai\3DPrinter_Qt6\third_party\OrcaSlicer\src\libslic3r\TriangleMesh.cpp(510): note: 查看对正在编译的函数 模板 实例化“std::vector<float,std::allocator<float>>::vector<std::_Vector_const_iterator<std::_Vector_val<std::_Simple_types<_Ty>>>,0>(_Iter,_Iter,const _Alloc &)”的引用
        with
        [
            _Ty=coordf_t,
            _Iter=std::_Vector_const_iterator<std::_Vector_val<std::_Simple_types<coordf_t>>>,
            _Alloc=std::allocator<float>
        ]
E:\ai\3DPrinter_Qt6\third_party\OrcaSlicer\src\libslic3r\TriangleMesh.cpp(510): note: 请参阅 "Slic3r::TriangleMesh::slice" 中对 "std::vector<float,std::allocator<float>>::vector" 的第一个引用
C:\Program Files\Microsoft Visual Studio\18\Community\VC\Tools\MSVC\14.50.35717\include\vector(700): note: 查看对正在编译的函数 模板 实例化“void std::vector<float,std::allocator<float>>::_Construct_n<const double*,const double*>(const unsigned __int64,const double *&&,const double *&&)”的引用
C:\Program Files\Microsoft Visual Studio\18\Community\VC\Tools\MSVC\14.50.35717\include\vector(2120): note: 查看对正在编译的函数 模板 实例化“float *std::_Uninitialized_copy<_Ty,_Ty,std::allocator<float>>(_InIt,_Se,float *,_Alloc &)”的引用
        with
        [
            _Ty=const double *,
            _InIt=const double *,
            _Se=const double *,
            _Alloc=std::allocator<float>
        ]
C:\Program Files\Microsoft Visual Studio\18\Community\VC\Tools\MSVC\14.50.35717\include\xmemory(1922): note: 查看对正在编译的函数 模板 实例化“void std::_Uninitialized_backout_al<_Alloc>::_Emplace_back<const double&>(const double &)”的引用
        with
        [
            _Alloc=std::allocator<float>
        ]
C:\Program Files\Microsoft Visual Studio\18\Community\VC\Tools\MSVC\14.50.35717\include\xmemory(1864): note: 查看对正在编译的函数 模板 实例化“void std::_Default_allocator_traits<_Alloc>::construct<_Ty,const double&>(_Alloc &,_Objty *const ,const double &)”的引用
        with
        [
            _Alloc=std::allocator<float>,
            _Ty=float,
            _Objty=float
        ]
[159/260] Building CXX object CMakeFiles\libslic3r_from_source.dir\third_party\OrcaSlicer\src\libslic3r\Arachne\WallToolPaths.cpp.obj
C:\Program Files\Microsoft Visual Studio\18\Community\VC\Tools\MSVC\14.50.35717\include\numeric(33): warning C4267: “=”: 从“size_t”转换到“_Ty”，可能丢失数据
        with
        [
            _Ty=int
        ]
C:\Program Files\Microsoft Visual Studio\18\Community\VC\Tools\MSVC\14.50.35717\include\numeric(33): note: 模板实例化上下文(最早的实例化上下文)为
E:\ai\3DPrinter_Qt6\third_party\OrcaSlicer\src\libslic3r\Arachne\utils\../../ExtrusionEntity.hpp(441): note: 查看对正在编译的函数 模板 实例化“_Ty std::accumulate<std::_Vector_const_iterator<std::_Vector_val<std::_Simple_types<Slic3r::ExtrusionPath>>>,int,Slic3r::ExtrusionMultiPath::collect_points::<lambda_abff1419f1e7bad13c439e3f0139ec39>>(const _InIt,const _InIt,_Ty,_Fn)”的引用
        with
        [
            _Ty=int,
            _InIt=std::_Vector_const_iterator<std::_Vector_val<std::_Simple_types<Slic3r::ExtrusionPath>>>,
            _Fn=Slic3r::ExtrusionMultiPath::collect_points::<lambda_abff1419f1e7bad13c439e3f0139ec39>
        ]
[160/260] Building CXX object CMakeFiles\libslic3r_from_source.dir\third_party\OrcaSlicer\src\libslic3r\Fill\Fill3DHoneycomb.cpp.obj
C:\Program Files\Microsoft Visual Studio\18\Community\VC\Tools\MSVC\14.50.35717\include\numeric(33): warning C4267: “=”: 从“size_t”转换到“_Ty”，可能丢失数据
        with
        [
            _Ty=int
        ]
C:\Program Files\Microsoft Visual Studio\18\Community\VC\Tools\MSVC\14.50.35717\include\numeric(33): note: 模板实例化上下文(最早的实例化上下文)为
E:\ai\3DPrinter_Qt6\third_party\OrcaSlicer\src\libslic3r\ExtrusionEntity.hpp(441): note: 查看对正在编译的函数 模板 实例化“_Ty std::accumulate<std::_Vector_const_iterator<std::_Vector_val<std::_Simple_types<Slic3r::ExtrusionPath>>>,int,Slic3r::ExtrusionMultiPath::collect_points::<lambda_abff1419f1e7bad13c439e3f0139ec39>>(const _InIt,const _InIt,_Ty,_Fn)”的引用
        with
        [
            _Ty=int,
            _InIt=std::_Vector_const_iterator<std::_Vector_val<std::_Simple_types<Slic3r::ExtrusionPath>>>,
            _Fn=Slic3r::ExtrusionMultiPath::collect_points::<lambda_abff1419f1e7bad13c439e3f0139ec39>
        ]
[161/260] Building CXX object CMakeFiles\libslic3r_from_source.dir\third_party\OrcaSlicer\src\libslic3r\TriangleSelector.cpp.obj
C:\Program Files\Microsoft Visual Studio\18\Community\VC\Tools\MSVC\14.50.35717\include\numeric(33): warning C4267: “=”: 从“size_t”转换到“_Ty”，可能丢失数据
        with
        [
            _Ty=int
        ]
C:\Program Files\Microsoft Visual Studio\18\Community\VC\Tools\MSVC\14.50.35717\include\numeric(33): note: 模板实例化上下文(最早的实例化上下文)为
E:\ai\3DPrinter_Qt6\third_party\OrcaSlicer\src\libslic3r/ExtrusionEntity.hpp(441): note: 查看对正在编译的函数 模板 实例化“_Ty std::accumulate<std::_Vector_const_iterator<std::_Vector_val<std::_Simple_types<Slic3r::ExtrusionPath>>>,int,Slic3r::ExtrusionMultiPath::collect_points::<lambda_abff1419f1e7bad13c439e3f0139ec39>>(const _InIt,const _InIt,_Ty,_Fn)”的引用
        with
        [
            _Ty=int,
            _InIt=std::_Vector_const_iterator<std::_Vector_val<std::_Simple_types<Slic3r::ExtrusionPath>>>,
            _Fn=Slic3r::ExtrusionMultiPath::collect_points::<lambda_abff1419f1e7bad13c439e3f0139ec39>
        ]
[162/260] Building CXX object CMakeFiles\libslic3r_from_source.dir\third_party\OrcaSlicer\src\libslic3r\calib.cpp.obj
C:\Program Files\Microsoft Visual Studio\18\Community\VC\Tools\MSVC\14.50.35717\include\numeric(33): warning C4267: “=”: 从“size_t”转换到“_Ty”，可能丢失数据
        with
        [
            _Ty=int
        ]
C:\Program Files\Microsoft Visual Studio\18\Community\VC\Tools\MSVC\14.50.35717\include\numeric(33): note: 模板实例化上下文(最早的实例化上下文)为
E:\ai\3DPrinter_Qt6\third_party\OrcaSlicer\src\libslic3r/ExtrusionEntity.hpp(441): note: 查看对正在编译的函数 模板 实例化“_Ty std::accumulate<std::_Vector_const_iterator<std::_Vector_val<std::_Simple_types<Slic3r::ExtrusionPath>>>,int,Slic3r::ExtrusionMultiPath::collect_points::<lambda_abff1419f1e7bad13c439e3f0139ec39>>(const _InIt,const _InIt,_Ty,_Fn)”的引用
        with
        [
            _Ty=int,
            _InIt=std::_Vector_const_iterator<std::_Vector_val<std::_Simple_types<Slic3r::ExtrusionPath>>>,
            _Fn=Slic3r::ExtrusionMultiPath::collect_points::<lambda_abff1419f1e7bad13c439e3f0139ec39>
        ]
C:\Program Files\Microsoft Visual Studio\18\Community\VC\Tools\MSVC\14.50.35717\include\utility(274): warning C4244: “初始化”: 从“_Ty”转换到“_Ty2”，可能丢失数据
        with
        [
            _Ty=int
        ]
        and
        [
            _Ty2=float
        ]
C:\Program Files\Microsoft Visual Studio\18\Community\VC\Tools\MSVC\14.50.35717\include\utility(274): note: 模板实例化上下文(最早的实例化上下文)为
E:\ai\3DPrinter_Qt6\third_party\OrcaSlicer\src\libslic3r\GCode/ExtrusionProcessor.hpp(339): note: 查看对正在编译的函数 模板 实例化“std::pair<float,float>::pair<float,int,0>(_Other1 &&,_Other2 &&) noexcept”的引用
        with
        [
            _Other1=float,
            _Other2=int
        ]
E:\ai\3DPrinter_Qt6\third_party\OrcaSlicer\src\libslic3r\GCode/ExtrusionProcessor.hpp(339): note: 请参阅 "Slic3r::ExtrusionQualityEstimator::estimate_extrusion_quality" 中对 "std::pair<float,float>::pair" 的第一个引用
[163/260] Building CXX object CMakeFiles\libslic3r_from_source.dir\third_party\OrcaSlicer\src\libslic3r\Fill\Fill.cpp.obj
C:\Program Files\Microsoft Visual Studio\18\Community\VC\Tools\MSVC\14.50.35717\include\numeric(33): warning C4267: “=”: 从“size_t”转换到“_Ty”，可能丢失数据
        with
        [
            _Ty=int
        ]
C:\Program Files\Microsoft Visual Studio\18\Community\VC\Tools\MSVC\14.50.35717\include\numeric(33): note: 模板实例化上下文(最早的实例化上下文)为
E:\ai\3DPrinter_Qt6\third_party\OrcaSlicer\src\libslic3r\ExtrusionEntity.hpp(441): note: 查看对正在编译的函数 模板 实例化“_Ty std::accumulate<std::_Vector_const_iterator<std::_Vector_val<std::_Simple_types<Slic3r::ExtrusionPath>>>,int,Slic3r::ExtrusionMultiPath::collect_points::<lambda_abff1419f1e7bad13c439e3f0139ec39>>(const _InIt,const _InIt,_Ty,_Fn)”的引用
        with
        [
            _Ty=int,
            _InIt=std::_Vector_const_iterator<std::_Vector_val<std::_Simple_types<Slic3r::ExtrusionPath>>>,
            _Fn=Slic3r::ExtrusionMultiPath::collect_points::<lambda_abff1419f1e7bad13c439e3f0139ec39>
        ]
[164/260] Building CXX object CMakeFiles\libslic3r_from_source.dir\third_party\OrcaSlicer\src\libslic3r\Fill\FillConcentric.cpp.obj
C:\Program Files\Microsoft Visual Studio\18\Community\VC\Tools\MSVC\14.50.35717\include\numeric(33): warning C4267: “=”: 从“size_t”转换到“_Ty”，可能丢失数据
        with
        [
            _Ty=int
        ]
C:\Program Files\Microsoft Visual Studio\18\Community\VC\Tools\MSVC\14.50.35717\include\numeric(33): note: 模板实例化上下文(最早的实例化上下文)为
E:\ai\3DPrinter_Qt6\third_party\OrcaSlicer\src\libslic3r\ExtrusionEntity.hpp(441): note: 查看对正在编译的函数 模板 实例化“_Ty std::accumulate<std::_Vector_const_iterator<std::_Vector_val<std::_Simple_types<Slic3r::ExtrusionPath>>>,int,Slic3r::ExtrusionMultiPath::collect_points::<lambda_abff1419f1e7bad13c439e3f0139ec39>>(const _InIt,const _InIt,_Ty,_Fn)”的引用
        with
        [
            _Ty=int,
            _InIt=std::_Vector_const_iterator<std::_Vector_val<std::_Simple_types<Slic3r::ExtrusionPath>>>,
            _Fn=Slic3r::ExtrusionMultiPath::collect_points::<lambda_abff1419f1e7bad13c439e3f0139ec39>
        ]
C:\Program Files\Microsoft Visual Studio\18\Community\VC\Tools\MSVC\14.50.35717\include\xutility(522): warning C4244: “初始化”: 从“_Ty”转换到“_Ty”，可能丢失数据
        with
        [
            _Ty=coord_t
        ]
        and
        [
            _Ty=double
        ]
C:\Program Files\Microsoft Visual Studio\18\Community\VC\Tools\MSVC\14.50.35717\include\xutility(522): note: 模板实例化上下文(最早的实例化上下文)为
E:\ai\3DPrinter_Qt6\third_party\OrcaSlicer\src\libslic3r\Fill\FillConcentric.cpp(133): note: 查看对正在编译的函数 模板 实例化“Slic3r::ThickPolyline Slic3r::Arachne::to_thick_polyline<Slic3r::Arachne::ExtrusionLine>(const PathType &)”的引用
        with
        [
            PathType=Slic3r::Arachne::ExtrusionLine
        ]
E:\ai\3DPrinter_Qt6\third_party\OrcaSlicer\src\libslic3r\Arachne\utils/ExtrusionLine.hpp(210): note: 查看对正在编译的函数 模板 实例化“double &std::vector<coordf_t,std::allocator<coordf_t>>::emplace_back<coord_t>(coord_t &&)”的引用
C:\Program Files\Microsoft Visual Studio\18\Community\VC\Tools\MSVC\14.50.35717\include\vector(924): note: 查看对正在编译的函数 模板 实例化“_Ty &std::vector<_Ty,std::allocator<_Ty>>::_Emplace_one_at_back<__int64>(__int64 &&)”的引用
        with
        [
            _Ty=coordf_t
        ]
C:\Program Files\Microsoft Visual Studio\18\Community\VC\Tools\MSVC\14.50.35717\include\vector(845): note: 查看对正在编译的函数 模板 实例化“_Ty &std::vector<_Ty,std::allocator<_Ty>>::_Emplace_back_with_unused_capacity<__int64>(__int64 &&)”的引用
        with
        [
            _Ty=coordf_t
        ]
C:\Program Files\Microsoft Visual Studio\18\Community\VC\Tools\MSVC\14.50.35717\include\vector(860): note: 查看对正在编译的函数 模板 实例化“void std::_Construct_in_place<double,_Ty>(double &,_Ty &&) noexcept”的引用
        with
        [
            _Ty=coord_t
        ]
C:\Program Files\Microsoft Visual Studio\18\Community\VC\Tools\MSVC\14.50.35717\include\xmemory(736): warning C4244: “初始化”: 从“_Ty”转换到“_Objty”，可能丢失数据
        with
        [
            _Ty=coord_t
        ]
        and
        [
            _Objty=double
        ]
C:\Program Files\Microsoft Visual Studio\18\Community\VC\Tools\MSVC\14.50.35717\include\xmemory(736): note: 模板实例化上下文(最早的实例化上下文)为
C:\Program Files\Microsoft Visual Studio\18\Community\VC\Tools\MSVC\14.50.35717\include\vector(848): note: 查看对正在编译的函数 模板 实例化“double *std::vector<coordf_t,std::allocator<coordf_t>>::_Emplace_reallocate<_Ty>(double *const ,_Ty &&)”的引用
        with
        [
            _Ty=coord_t
        ]
C:\Program Files\Microsoft Visual Studio\18\Community\VC\Tools\MSVC\14.50.35717\include\vector(900): note: 查看对正在编译的函数 模板 实例化“void std::_Default_allocator_traits<_Alloc>::construct<_Ty,__int64>(_Alloc &,_Objty *const ,__int64 &&)”的引用
        with
        [
            _Alloc=std::allocator<coordf_t>,
            _Ty=double,
            _Objty=double
        ]
[165/260] Building CXX object CMakeFiles\libslic3r_from_source.dir\third_party\OrcaSlicer\src\libslic3r\Fill\FillConcentricInternal.cpp.obj
C:\Program Files\Microsoft Visual Studio\18\Community\VC\Tools\MSVC\14.50.35717\include\numeric(33): warning C4267: “=”: 从“size_t”转换到“_Ty”，可能丢失数据
        with
        [
            _Ty=int
        ]
C:\Program Files\Microsoft Visual Studio\18\Community\VC\Tools\MSVC\14.50.35717\include\numeric(33): note: 模板实例化上下文(最早的实例化上下文)为
E:\ai\3DPrinter_Qt6\third_party\OrcaSlicer\src\libslic3r\ExtrusionEntity.hpp(441): note: 查看对正在编译的函数 模板 实例化“_Ty std::accumulate<std::_Vector_const_iterator<std::_Vector_val<std::_Simple_types<Slic3r::ExtrusionPath>>>,int,Slic3r::ExtrusionMultiPath::collect_points::<lambda_abff1419f1e7bad13c439e3f0139ec39>>(const _InIt,const _InIt,_Ty,_Fn)”的引用
        with
        [
            _Ty=int,
            _InIt=std::_Vector_const_iterator<std::_Vector_val<std::_Simple_types<Slic3r::ExtrusionPath>>>,
            _Fn=Slic3r::ExtrusionMultiPath::collect_points::<lambda_abff1419f1e7bad13c439e3f0139ec39>
        ]
C:\Program Files\Microsoft Visual Studio\18\Community\VC\Tools\MSVC\14.50.35717\include\xutility(522): warning C4244: “初始化”: 从“_Ty”转换到“_Ty”，可能丢失数据
        with
        [
            _Ty=coord_t
        ]
        and
        [
            _Ty=double
        ]
C:\Program Files\Microsoft Visual Studio\18\Community\VC\Tools\MSVC\14.50.35717\include\xutility(522): note: 模板实例化上下文(最早的实例化上下文)为
E:\ai\3DPrinter_Qt6\third_party\OrcaSlicer\src\libslic3r\Fill\FillConcentricInternal.cpp(55): note: 查看对正在编译的函数 模板 实例化“Slic3r::ThickPolyline Slic3r::Arachne::to_thick_polyline<Slic3r::Arachne::ExtrusionLine>(const PathType &)”的引用
        with
        [
            PathType=Slic3r::Arachne::ExtrusionLine
        ]
E:\ai\3DPrinter_Qt6\third_party\OrcaSlicer\src\libslic3r\Arachne\utils/ExtrusionLine.hpp(210): note: 查看对正在编译的函数 模板 实例化“double &std::vector<coordf_t,std::allocator<coordf_t>>::emplace_back<coord_t>(coord_t &&)”的引用
C:\Program Files\Microsoft Visual Studio\18\Community\VC\Tools\MSVC\14.50.35717\include\vector(924): note: 查看对正在编译的函数 模板 实例化“_Ty &std::vector<_Ty,std::allocator<_Ty>>::_Emplace_one_at_back<__int64>(__int64 &&)”的引用
        with
        [
            _Ty=coordf_t
        ]
C:\Program Files\Microsoft Visual Studio\18\Community\VC\Tools\MSVC\14.50.35717\include\vector(845): note: 查看对正在编译的函数 模板 实例化“_Ty &std::vector<_Ty,std::allocator<_Ty>>::_Emplace_back_with_unused_capacity<__int64>(__int64 &&)”的引用
        with
        [
            _Ty=coordf_t
        ]
C:\Program Files\Microsoft Visual Studio\18\Community\VC\Tools\MSVC\14.50.35717\include\vector(860): note: 查看对正在编译的函数 模板 实例化“void std::_Construct_in_place<double,_Ty>(double &,_Ty &&) noexcept”的引用
        with
        [
            _Ty=coord_t
        ]
C:\Program Files\Microsoft Visual Studio\18\Community\VC\Tools\MSVC\14.50.35717\include\xmemory(736): warning C4244: “初始化”: 从“_Ty”转换到“_Objty”，可能丢失数据
        with
        [
            _Ty=coord_t
        ]
        and
        [
            _Objty=double
        ]
C:\Program Files\Microsoft Visual Studio\18\Community\VC\Tools\MSVC\14.50.35717\include\xmemory(736): note: 模板实例化上下文(最早的实例化上下文)为
C:\Program Files\Microsoft Visual Studio\18\Community\VC\Tools\MSVC\14.50.35717\include\vector(848): note: 查看对正在编译的函数 模板 实例化“double *std::vector<coordf_t,std::allocator<coordf_t>>::_Emplace_reallocate<_Ty>(double *const ,_Ty &&)”的引用
        with
        [
            _Ty=coord_t
        ]
C:\Program Files\Microsoft Visual Studio\18\Community\VC\Tools\MSVC\14.50.35717\include\vector(900): note: 查看对正在编译的函数 模板 实例化“void std::_Default_allocator_traits<_Alloc>::construct<_Ty,__int64>(_Alloc &,_Objty *const ,__int64 &&)”的引用
        with
        [
            _Alloc=std::allocator<coordf_t>,
            _Ty=double,
            _Objty=double
        ]
[166/260] Building CXX object CMakeFiles\libslic3r_from_source.dir\third_party\OrcaSlicer\src\libslic3r\Fill\FillCrossHatch.cpp.obj
C:\Program Files\Microsoft Visual Studio\18\Community\VC\Tools\MSVC\14.50.35717\include\numeric(33): warning C4267: “=”: 从“size_t”转换到“_Ty”，可能丢失数据
        with
        [
            _Ty=int
        ]
C:\Program Files\Microsoft Visual Studio\18\Community\VC\Tools\MSVC\14.50.35717\include\numeric(33): note: 模板实例化上下文(最早的实例化上下文)为
E:\ai\3DPrinter_Qt6\third_party\OrcaSlicer\src\libslic3r\ExtrusionEntity.hpp(441): note: 查看对正在编译的函数 模板 实例化“_Ty std::accumulate<std::_Vector_const_iterator<std::_Vector_val<std::_Simple_types<Slic3r::ExtrusionPath>>>,int,Slic3r::ExtrusionMultiPath::collect_points::<lambda_abff1419f1e7bad13c439e3f0139ec39>>(const _InIt,const _InIt,_Ty,_Fn)”的引用
        with
        [
            _Ty=int,
            _InIt=std::_Vector_const_iterator<std::_Vector_val<std::_Simple_types<Slic3r::ExtrusionPath>>>,
            _Fn=Slic3r::ExtrusionMultiPath::collect_points::<lambda_abff1419f1e7bad13c439e3f0139ec39>
        ]
[167/260] Building CXX object CMakeFiles\libslic3r_from_source.dir\third_party\OrcaSlicer\src\libslic3r\Fill\FillAdaptive.cpp.obj
C:\Program Files\Microsoft Visual Studio\18\Community\VC\Tools\MSVC\14.50.35717\include\numeric(33): warning C4267: “=”: 从“size_t”转换到“_Ty”，可能丢失数据
        with
        [
            _Ty=int
        ]
C:\Program Files\Microsoft Visual Studio\18\Community\VC\Tools\MSVC\14.50.35717\include\numeric(33): note: 模板实例化上下文(最早的实例化上下文)为
E:\ai\3DPrinter_Qt6\third_party\OrcaSlicer\src\libslic3r\ExtrusionEntity.hpp(441): note: 查看对正在编译的函数 模板 实例化“_Ty std::accumulate<std::_Vector_const_iterator<std::_Vector_val<std::_Simple_types<Slic3r::ExtrusionPath>>>,int,Slic3r::ExtrusionMultiPath::collect_points::<lambda_abff1419f1e7bad13c439e3f0139ec39>>(const _InIt,const _InIt,_Ty,_Fn)”的引用
        with
        [
            _Ty=int,
            _InIt=std::_Vector_const_iterator<std::_Vector_val<std::_Simple_types<Slic3r::ExtrusionPath>>>,
            _Fn=Slic3r::ExtrusionMultiPath::collect_points::<lambda_abff1419f1e7bad13c439e3f0139ec39>
        ]
[168/260] Building CXX object CMakeFiles\libslic3r_from_source.dir\third_party\OrcaSlicer\src\libslic3r\Fill\FillBase.cpp.obj
C:\Program Files\Microsoft Visual Studio\18\Community\VC\Tools\MSVC\14.50.35717\include\numeric(33): warning C4267: “=”: 从“size_t”转换到“_Ty”，可能丢失数据
        with
        [
            _Ty=int
        ]
C:\Program Files\Microsoft Visual Studio\18\Community\VC\Tools\MSVC\14.50.35717\include\numeric(33): note: 模板实例化上下文(最早的实例化上下文)为
E:\ai\3DPrinter_Qt6\third_party\OrcaSlicer\src\libslic3r\ExtrusionEntity.hpp(441): note: 查看对正在编译的函数 模板 实例化“_Ty std::accumulate<std::_Vector_const_iterator<std::_Vector_val<std::_Simple_types<Slic3r::ExtrusionPath>>>,int,Slic3r::ExtrusionMultiPath::collect_points::<lambda_abff1419f1e7bad13c439e3f0139ec39>>(const _InIt,const _InIt,_Ty,_Fn)”的引用
        with
        [
            _Ty=int,
            _InIt=std::_Vector_const_iterator<std::_Vector_val<std::_Simple_types<Slic3r::ExtrusionPath>>>,
            _Fn=Slic3r::ExtrusionMultiPath::collect_points::<lambda_abff1419f1e7bad13c439e3f0139ec39>
        ]
[169/260] Building CXX object CMakeFiles\libslic3r_from_source.dir\third_party\OrcaSlicer\src\libslic3r\Fill\FillGyroid.cpp.obj
C:\Program Files\Microsoft Visual Studio\18\Community\VC\Tools\MSVC\14.50.35717\include\numeric(33): warning C4267: “=”: 从“size_t”转换到“_Ty”，可能丢失数据
        with
        [
            _Ty=int
        ]
C:\Program Files\Microsoft Visual Studio\18\Community\VC\Tools\MSVC\14.50.35717\include\numeric(33): note: 模板实例化上下文(最早的实例化上下文)为
E:\ai\3DPrinter_Qt6\third_party\OrcaSlicer\src\libslic3r\ExtrusionEntity.hpp(441): note: 查看对正在编译的函数 模板 实例化“_Ty std::accumulate<std::_Vector_const_iterator<std::_Vector_val<std::_Simple_types<Slic3r::ExtrusionPath>>>,int,Slic3r::ExtrusionMultiPath::collect_points::<lambda_abff1419f1e7bad13c439e3f0139ec39>>(const _InIt,const _InIt,_Ty,_Fn)”的引用
        with
        [
            _Ty=int,
            _InIt=std::_Vector_const_iterator<std::_Vector_val<std::_Simple_types<Slic3r::ExtrusionPath>>>,
            _Fn=Slic3r::ExtrusionMultiPath::collect_points::<lambda_abff1419f1e7bad13c439e3f0139ec39>
        ]
[170/260] Building CXX object CMakeFiles\libslic3r_from_source.dir\third_party\OrcaSlicer\src\libslic3r\Fill\FillHoneycomb.cpp.obj
C:\Program Files\Microsoft Visual Studio\18\Community\VC\Tools\MSVC\14.50.35717\include\numeric(33): warning C4267: “=”: 从“size_t”转换到“_Ty”，可能丢失数据
        with
        [
            _Ty=int
        ]
C:\Program Files\Microsoft Visual Studio\18\Community\VC\Tools\MSVC\14.50.35717\include\numeric(33): note: 模板实例化上下文(最早的实例化上下文)为
E:\ai\3DPrinter_Qt6\third_party\OrcaSlicer\src\libslic3r\ExtrusionEntity.hpp(441): note: 查看对正在编译的函数 模板 实例化“_Ty std::accumulate<std::_Vector_const_iterator<std::_Vector_val<std::_Simple_types<Slic3r::ExtrusionPath>>>,int,Slic3r::ExtrusionMultiPath::collect_points::<lambda_abff1419f1e7bad13c439e3f0139ec39>>(const _InIt,const _InIt,_Ty,_Fn)”的引用
        with
        [
            _Ty=int,
            _InIt=std::_Vector_const_iterator<std::_Vector_val<std::_Simple_types<Slic3r::ExtrusionPath>>>,
            _Fn=Slic3r::ExtrusionMultiPath::collect_points::<lambda_abff1419f1e7bad13c439e3f0139ec39>
        ]
[171/260] Building CXX object CMakeFiles\libslic3r_from_source.dir\third_party\OrcaSlicer\src\libslic3r\Fill\FillPlanePath.cpp.obj
C:\Program Files\Microsoft Visual Studio\18\Community\VC\Tools\MSVC\14.50.35717\include\numeric(33): warning C4267: “=”: 从“size_t”转换到“_Ty”，可能丢失数据
        with
        [
            _Ty=int
        ]
C:\Program Files\Microsoft Visual Studio\18\Community\VC\Tools\MSVC\14.50.35717\include\numeric(33): note: 模板实例化上下文(最早的实例化上下文)为
E:\ai\3DPrinter_Qt6\third_party\OrcaSlicer\src\libslic3r\ExtrusionEntity.hpp(441): note: 查看对正在编译的函数 模板 实例化“_Ty std::accumulate<std::_Vector_const_iterator<std::_Vector_val<std::_Simple_types<Slic3r::ExtrusionPath>>>,int,Slic3r::ExtrusionMultiPath::collect_points::<lambda_abff1419f1e7bad13c439e3f0139ec39>>(const _InIt,const _InIt,_Ty,_Fn)”的引用
        with
        [
            _Ty=int,
            _InIt=std::_Vector_const_iterator<std::_Vector_val<std::_Simple_types<Slic3r::ExtrusionPath>>>,
            _Fn=Slic3r::ExtrusionMultiPath::collect_points::<lambda_abff1419f1e7bad13c439e3f0139ec39>
        ]
[172/260] Building CXX object CMakeFiles\libslic3r_from_source.dir\third_party\OrcaSlicer\src\libslic3r\Fill\FillLine.cpp.obj
C:\Program Files\Microsoft Visual Studio\18\Community\VC\Tools\MSVC\14.50.35717\include\numeric(33): warning C4267: “=”: 从“size_t”转换到“_Ty”，可能丢失数据
        with
        [
            _Ty=int
        ]
C:\Program Files\Microsoft Visual Studio\18\Community\VC\Tools\MSVC\14.50.35717\include\numeric(33): note: 模板实例化上下文(最早的实例化上下文)为
E:\ai\3DPrinter_Qt6\third_party\OrcaSlicer\src\libslic3r\ExtrusionEntity.hpp(441): note: 查看对正在编译的函数 模板 实例化“_Ty std::accumulate<std::_Vector_const_iterator<std::_Vector_val<std::_Simple_types<Slic3r::ExtrusionPath>>>,int,Slic3r::ExtrusionMultiPath::collect_points::<lambda_abff1419f1e7bad13c439e3f0139ec39>>(const _InIt,const _InIt,_Ty,_Fn)”的引用
        with
        [
            _Ty=int,
            _InIt=std::_Vector_const_iterator<std::_Vector_val<std::_Simple_types<Slic3r::ExtrusionPath>>>,
            _Fn=Slic3r::ExtrusionMultiPath::collect_points::<lambda_abff1419f1e7bad13c439e3f0139ec39>
        ]
[173/260] Building CXX object CMakeFiles\libslic3r_from_source.dir\third_party\OrcaSlicer\src\libslic3r\Fill\FillRectilinear.cpp.obj
C:\Program Files\Microsoft Visual Studio\18\Community\VC\Tools\MSVC\14.50.35717\include\numeric(33): warning C4267: “=”: 从“size_t”转换到“_Ty”，可能丢失数据
        with
        [
            _Ty=int
        ]
C:\Program Files\Microsoft Visual Studio\18\Community\VC\Tools\MSVC\14.50.35717\include\numeric(33): note: 模板实例化上下文(最早的实例化上下文)为
E:\ai\3DPrinter_Qt6\third_party\OrcaSlicer\src\libslic3r\ExtrusionEntity.hpp(441): note: 查看对正在编译的函数 模板 实例化“_Ty std::accumulate<std::_Vector_const_iterator<std::_Vector_val<std::_Simple_types<Slic3r::ExtrusionPath>>>,int,Slic3r::ExtrusionMultiPath::collect_points::<lambda_abff1419f1e7bad13c439e3f0139ec39>>(const _InIt,const _InIt,_Ty,_Fn)”的引用
        with
        [
            _Ty=int,
            _InIt=std::_Vector_const_iterator<std::_Vector_val<std::_Simple_types<Slic3r::ExtrusionPath>>>,
            _Fn=Slic3r::ExtrusionMultiPath::collect_points::<lambda_abff1419f1e7bad13c439e3f0139ec39>
        ]
C:\Program Files\Microsoft Visual Studio\18\Community\VC\Tools\MSVC\14.50.35717\include\xutility(522): warning C4267: “初始化”: 从“size_t”转换到“_Ty”，可能丢失数据
        with
        [
            _Ty=int
        ]
C:\Program Files\Microsoft Visual Studio\18\Community\VC\Tools\MSVC\14.50.35717\include\xutility(522): note: 模板实例化上下文(最早的实例化上下文)为
E:\ai\3DPrinter_Qt6\third_party\OrcaSlicer\src\libslic3r\Fill\FillRectilinear.cpp(1275): note: 查看对正在编译的函数 模板 实例化“int &std::vector<int,std::allocator<int>>::emplace_back<unsigned __int64>(unsigned __int64 &&)”的引用
E:\ai\3DPrinter_Qt6\third_party\OrcaSlicer\src\libslic3r\Fill\FillRectilinear.cpp(1275): note: 请参阅 "Slic3r::pinch_contours_insert_phony_outer_intersections" 中对 "std::vector<int,std::allocator<int>>::emplace_back" 的第一个引用
C:\Program Files\Microsoft Visual Studio\18\Community\VC\Tools\MSVC\14.50.35717\include\vector(924): note: 查看对正在编译的函数 模板 实例化“_Ty &std::vector<_Ty,std::allocator<_Ty>>::_Emplace_one_at_back<unsigned __int64>(unsigned __int64 &&)”的引用
        with
        [
            _Ty=int
        ]
C:\Program Files\Microsoft Visual Studio\18\Community\VC\Tools\MSVC\14.50.35717\include\vector(845): note: 查看对正在编译的函数 模板 实例化“_Ty &std::vector<_Ty,std::allocator<_Ty>>::_Emplace_back_with_unused_capacity<unsigned __int64>(unsigned __int64 &&)”的引用
        with
        [
            _Ty=int
        ]
C:\Program Files\Microsoft Visual Studio\18\Community\VC\Tools\MSVC\14.50.35717\include\vector(860): note: 查看对正在编译的函数 模板 实例化“void std::_Construct_in_place<int,_Ty>(int &,_Ty &&) noexcept”的引用
        with
        [
            _Ty=unsigned __int64
        ]
C:\Program Files\Microsoft Visual Studio\18\Community\VC\Tools\MSVC\14.50.35717\include\xmemory(736): warning C4267: “初始化”: 从“size_t”转换到“_Objty”，可能丢失数据
        with
        [
            _Objty=int
        ]
C:\Program Files\Microsoft Visual Studio\18\Community\VC\Tools\MSVC\14.50.35717\include\xmemory(736): note: 模板实例化上下文(最早的实例化上下文)为
C:\Program Files\Microsoft Visual Studio\18\Community\VC\Tools\MSVC\14.50.35717\include\vector(848): note: 查看对正在编译的函数 模板 实例化“int *std::vector<int,std::allocator<int>>::_Emplace_reallocate<_Ty>(int *const ,_Ty &&)”的引用
        with
        [
            _Ty=unsigned __int64
        ]
C:\Program Files\Microsoft Visual Studio\18\Community\VC\Tools\MSVC\14.50.35717\include\vector(900): note: 查看对正在编译的函数 模板 实例化“void std::_Default_allocator_traits<_Alloc>::construct<_Ty,unsigned __int64>(_Alloc &,_Objty *const ,unsigned __int64 &&)”的引用
        with
        [
            _Alloc=std::allocator<int>,
            _Ty=int,
            _Objty=int
        ]
[174/260] Building CXX object CMakeFiles\libslic3r_from_source.dir\third_party\OrcaSlicer\src\libslic3r\Fill\Lightning\Layer.cpp.obj
[175/260] Building CXX object CMakeFiles\libslic3r_from_source.dir\third_party\OrcaSlicer\src\libslic3r\Fill\FillLightning.cpp.obj
C:\Program Files\Microsoft Visual Studio\18\Community\VC\Tools\MSVC\14.50.35717\include\numeric(33): warning C4267: “=”: 从“size_t”转换到“_Ty”，可能丢失数据
        with
        [
            _Ty=int
        ]
C:\Program Files\Microsoft Visual Studio\18\Community\VC\Tools\MSVC\14.50.35717\include\numeric(33): note: 模板实例化上下文(最早的实例化上下文)为
E:\ai\3DPrinter_Qt6\third_party\OrcaSlicer\src\libslic3r/ExtrusionEntity.hpp(441): note: 查看对正在编译的函数 模板 实例化“_Ty std::accumulate<std::_Vector_const_iterator<std::_Vector_val<std::_Simple_types<Slic3r::ExtrusionPath>>>,int,Slic3r::ExtrusionMultiPath::collect_points::<lambda_abff1419f1e7bad13c439e3f0139ec39>>(const _InIt,const _InIt,_Ty,_Fn)”的引用
        with
        [
            _Ty=int,
            _InIt=std::_Vector_const_iterator<std::_Vector_val<std::_Simple_types<Slic3r::ExtrusionPath>>>,
            _Fn=Slic3r::ExtrusionMultiPath::collect_points::<lambda_abff1419f1e7bad13c439e3f0139ec39>
        ]
[176/260] Building CXX object CMakeFiles\libslic3r_from_source.dir\third_party\OrcaSlicer\src\libslic3r\Fill\Lightning\TreeNode.cpp.obj
[177/260] Building CXX object CMakeFiles\libslic3r_from_source.dir\third_party\OrcaSlicer\src\libslic3r\Fill\FillTpmsD.cpp.obj
C:\Program Files\Microsoft Visual Studio\18\Community\VC\Tools\MSVC\14.50.35717\include\numeric(33): warning C4267: “=”: 从“size_t”转换到“_Ty”，可能丢失数据
        with
        [
            _Ty=int
        ]
C:\Program Files\Microsoft Visual Studio\18\Community\VC\Tools\MSVC\14.50.35717\include\numeric(33): note: 模板实例化上下文(最早的实例化上下文)为
E:\ai\3DPrinter_Qt6\third_party\OrcaSlicer\src\libslic3r\ExtrusionEntity.hpp(441): note: 查看对正在编译的函数 模板 实例化“_Ty std::accumulate<std::_Vector_const_iterator<std::_Vector_val<std::_Simple_types<Slic3r::ExtrusionPath>>>,int,Slic3r::ExtrusionMultiPath::collect_points::<lambda_abff1419f1e7bad13c439e3f0139ec39>>(const _InIt,const _InIt,_Ty,_Fn)”的引用
        with
        [
            _Ty=int,
            _InIt=std::_Vector_const_iterator<std::_Vector_val<std::_Simple_types<Slic3r::ExtrusionPath>>>,
            _Fn=Slic3r::ExtrusionMultiPath::collect_points::<lambda_abff1419f1e7bad13c439e3f0139ec39>
        ]
[178/260] Building CXX object CMakeFiles\libslic3r_from_source.dir\third_party\OrcaSlicer\src\libslic3r\Fill\FillTpmsFK.cpp.obj
C:\Program Files\Microsoft Visual Studio\18\Community\VC\Tools\MSVC\14.50.35717\include\numeric(33): warning C4267: “=”: 从“size_t”转换到“_Ty”，可能丢失数据
        with
        [
            _Ty=int
        ]
C:\Program Files\Microsoft Visual Studio\18\Community\VC\Tools\MSVC\14.50.35717\include\numeric(33): note: 模板实例化上下文(最早的实例化上下文)为
E:\ai\3DPrinter_Qt6\third_party\OrcaSlicer\src\libslic3r\ExtrusionEntity.hpp(441): note: 查看对正在编译的函数 模板 实例化“_Ty std::accumulate<std::_Vector_const_iterator<std::_Vector_val<std::_Simple_types<Slic3r::ExtrusionPath>>>,int,Slic3r::ExtrusionMultiPath::collect_points::<lambda_abff1419f1e7bad13c439e3f0139ec39>>(const _InIt,const _InIt,_Ty,_Fn)”的引用
        with
        [
            _Ty=int,
            _InIt=std::_Vector_const_iterator<std::_Vector_val<std::_Simple_types<Slic3r::ExtrusionPath>>>,
            _Fn=Slic3r::ExtrusionMultiPath::collect_points::<lambda_abff1419f1e7bad13c439e3f0139ec39>
        ]
[179/260] Building CXX object CMakeFiles\libslic3r_from_source.dir\third_party\OrcaSlicer\src\libslic3r\Fill\Lightning\DistanceField.cpp.obj
C:\Program Files\Microsoft Visual Studio\18\Community\VC\Tools\MSVC\14.50.35717\include\numeric(33): warning C4267: “=”: 从“size_t”转换到“_Ty”，可能丢失数据
        with
        [
            _Ty=int
        ]
C:\Program Files\Microsoft Visual Studio\18\Community\VC\Tools\MSVC\14.50.35717\include\numeric(33): note: 模板实例化上下文(最早的实例化上下文)为
E:\ai\3DPrinter_Qt6\third_party\OrcaSlicer\src\libslic3r\ExtrusionEntity.hpp(441): note: 查看对正在编译的函数 模板 实例化“_Ty std::accumulate<std::_Vector_const_iterator<std::_Vector_val<std::_Simple_types<Slic3r::ExtrusionPath>>>,int,Slic3r::ExtrusionMultiPath::collect_points::<lambda_abff1419f1e7bad13c439e3f0139ec39>>(const _InIt,const _InIt,_Ty,_Fn)”的引用
        with
        [
            _Ty=int,
            _InIt=std::_Vector_const_iterator<std::_Vector_val<std::_Simple_types<Slic3r::ExtrusionPath>>>,
            _Fn=Slic3r::ExtrusionMultiPath::collect_points::<lambda_abff1419f1e7bad13c439e3f0139ec39>
        ]
[180/260] Building CXX object CMakeFiles\libslic3r_from_source.dir\third_party\OrcaSlicer\src\libslic3r\Fill\Lightning\Generator.cpp.obj
C:\Program Files\Microsoft Visual Studio\18\Community\VC\Tools\MSVC\14.50.35717\include\numeric(33): warning C4267: “=”: 从“size_t”转换到“_Ty”，可能丢失数据
        with
        [
            _Ty=int
        ]
C:\Program Files\Microsoft Visual Studio\18\Community\VC\Tools\MSVC\14.50.35717\include\numeric(33): note: 模板实例化上下文(最早的实例化上下文)为
E:\ai\3DPrinter_Qt6\third_party\OrcaSlicer\src\libslic3r\ExtrusionEntity.hpp(441): note: 查看对正在编译的函数 模板 实例化“_Ty std::accumulate<std::_Vector_const_iterator<std::_Vector_val<std::_Simple_types<Slic3r::ExtrusionPath>>>,int,Slic3r::ExtrusionMultiPath::collect_points::<lambda_abff1419f1e7bad13c439e3f0139ec39>>(const _InIt,const _InIt,_Ty,_Fn)”的引用
        with
        [
            _Ty=int,
            _InIt=std::_Vector_const_iterator<std::_Vector_val<std::_Simple_types<Slic3r::ExtrusionPath>>>,
            _Fn=Slic3r::ExtrusionMultiPath::collect_points::<lambda_abff1419f1e7bad13c439e3f0139ec39>
        ]
[181/260] Building CXX object CMakeFiles\libslic3r_from_source.dir\third_party\OrcaSlicer\src\libslic3r\Format\DRC.cpp.obj
[182/260] Building CXX object CMakeFiles\libslic3r_from_source.dir\third_party\OrcaSlicer\src\libslic3r\Format\AMF.cpp.obj
C:\Program Files\Microsoft Visual Studio\18\Community\VC\Tools\MSVC\14.50.35717\include\numeric(33): warning C4267: “=”: 从“size_t”转换到“_Ty”，可能丢失数据
        with
        [
            _Ty=int
        ]
C:\Program Files\Microsoft Visual Studio\18\Community\VC\Tools\MSVC\14.50.35717\include\numeric(33): note: 模板实例化上下文(最早的实例化上下文)为
E:\ai\3DPrinter_Qt6\third_party\OrcaSlicer\src\libslic3r/ExtrusionEntity.hpp(441): note: 查看对正在编译的函数 模板 实例化“_Ty std::accumulate<std::_Vector_const_iterator<std::_Vector_val<std::_Simple_types<Slic3r::ExtrusionPath>>>,int,Slic3r::ExtrusionMultiPath::collect_points::<lambda_abff1419f1e7bad13c439e3f0139ec39>>(const _InIt,const _InIt,_Ty,_Fn)”的引用
        with
        [
            _Ty=int,
            _InIt=std::_Vector_const_iterator<std::_Vector_val<std::_Simple_types<Slic3r::ExtrusionPath>>>,
            _Fn=Slic3r::ExtrusionMultiPath::collect_points::<lambda_abff1419f1e7bad13c439e3f0139ec39>
        ]
C:\Program Files\Microsoft Visual Studio\18\Community\VC\Tools\MSVC\14.50.35717\include\utility(274): warning C4244: “初始化”: 从“_Ty”转换到“_Ty2”，可能丢失数据
        with
        [
            _Ty=int
        ]
        and
        [
            _Ty2=float
        ]
C:\Program Files\Microsoft Visual Studio\18\Community\VC\Tools\MSVC\14.50.35717\include\utility(274): note: 模板实例化上下文(最早的实例化上下文)为
E:\ai\3DPrinter_Qt6\third_party\OrcaSlicer\src\libslic3r\GCode/ExtrusionProcessor.hpp(339): note: 查看对正在编译的函数 模板 实例化“std::pair<float,float>::pair<float,int,0>(_Other1 &&,_Other2 &&) noexcept”的引用
        with
        [
            _Other1=float,
            _Other2=int
        ]
E:\ai\3DPrinter_Qt6\third_party\OrcaSlicer\src\libslic3r\GCode/ExtrusionProcessor.hpp(339): note: 请参阅 "Slic3r::ExtrusionQualityEstimator::estimate_extrusion_quality" 中对 "std::pair<float,float>::pair" 的第一个引用
[183/260] Building CXX object CMakeFiles\libslic3r_from_source.dir\third_party\OrcaSlicer\src\libslic3r\Format\OBJ.cpp.obj
C:\Program Files\Microsoft Visual Studio\18\Community\VC\Tools\MSVC\14.50.35717\include\numeric(33): warning C4267: “=”: 从“size_t”转换到“_Ty”，可能丢失数据
        with
        [
            _Ty=int
        ]
C:\Program Files\Microsoft Visual Studio\18\Community\VC\Tools\MSVC\14.50.35717\include\numeric(33): note: 模板实例化上下文(最早的实例化上下文)为
E:\ai\3DPrinter_Qt6\third_party\OrcaSlicer\src\libslic3r/ExtrusionEntity.hpp(441): note: 查看对正在编译的函数 模板 实例化“_Ty std::accumulate<std::_Vector_const_iterator<std::_Vector_val<std::_Simple_types<Slic3r::ExtrusionPath>>>,int,Slic3r::ExtrusionMultiPath::collect_points::<lambda_abff1419f1e7bad13c439e3f0139ec39>>(const _InIt,const _InIt,_Ty,_Fn)”的引用
        with
        [
            _Ty=int,
            _InIt=std::_Vector_const_iterator<std::_Vector_val<std::_Simple_types<Slic3r::ExtrusionPath>>>,
            _Fn=Slic3r::ExtrusionMultiPath::collect_points::<lambda_abff1419f1e7bad13c439e3f0139ec39>
        ]
[184/260] Building CXX object CMakeFiles\libslic3r_from_source.dir\third_party\OrcaSlicer\src\libslic3r\Format\3mf.cpp.obj
C:\Program Files\Microsoft Visual Studio\18\Community\VC\Tools\MSVC\14.50.35717\include\numeric(33): warning C4267: “=”: 从“size_t”转换到“_Ty”，可能丢失数据
        with
        [
            _Ty=int
        ]
C:\Program Files\Microsoft Visual Studio\18\Community\VC\Tools\MSVC\14.50.35717\include\numeric(33): note: 模板实例化上下文(最早的实例化上下文)为
E:\ai\3DPrinter_Qt6\third_party\OrcaSlicer\src\libslic3r/ExtrusionEntity.hpp(441): note: 查看对正在编译的函数 模板 实例化“_Ty std::accumulate<std::_Vector_const_iterator<std::_Vector_val<std::_Simple_types<Slic3r::ExtrusionPath>>>,int,Slic3r::ExtrusionMultiPath::collect_points::<lambda_abff1419f1e7bad13c439e3f0139ec39>>(const _InIt,const _InIt,_Ty,_Fn)”的引用
        with
        [
            _Ty=int,
            _InIt=std::_Vector_const_iterator<std::_Vector_val<std::_Simple_types<Slic3r::ExtrusionPath>>>,
            _Fn=Slic3r::ExtrusionMultiPath::collect_points::<lambda_abff1419f1e7bad13c439e3f0139ec39>
        ]
C:\Program Files\Microsoft Visual Studio\18\Community\VC\Tools\MSVC\14.50.35717\include\utility(274): warning C4244: “初始化”: 从“_Ty”转换到“_Ty2”，可能丢失数据
        with
        [
            _Ty=int
        ]
        and
        [
            _Ty2=float
        ]
C:\Program Files\Microsoft Visual Studio\18\Community\VC\Tools\MSVC\14.50.35717\include\utility(274): note: 模板实例化上下文(最早的实例化上下文)为
E:\ai\3DPrinter_Qt6\third_party\OrcaSlicer\src\libslic3r\GCode/ExtrusionProcessor.hpp(339): note: 查看对正在编译的函数 模板 实例化“std::pair<float,float>::pair<float,int,0>(_Other1 &&,_Other2 &&) noexcept”的引用
        with
        [
            _Other1=float,
            _Other2=int
        ]
E:\ai\3DPrinter_Qt6\third_party\OrcaSlicer\src\libslic3r\GCode/ExtrusionProcessor.hpp(339): note: 请参阅 "Slic3r::ExtrusionQualityEstimator::estimate_extrusion_quality" 中对 "std::pair<float,float>::pair" 的第一个引用
[185/260] Building CXX object CMakeFiles\libslic3r_from_source.dir\third_party\OrcaSlicer\src\libslic3r\Format\objparser.cpp.obj
[186/260] Building CXX object CMakeFiles\libslic3r_from_source.dir\third_party\OrcaSlicer\src\libslic3r\Format\SL1.cpp.obj
C:\Program Files\Microsoft Visual Studio\18\Community\VC\Tools\MSVC\14.50.35717\include\numeric(33): warning C4267: “=”: 从“size_t”转换到“_Ty”，可能丢失数据
        with
        [
            _Ty=int
        ]
C:\Program Files\Microsoft Visual Studio\18\Community\VC\Tools\MSVC\14.50.35717\include\numeric(33): note: 模板实例化上下文(最早的实例化上下文)为
E:\ai\3DPrinter_Qt6\third_party\OrcaSlicer\src\libslic3r/ExtrusionEntity.hpp(441): note: 查看对正在编译的函数 模板 实例化“_Ty std::accumulate<std::_Vector_const_iterator<std::_Vector_val<std::_Simple_types<Slic3r::ExtrusionPath>>>,int,Slic3r::ExtrusionMultiPath::collect_points::<lambda_abff1419f1e7bad13c439e3f0139ec39>>(const _InIt,const _InIt,_Ty,_Fn)”的引用
        with
        [
            _Ty=int,
            _InIt=std::_Vector_const_iterator<std::_Vector_val<std::_Simple_types<Slic3r::ExtrusionPath>>>,
            _Fn=Slic3r::ExtrusionMultiPath::collect_points::<lambda_abff1419f1e7bad13c439e3f0139ec39>
        ]
[187/260] Building CXX object CMakeFiles\libslic3r_from_source.dir\third_party\OrcaSlicer\src\libslic3r\GCode\AdaptivePAInterpolator.cpp.obj
[188/260] Building CXX object CMakeFiles\libslic3r_from_source.dir\third_party\OrcaSlicer\src\libslic3r\Format\STEP.cpp.obj
C:\Program Files\Microsoft Visual Studio\18\Community\VC\Tools\MSVC\14.50.35717\include\numeric(33): warning C4267: “=”: 从“size_t”转换到“_Ty”，可能丢失数据
        with
        [
            _Ty=int
        ]
C:\Program Files\Microsoft Visual Studio\18\Community\VC\Tools\MSVC\14.50.35717\include\numeric(33): note: 模板实例化上下文(最早的实例化上下文)为
E:\ai\3DPrinter_Qt6\third_party\OrcaSlicer\src\libslic3r/ExtrusionEntity.hpp(441): note: 查看对正在编译的函数 模板 实例化“_Ty std::accumulate<std::_Vector_const_iterator<std::_Vector_val<std::_Simple_types<Slic3r::ExtrusionPath>>>,int,Slic3r::ExtrusionMultiPath::collect_points::<lambda_abff1419f1e7bad13c439e3f0139ec39>>(const _InIt,const _InIt,_Ty,_Fn)”的引用
        with
        [
            _Ty=int,
            _InIt=std::_Vector_const_iterator<std::_Vector_val<std::_Simple_types<Slic3r::ExtrusionPath>>>,
            _Fn=Slic3r::ExtrusionMultiPath::collect_points::<lambda_abff1419f1e7bad13c439e3f0139ec39>
        ]
[189/260] Building CXX object CMakeFiles\libslic3r_from_source.dir\third_party\OrcaSlicer\src\libslic3r\Format\ZipperArchiveImport.cpp.obj
[190/260] Building CXX object CMakeFiles\libslic3r_from_source.dir\third_party\OrcaSlicer\src\libslic3r\Format\STL.cpp.obj
C:\Program Files\Microsoft Visual Studio\18\Community\VC\Tools\MSVC\14.50.35717\include\numeric(33): warning C4267: “=”: 从“size_t”转换到“_Ty”，可能丢失数据
        with
        [
            _Ty=int
        ]
C:\Program Files\Microsoft Visual Studio\18\Community\VC\Tools\MSVC\14.50.35717\include\numeric(33): note: 模板实例化上下文(最早的实例化上下文)为
E:\ai\3DPrinter_Qt6\third_party\OrcaSlicer\src\libslic3r/ExtrusionEntity.hpp(441): note: 查看对正在编译的函数 模板 实例化“_Ty std::accumulate<std::_Vector_const_iterator<std::_Vector_val<std::_Simple_types<Slic3r::ExtrusionPath>>>,int,Slic3r::ExtrusionMultiPath::collect_points::<lambda_abff1419f1e7bad13c439e3f0139ec39>>(const _InIt,const _InIt,_Ty,_Fn)”的引用
        with
        [
            _Ty=int,
            _InIt=std::_Vector_const_iterator<std::_Vector_val<std::_Simple_types<Slic3r::ExtrusionPath>>>,
            _Fn=Slic3r::ExtrusionMultiPath::collect_points::<lambda_abff1419f1e7bad13c439e3f0139ec39>
        ]
[191/260] Building CXX object CMakeFiles\libslic3r_from_source.dir\third_party\OrcaSlicer\src\libslic3r\Format\svg.cpp.obj
C:\Program Files\Microsoft Visual Studio\18\Community\VC\Tools\MSVC\14.50.35717\include\numeric(33): warning C4267: “=”: 从“size_t”转换到“_Ty”，可能丢失数据
        with
        [
            _Ty=int
        ]
C:\Program Files\Microsoft Visual Studio\18\Community\VC\Tools\MSVC\14.50.35717\include\numeric(33): note: 模板实例化上下文(最早的实例化上下文)为
E:\ai\3DPrinter_Qt6\third_party\OrcaSlicer\src\libslic3r/ExtrusionEntity.hpp(441): note: 查看对正在编译的函数 模板 实例化“_Ty std::accumulate<std::_Vector_const_iterator<std::_Vector_val<std::_Simple_types<Slic3r::ExtrusionPath>>>,int,Slic3r::ExtrusionMultiPath::collect_points::<lambda_abff1419f1e7bad13c439e3f0139ec39>>(const _InIt,const _InIt,_Ty,_Fn)”的引用
        with
        [
            _Ty=int,
            _InIt=std::_Vector_const_iterator<std::_Vector_val<std::_Simple_types<Slic3r::ExtrusionPath>>>,
            _Fn=Slic3r::ExtrusionMultiPath::collect_points::<lambda_abff1419f1e7bad13c439e3f0139ec39>
        ]
[192/260] Building CXX object CMakeFiles\libslic3r_from_source.dir\third_party\OrcaSlicer\src\libslic3r\GCode\AdaptivePAProcessor.cpp.obj
C:\Program Files\Microsoft Visual Studio\18\Community\VC\Tools\MSVC\14.50.35717\include\numeric(33): warning C4267: “=”: 从“size_t”转换到“_Ty”，可能丢失数据
        with
        [
            _Ty=int
        ]
C:\Program Files\Microsoft Visual Studio\18\Community\VC\Tools\MSVC\14.50.35717\include\numeric(33): note: 模板实例化上下文(最早的实例化上下文)为
E:\ai\3DPrinter_Qt6\third_party\OrcaSlicer\src\libslic3r\ExtrusionEntity.hpp(441): note: 查看对正在编译的函数 模板 实例化“_Ty std::accumulate<std::_Vector_const_iterator<std::_Vector_val<std::_Simple_types<Slic3r::ExtrusionPath>>>,int,Slic3r::ExtrusionMultiPath::collect_points::<lambda_abff1419f1e7bad13c439e3f0139ec39>>(const _InIt,const _InIt,_Ty,_Fn)”的引用
        with
        [
            _Ty=int,
            _InIt=std::_Vector_const_iterator<std::_Vector_val<std::_Simple_types<Slic3r::ExtrusionPath>>>,
            _Fn=Slic3r::ExtrusionMultiPath::collect_points::<lambda_abff1419f1e7bad13c439e3f0139ec39>
        ]
C:\Program Files\Microsoft Visual Studio\18\Community\VC\Tools\MSVC\14.50.35717\include\utility(274): warning C4244: “初始化”: 从“_Ty”转换到“_Ty2”，可能丢失数据
        with
        [
            _Ty=int
        ]
        and
        [
            _Ty2=float
        ]
C:\Program Files\Microsoft Visual Studio\18\Community\VC\Tools\MSVC\14.50.35717\include\utility(274): note: 模板实例化上下文(最早的实例化上下文)为
E:\ai\3DPrinter_Qt6\third_party\OrcaSlicer\src\libslic3r\GCode/ExtrusionProcessor.hpp(339): note: 查看对正在编译的函数 模板 实例化“std::pair<float,float>::pair<float,int,0>(_Other1 &&,_Other2 &&) noexcept”的引用
        with
        [
            _Other1=float,
            _Other2=int
        ]
E:\ai\3DPrinter_Qt6\third_party\OrcaSlicer\src\libslic3r\GCode/ExtrusionProcessor.hpp(339): note: 请参阅 "Slic3r::ExtrusionQualityEstimator::estimate_extrusion_quality" 中对 "std::pair<float,float>::pair" 的第一个引用
[193/260] Building CXX object CMakeFiles\libslic3r_from_source.dir\third_party\OrcaSlicer\src\libslic3r\GCode\ConflictChecker.cpp.obj
C:\Program Files\Microsoft Visual Studio\18\Community\VC\Tools\MSVC\14.50.35717\include\numeric(33): warning C4267: “=”: 从“size_t”转换到“_Ty”，可能丢失数据
        with
        [
            _Ty=int
        ]
C:\Program Files\Microsoft Visual Studio\18\Community\VC\Tools\MSVC\14.50.35717\include\numeric(33): note: 模板实例化上下文(最早的实例化上下文)为
E:\ai\3DPrinter_Qt6\third_party\OrcaSlicer\src\libslic3r/ExtrusionEntity.hpp(441): note: 查看对正在编译的函数 模板 实例化“_Ty std::accumulate<std::_Vector_const_iterator<std::_Vector_val<std::_Simple_types<Slic3r::ExtrusionPath>>>,int,Slic3r::ExtrusionMultiPath::collect_points::<lambda_abff1419f1e7bad13c439e3f0139ec39>>(const _InIt,const _InIt,_Ty,_Fn)”的引用
        with
        [
            _Ty=int,
            _InIt=std::_Vector_const_iterator<std::_Vector_val<std::_Simple_types<Slic3r::ExtrusionPath>>>,
            _Fn=Slic3r::ExtrusionMultiPath::collect_points::<lambda_abff1419f1e7bad13c439e3f0139ec39>
        ]
[194/260] Building CXX object CMakeFiles\libslic3r_from_source.dir\third_party\OrcaSlicer\src\libslic3r\GCode\AvoidCrossingPerimeters.cpp.obj
C:\Program Files\Microsoft Visual Studio\18\Community\VC\Tools\MSVC\14.50.35717\include\numeric(33): warning C4267: “=”: 从“size_t”转换到“_Ty”，可能丢失数据
        with
        [
            _Ty=int
        ]
C:\Program Files\Microsoft Visual Studio\18\Community\VC\Tools\MSVC\14.50.35717\include\numeric(33): note: 模板实例化上下文(最早的实例化上下文)为
E:\ai\3DPrinter_Qt6\third_party\OrcaSlicer\src\libslic3r\ExtrusionEntity.hpp(441): note: 查看对正在编译的函数 模板 实例化“_Ty std::accumulate<std::_Vector_const_iterator<std::_Vector_val<std::_Simple_types<Slic3r::ExtrusionPath>>>,int,Slic3r::ExtrusionMultiPath::collect_points::<lambda_abff1419f1e7bad13c439e3f0139ec39>>(const _InIt,const _InIt,_Ty,_Fn)”的引用
        with
        [
            _Ty=int,
            _InIt=std::_Vector_const_iterator<std::_Vector_val<std::_Simple_types<Slic3r::ExtrusionPath>>>,
            _Fn=Slic3r::ExtrusionMultiPath::collect_points::<lambda_abff1419f1e7bad13c439e3f0139ec39>
        ]
C:\Program Files\Microsoft Visual Studio\18\Community\VC\Tools\MSVC\14.50.35717\include\utility(274): warning C4244: “初始化”: 从“_Ty”转换到“_Ty2”，可能丢失数据
        with
        [
            _Ty=int
        ]
        and
        [
            _Ty2=float
        ]
C:\Program Files\Microsoft Visual Studio\18\Community\VC\Tools\MSVC\14.50.35717\include\utility(274): note: 模板实例化上下文(最早的实例化上下文)为
E:\ai\3DPrinter_Qt6\third_party\OrcaSlicer\src\libslic3r\GCode/ExtrusionProcessor.hpp(339): note: 查看对正在编译的函数 模板 实例化“std::pair<float,float>::pair<float,int,0>(_Other1 &&,_Other2 &&) noexcept”的引用
        with
        [
            _Other1=float,
            _Other2=int
        ]
E:\ai\3DPrinter_Qt6\third_party\OrcaSlicer\src\libslic3r\GCode/ExtrusionProcessor.hpp(339): note: 请参阅 "Slic3r::ExtrusionQualityEstimator::estimate_extrusion_quality" 中对 "std::pair<float,float>::pair" 的第一个引用
[195/260] Building CXX object CMakeFiles\libslic3r_from_source.dir\third_party\OrcaSlicer\src\libslic3r\GCode\PchipInterpolatorHelper.cpp.obj
[196/260] Building CXX object CMakeFiles\libslic3r_from_source.dir\third_party\OrcaSlicer\src\libslic3r\Format\bbs_3mf.cpp.obj
C:\Program Files\Microsoft Visual Studio\18\Community\VC\Tools\MSVC\14.50.35717\include\numeric(33): warning C4267: “=”: 从“size_t”转换到“_Ty”，可能丢失数据
        with
        [
            _Ty=int
        ]
C:\Program Files\Microsoft Visual Studio\18\Community\VC\Tools\MSVC\14.50.35717\include\numeric(33): note: 模板实例化上下文(最早的实例化上下文)为
E:\ai\3DPrinter_Qt6\third_party\OrcaSlicer\src\libslic3r/ExtrusionEntity.hpp(441): note: 查看对正在编译的函数 模板 实例化“_Ty std::accumulate<std::_Vector_const_iterator<std::_Vector_val<std::_Simple_types<Slic3r::ExtrusionPath>>>,int,Slic3r::ExtrusionMultiPath::collect_points::<lambda_abff1419f1e7bad13c439e3f0139ec39>>(const _InIt,const _InIt,_Ty,_Fn)”的引用
        with
        [
            _Ty=int,
            _InIt=std::_Vector_const_iterator<std::_Vector_val<std::_Simple_types<Slic3r::ExtrusionPath>>>,
            _Fn=Slic3r::ExtrusionMultiPath::collect_points::<lambda_abff1419f1e7bad13c439e3f0139ec39>
        ]
C:\Program Files\Microsoft Visual Studio\18\Community\VC\Tools\MSVC\14.50.35717\include\utility(274): warning C4244: “初始化”: 从“_Ty”转换到“_Ty2”，可能丢失数据
        with
        [
            _Ty=int
        ]
        and
        [
            _Ty2=float
        ]
C:\Program Files\Microsoft Visual Studio\18\Community\VC\Tools\MSVC\14.50.35717\include\utility(274): note: 模板实例化上下文(最早的实例化上下文)为
E:\ai\3DPrinter_Qt6\third_party\OrcaSlicer\src\libslic3r\GCode/ExtrusionProcessor.hpp(339): note: 查看对正在编译的函数 模板 实例化“std::pair<float,float>::pair<float,int,0>(_Other1 &&,_Other2 &&) noexcept”的引用
        with
        [
            _Other1=float,
            _Other2=int
        ]
E:\ai\3DPrinter_Qt6\third_party\OrcaSlicer\src\libslic3r\GCode/ExtrusionProcessor.hpp(339): note: 请参阅 "Slic3r::ExtrusionQualityEstimator::estimate_extrusion_quality" 中对 "std::pair<float,float>::pair" 的第一个引用
[197/260] Building CXX object CMakeFiles\libslic3r_from_source.dir\third_party\OrcaSlicer\src\libslic3r\GCode\CoolingBuffer.cpp.obj
C:\Program Files\Microsoft Visual Studio\18\Community\VC\Tools\MSVC\14.50.35717\include\numeric(33): warning C4267: “=”: 从“size_t”转换到“_Ty”，可能丢失数据
        with
        [
            _Ty=int
        ]
C:\Program Files\Microsoft Visual Studio\18\Community\VC\Tools\MSVC\14.50.35717\include\numeric(33): note: 模板实例化上下文(最早的实例化上下文)为
E:\ai\3DPrinter_Qt6\third_party\OrcaSlicer\src\libslic3r\ExtrusionEntity.hpp(441): note: 查看对正在编译的函数 模板 实例化“_Ty std::accumulate<std::_Vector_const_iterator<std::_Vector_val<std::_Simple_types<Slic3r::ExtrusionPath>>>,int,Slic3r::ExtrusionMultiPath::collect_points::<lambda_abff1419f1e7bad13c439e3f0139ec39>>(const _InIt,const _InIt,_Ty,_Fn)”的引用
        with
        [
            _Ty=int,
            _InIt=std::_Vector_const_iterator<std::_Vector_val<std::_Simple_types<Slic3r::ExtrusionPath>>>,
            _Fn=Slic3r::ExtrusionMultiPath::collect_points::<lambda_abff1419f1e7bad13c439e3f0139ec39>
        ]
C:\Program Files\Microsoft Visual Studio\18\Community\VC\Tools\MSVC\14.50.35717\include\utility(274): warning C4244: “初始化”: 从“_Ty”转换到“_Ty2”，可能丢失数据
        with
        [
            _Ty=int
        ]
        and
        [
            _Ty2=float
        ]
C:\Program Files\Microsoft Visual Studio\18\Community\VC\Tools\MSVC\14.50.35717\include\utility(274): note: 模板实例化上下文(最早的实例化上下文)为
E:\ai\3DPrinter_Qt6\third_party\OrcaSlicer\src\libslic3r\GCode/ExtrusionProcessor.hpp(339): note: 查看对正在编译的函数 模板 实例化“std::pair<float,float>::pair<float,int,0>(_Other1 &&,_Other2 &&) noexcept”的引用
        with
        [
            _Other1=float,
            _Other2=int
        ]
E:\ai\3DPrinter_Qt6\third_party\OrcaSlicer\src\libslic3r\GCode/ExtrusionProcessor.hpp(339): note: 请参阅 "Slic3r::ExtrusionQualityEstimator::estimate_extrusion_quality" 中对 "std::pair<float,float>::pair" 的第一个引用
[198/260] Building CXX object CMakeFiles\libslic3r_from_source.dir\third_party\OrcaSlicer\src\libslic3r\GCode\ElegooGCodeProcessorHelper.cpp.obj
C:\Program Files\Microsoft Visual Studio\18\Community\VC\Tools\MSVC\14.50.35717\include\numeric(33): warning C4267: “=”: 从“size_t”转换到“_Ty”，可能丢失数据
        with
        [
            _Ty=int
        ]
C:\Program Files\Microsoft Visual Studio\18\Community\VC\Tools\MSVC\14.50.35717\include\numeric(33): note: 模板实例化上下文(最早的实例化上下文)为
E:\ai\3DPrinter_Qt6\third_party\OrcaSlicer\src\libslic3r/ExtrusionEntity.hpp(441): note: 查看对正在编译的函数 模板 实例化“_Ty std::accumulate<std::_Vector_const_iterator<std::_Vector_val<std::_Simple_types<Slic3r::ExtrusionPath>>>,int,Slic3r::ExtrusionMultiPath::collect_points::<lambda_abff1419f1e7bad13c439e3f0139ec39>>(const _InIt,const _InIt,_Ty,_Fn)”的引用
        with
        [
            _Ty=int,
            _InIt=std::_Vector_const_iterator<std::_Vector_val<std::_Simple_types<Slic3r::ExtrusionPath>>>,
            _Fn=Slic3r::ExtrusionMultiPath::collect_points::<lambda_abff1419f1e7bad13c439e3f0139ec39>
        ]
[199/260] Building CXX object CMakeFiles\libslic3r_from_source.dir\third_party\OrcaSlicer\src\libslic3r\GCode\RetractWhenCrossingPerimeters.cpp.obj
C:\Program Files\Microsoft Visual Studio\18\Community\VC\Tools\MSVC\14.50.35717\include\numeric(33): warning C4267: “=”: 从“size_t”转换到“_Ty”，可能丢失数据
        with
        [
            _Ty=int
        ]
C:\Program Files\Microsoft Visual Studio\18\Community\VC\Tools\MSVC\14.50.35717\include\numeric(33): note: 模板实例化上下文(最早的实例化上下文)为
E:\ai\3DPrinter_Qt6\third_party\OrcaSlicer\src\libslic3r\ExtrusionEntity.hpp(441): note: 查看对正在编译的函数 模板 实例化“_Ty std::accumulate<std::_Vector_const_iterator<std::_Vector_val<std::_Simple_types<Slic3r::ExtrusionPath>>>,int,Slic3r::ExtrusionMultiPath::collect_points::<lambda_abff1419f1e7bad13c439e3f0139ec39>>(const _InIt,const _InIt,_Ty,_Fn)”的引用
        with
        [
            _Ty=int,
            _InIt=std::_Vector_const_iterator<std::_Vector_val<std::_Simple_types<Slic3r::ExtrusionPath>>>,
            _Fn=Slic3r::ExtrusionMultiPath::collect_points::<lambda_abff1419f1e7bad13c439e3f0139ec39>
        ]
[200/260] Building CXX object CMakeFiles\libslic3r_from_source.dir\third_party\OrcaSlicer\src\libslic3r\GCode\FanMover.cpp.obj
C:\Program Files\Microsoft Visual Studio\18\Community\VC\Tools\MSVC\14.50.35717\include\numeric(33): warning C4267: “=”: 从“size_t”转换到“_Ty”，可能丢失数据
        with
        [
            _Ty=int
        ]
C:\Program Files\Microsoft Visual Studio\18\Community\VC\Tools\MSVC\14.50.35717\include\numeric(33): note: 模板实例化上下文(最早的实例化上下文)为
E:\ai\3DPrinter_Qt6\third_party\OrcaSlicer\src\libslic3r\GCode\../ExtrusionEntity.hpp(441): note: 查看对正在编译的函数 模板 实例化“_Ty std::accumulate<std::_Vector_const_iterator<std::_Vector_val<std::_Simple_types<Slic3r::ExtrusionPath>>>,int,Slic3r::ExtrusionMultiPath::collect_points::<lambda_abff1419f1e7bad13c439e3f0139ec39>>(const _InIt,const _InIt,_Ty,_Fn)”的引用
        with
        [
            _Ty=int,
            _InIt=std::_Vector_const_iterator<std::_Vector_val<std::_Simple_types<Slic3r::ExtrusionPath>>>,
            _Fn=Slic3r::ExtrusionMultiPath::collect_points::<lambda_abff1419f1e7bad13c439e3f0139ec39>
        ]
[201/260] Building CXX object CMakeFiles\libslic3r_from_source.dir\third_party\OrcaSlicer\src\libslic3r\GCode\SmallAreaInfillFlowCompensator.cpp.obj
C:\Program Files\Microsoft Visual Studio\18\Community\VC\Tools\MSVC\14.50.35717\include\numeric(33): warning C4267: “=”: 从“size_t”转换到“_Ty”，可能丢失数据
        with
        [
            _Ty=int
        ]
C:\Program Files\Microsoft Visual Studio\18\Community\VC\Tools\MSVC\14.50.35717\include\numeric(33): note: 模板实例化上下文(最早的实例化上下文)为
E:\ai\3DPrinter_Qt6\third_party\OrcaSlicer\src\libslic3r\GCode\../ExtrusionEntity.hpp(441): note: 查看对正在编译的函数 模板 实例化“_Ty std::accumulate<std::_Vector_const_iterator<std::_Vector_val<std::_Simple_types<Slic3r::ExtrusionPath>>>,int,Slic3r::ExtrusionMultiPath::collect_points::<lambda_abff1419f1e7bad13c439e3f0139ec39>>(const _InIt,const _InIt,_Ty,_Fn)”的引用
        with
        [
            _Ty=int,
            _InIt=std::_Vector_const_iterator<std::_Vector_val<std::_Simple_types<Slic3r::ExtrusionPath>>>,
            _Fn=Slic3r::ExtrusionMultiPath::collect_points::<lambda_abff1419f1e7bad13c439e3f0139ec39>
        ]
[202/260] Building CXX object CMakeFiles\libslic3r_from_source.dir\third_party\OrcaSlicer\src\libslic3r\GCode\ThumbnailData.cpp.obj
[203/260] Building CXX object CMakeFiles\libslic3r_from_source.dir\third_party\OrcaSlicer\src\libslic3r\GCode\PressureEqualizer.cpp.obj
C:\Program Files\Microsoft Visual Studio\18\Community\VC\Tools\MSVC\14.50.35717\include\numeric(33): warning C4267: “=”: 从“size_t”转换到“_Ty”，可能丢失数据
        with
        [
            _Ty=int
        ]
C:\Program Files\Microsoft Visual Studio\18\Community\VC\Tools\MSVC\14.50.35717\include\numeric(33): note: 模板实例化上下文(最早的实例化上下文)为
E:\ai\3DPrinter_Qt6\third_party\OrcaSlicer\src\libslic3r\ExtrusionEntity.hpp(441): note: 查看对正在编译的函数 模板 实例化“_Ty std::accumulate<std::_Vector_const_iterator<std::_Vector_val<std::_Simple_types<Slic3r::ExtrusionPath>>>,int,Slic3r::ExtrusionMultiPath::collect_points::<lambda_abff1419f1e7bad13c439e3f0139ec39>>(const _InIt,const _InIt,_Ty,_Fn)”的引用
        with
        [
            _Ty=int,
            _InIt=std::_Vector_const_iterator<std::_Vector_val<std::_Simple_types<Slic3r::ExtrusionPath>>>,
            _Fn=Slic3r::ExtrusionMultiPath::collect_points::<lambda_abff1419f1e7bad13c439e3f0139ec39>
        ]
C:\Program Files\Microsoft Visual Studio\18\Community\VC\Tools\MSVC\14.50.35717\include\utility(274): warning C4244: “初始化”: 从“_Ty”转换到“_Ty2”，可能丢失数据
        with
        [
            _Ty=int
        ]
        and
        [
            _Ty2=float
        ]
C:\Program Files\Microsoft Visual Studio\18\Community\VC\Tools\MSVC\14.50.35717\include\utility(274): note: 模板实例化上下文(最早的实例化上下文)为
E:\ai\3DPrinter_Qt6\third_party\OrcaSlicer\src\libslic3r\GCode/ExtrusionProcessor.hpp(339): note: 查看对正在编译的函数 模板 实例化“std::pair<float,float>::pair<float,int,0>(_Other1 &&,_Other2 &&) noexcept”的引用
        with
        [
            _Other1=float,
            _Other2=int
        ]
E:\ai\3DPrinter_Qt6\third_party\OrcaSlicer\src\libslic3r\GCode/ExtrusionProcessor.hpp(339): note: 请参阅 "Slic3r::ExtrusionQualityEstimator::estimate_extrusion_quality" 中对 "std::pair<float,float>::pair" 的第一个引用
[204/260] Building CXX object CMakeFiles\libslic3r_from_source.dir\third_party\OrcaSlicer\src\libslic3r\GCode\GCodeProcessor.cpp.obj
C:\Program Files\Microsoft Visual Studio\18\Community\VC\Tools\MSVC\14.50.35717\include\numeric(33): warning C4267: “=”: 从“size_t”转换到“_Ty”，可能丢失数据
        with
        [
            _Ty=int
        ]
C:\Program Files\Microsoft Visual Studio\18\Community\VC\Tools\MSVC\14.50.35717\include\numeric(33): note: 模板实例化上下文(最早的实例化上下文)为
E:\ai\3DPrinter_Qt6\third_party\OrcaSlicer\src\libslic3r\ExtrusionEntity.hpp(441): note: 查看对正在编译的函数 模板 实例化“_Ty std::accumulate<std::_Vector_const_iterator<std::_Vector_val<std::_Simple_types<Slic3r::ExtrusionPath>>>,int,Slic3r::ExtrusionMultiPath::collect_points::<lambda_abff1419f1e7bad13c439e3f0139ec39>>(const _InIt,const _InIt,_Ty,_Fn)”的引用
        with
        [
            _Ty=int,
            _InIt=std::_Vector_const_iterator<std::_Vector_val<std::_Simple_types<Slic3r::ExtrusionPath>>>,
            _Fn=Slic3r::ExtrusionMultiPath::collect_points::<lambda_abff1419f1e7bad13c439e3f0139ec39>
        ]
C:\Program Files\Microsoft Visual Studio\18\Community\VC\Tools\MSVC\14.50.35717\include\optional(166): warning C4244: “=”: 从“_Ty”转换到“_Ty”，可能丢失数据
        with
        [
            _Ty=double
        ]
        and
        [
            _Ty=float
        ]
C:\Program Files\Microsoft Visual Studio\18\Community\VC\Tools\MSVC\14.50.35717\include\optional(166): note: 模板实例化上下文(最早的实例化上下文)为
E:\ai\3DPrinter_Qt6\third_party\OrcaSlicer\src\libslic3r\GCode\GCodeProcessor.cpp(5695): note: 查看对正在编译的函数 模板 实例化“std::optional<float> &std::optional<float>::operator =<_Ty,0>(_Ty2 &&) noexcept”的引用
        with
        [
            _Ty=double,
            _Ty2=double
        ]
E:\ai\3DPrinter_Qt6\third_party\OrcaSlicer\src\libslic3r\GCode\GCodeProcessor.cpp(5695): note: 请参阅 "Slic3r::GCodeProcessor::process_G2_G3" 中对 "std::optional<float>::operator =" 的第一个引用
C:\Program Files\Microsoft Visual Studio\18\Community\VC\Tools\MSVC\14.50.35717\include\optional(312): note: 查看对正在编译的函数 模板 实例化“void std::_Optional_construct_base<_Ty>::_Assign<double>(_Ty2 &&) noexcept”的引用
        with
        [
            _Ty=float,
            _Ty2=double
        ]
C:\Program Files\Microsoft Visual Studio\18\Community\VC\Tools\MSVC\14.50.35717\include\optional(82): warning C4267: “初始化”: 从“size_t”转换到“unsigned int”，可能丢失数据
C:\Program Files\Microsoft Visual Studio\18\Community\VC\Tools\MSVC\14.50.35717\include\optional(82): note: 模板实例化上下文(最早的实例化上下文)为
E:\ai\3DPrinter_Qt6\third_party\OrcaSlicer\src\libslic3r\GCode\GCodeProcessor.cpp(5809): note: 查看对正在编译的函数 模板 实例化“std::optional<unsigned int>::optional<size_t,0>(_Ty2 &&) noexcept”的引用
        with
        [
            _Ty2=size_t
        ]
E:\ai\3DPrinter_Qt6\third_party\OrcaSlicer\src\libslic3r\GCode\GCodeProcessor.cpp(5808): note: 请参阅 "Slic3r::GCodeProcessor::process_G2_G3" 中对 "std::optional<unsigned int>::optional" 的第一个引用
C:\Program Files\Microsoft Visual Studio\18\Community\VC\Tools\MSVC\14.50.35717\include\optional(272): note: 查看对正在编译的函数 模板 实例化“std::_Optional_construct_base<_Ty>::_Optional_construct_base<unsigned __int64>(std::in_place_t,unsigned __int64 &&)”的引用
        with
        [
            _Ty=unsigned int
        ]
E:\ai\3DPrinter_Qt6\third_party\OrcaSlicer\src\libslic3r\GCode\GCodeProcessor.cpp(7547): note: 查看对正在编译的函数 模板 实例化“std::_Optional_destruct_base<_Ty,true>::_Optional_destruct_base<unsigned __int64>(std::in_place_t,unsigned __int64 &&) noexcept”的引用
        with
        [
            _Ty=unsigned int
        ]
C:\Program Files\Microsoft Visual Studio\18\Community\VC\Tools\MSVC\14.50.35717\include\xutility(522): warning C4244: “初始化”: 从“_Ty”转换到“_Ty”，可能丢失数据
        with
        [
            _Ty=double
        ]
        and
        [
            _Ty=float
        ]
C:\Program Files\Microsoft Visual Studio\18\Community\VC\Tools\MSVC\14.50.35717\include\xutility(522): note: 模板实例化上下文(最早的实例化上下文)为
C:\Program Files\Microsoft Visual Studio\18\Community\VC\Tools\MSVC\14.50.35717\include\optional(312): note: 查看对正在编译的函数 模板 实例化“void std::_Optional_construct_base<_Ty>::_Assign<double>(_Ty2 &&) noexcept”的引用
        with
        [
            _Ty=float,
            _Ty2=double
        ]
C:\Program Files\Microsoft Visual Studio\18\Community\VC\Tools\MSVC\14.50.35717\include\optional(168): note: 查看对正在编译的函数 模板 实例化“_Ty &std::_Optional_construct_base<_Ty>::_Construct<double>(double &&) noexcept”的引用
        with
        [
            _Ty=float
        ]
C:\Program Files\Microsoft Visual Studio\18\Community\VC\Tools\MSVC\14.50.35717\include\optional(156): note: 查看对正在编译的函数 模板 实例化“void std::_Construct_in_place<float,_Ty>(float &,_Ty &&) noexcept”的引用
        with
        [
            _Ty=double
        ]
C:\Program Files\Microsoft Visual Studio\18\Community\VC\Tools\MSVC\14.50.35717\include\xmemory(736): warning C4244: “初始化”: 从“TargetType”转换到“_Objty”，可能丢失数据
        with
        [
            TargetType=float
        ]
        and
        [
            _Objty=int
        ]
C:\Program Files\Microsoft Visual Studio\18\Community\VC\Tools\MSVC\14.50.35717\include\xmemory(736): note: 模板实例化上下文(最早的实例化上下文)为
E:\ai\3DPrinter_Qt6\third_party\OrcaSlicer\src\libslic3r\GCode\GCodeProcessor.cpp(1818): note: 查看对正在编译的函数 模板 实例化“std::vector<int,std::allocator<int>>::vector<std::_Vector_iterator<std::_Vector_val<std::_Simple_types<_Ty>>>,0>(_Iter,_Iter,const _Alloc &)”的引用
        with
        [
            _Ty=float,
            _Iter=std::_Vector_iterator<std::_Vector_val<std::_Simple_types<float>>>,
            _Alloc=std::allocator<int>
        ]
E:\ai\3DPrinter_Qt6\third_party\OrcaSlicer\src\libslic3r\GCode\GCodeProcessor.cpp(1818): note: 请参阅 "Slic3r::GCodeProcessor::run_second_pass_injection" 中对 "std::vector<int,std::allocator<int>>::vector" 的第一个引用
C:\Program Files\Microsoft Visual Studio\18\Community\VC\Tools\MSVC\14.50.35717\include\vector(700): note: 查看对正在编译的函数 模板 实例化“void std::vector<int,std::allocator<int>>::_Construct_n<float*,float*>(const unsigned __int64,float *&&,float *&&)”的引用
C:\Program Files\Microsoft Visual Studio\18\Community\VC\Tools\MSVC\14.50.35717\include\vector(2120): note: 查看对正在编译的函数 模板 实例化“int *std::_Uninitialized_copy<_Ty,_Ty,std::allocator<int>>(_InIt,_Se,int *,_Alloc &)”的引用
        with
        [
            _Ty=float *,
            _InIt=float *,
            _Se=float *,
            _Alloc=std::allocator<int>
        ]
C:\Program Files\Microsoft Visual Studio\18\Community\VC\Tools\MSVC\14.50.35717\include\xmemory(1922): note: 查看对正在编译的函数 模板 实例化“void std::_Uninitialized_backout_al<_Alloc>::_Emplace_back<float&>(float &)”的引用
        with
        [
            _Alloc=std::allocator<int>
        ]
C:\Program Files\Microsoft Visual Studio\18\Community\VC\Tools\MSVC\14.50.35717\include\xmemory(1864): note: 查看对正在编译的函数 模板 实例化“void std::_Default_allocator_traits<_Alloc>::construct<_Ty,TargetType&>(_Alloc &,_Objty *const ,TargetType &)”的引用
        with
        [
            _Alloc=std::allocator<int>,
            _Ty=int,
            TargetType=float,
            _Objty=int
        ]
[205/260] Building CXX object CMakeFiles\libslic3r_from_source.dir\third_party\OrcaSlicer\src\libslic3r\GCode\PrintExtents.cpp.obj
C:\Program Files\Microsoft Visual Studio\18\Community\VC\Tools\MSVC\14.50.35717\include\numeric(33): warning C4267: “=”: 从“size_t”转换到“_Ty”，可能丢失数据
        with
        [
            _Ty=int
        ]
C:\Program Files\Microsoft Visual Studio\18\Community\VC\Tools\MSVC\14.50.35717\include\numeric(33): note: 模板实例化上下文(最早的实例化上下文)为
E:\ai\3DPrinter_Qt6\third_party\OrcaSlicer\src\libslic3r\GCode\../ExtrusionEntity.hpp(441): note: 查看对正在编译的函数 模板 实例化“_Ty std::accumulate<std::_Vector_const_iterator<std::_Vector_val<std::_Simple_types<Slic3r::ExtrusionPath>>>,int,Slic3r::ExtrusionMultiPath::collect_points::<lambda_abff1419f1e7bad13c439e3f0139ec39>>(const _InIt,const _InIt,_Ty,_Fn)”的引用
        with
        [
            _Ty=int,
            _InIt=std::_Vector_const_iterator<std::_Vector_val<std::_Simple_types<Slic3r::ExtrusionPath>>>,
            _Fn=Slic3r::ExtrusionMultiPath::collect_points::<lambda_abff1419f1e7bad13c439e3f0139ec39>
        ]
[206/260] Building CXX object CMakeFiles\libslic3r_from_source.dir\third_party\OrcaSlicer\src\libslic3r\GCode\SpiralVase.cpp.obj
C:\Program Files\Microsoft Visual Studio\18\Community\VC\Tools\MSVC\14.50.35717\include\numeric(33): warning C4267: “=”: 从“size_t”转换到“_Ty”，可能丢失数据
        with
        [
            _Ty=int
        ]
C:\Program Files\Microsoft Visual Studio\18\Community\VC\Tools\MSVC\14.50.35717\include\numeric(33): note: 模板实例化上下文(最早的实例化上下文)为
E:\ai\3DPrinter_Qt6\third_party\OrcaSlicer\src\libslic3r\ExtrusionEntity.hpp(441): note: 查看对正在编译的函数 模板 实例化“_Ty std::accumulate<std::_Vector_const_iterator<std::_Vector_val<std::_Simple_types<Slic3r::ExtrusionPath>>>,int,Slic3r::ExtrusionMultiPath::collect_points::<lambda_abff1419f1e7bad13c439e3f0139ec39>>(const _InIt,const _InIt,_Ty,_Fn)”的引用
        with
        [
            _Ty=int,
            _InIt=std::_Vector_const_iterator<std::_Vector_val<std::_Simple_types<Slic3r::ExtrusionPath>>>,
            _Fn=Slic3r::ExtrusionMultiPath::collect_points::<lambda_abff1419f1e7bad13c439e3f0139ec39>
        ]
C:\Program Files\Microsoft Visual Studio\18\Community\VC\Tools\MSVC\14.50.35717\include\utility(274): warning C4244: “初始化”: 从“_Ty”转换到“_Ty2”，可能丢失数据
        with
        [
            _Ty=int
        ]
        and
        [
            _Ty2=float
        ]
C:\Program Files\Microsoft Visual Studio\18\Community\VC\Tools\MSVC\14.50.35717\include\utility(274): note: 模板实例化上下文(最早的实例化上下文)为
E:\ai\3DPrinter_Qt6\third_party\OrcaSlicer\src\libslic3r\GCode/ExtrusionProcessor.hpp(339): note: 查看对正在编译的函数 模板 实例化“std::pair<float,float>::pair<float,int,0>(_Other1 &&,_Other2 &&) noexcept”的引用
        with
        [
            _Other1=float,
            _Other2=int
        ]
E:\ai\3DPrinter_Qt6\third_party\OrcaSlicer\src\libslic3r\GCode/ExtrusionProcessor.hpp(339): note: 请参阅 "Slic3r::ExtrusionQualityEstimator::estimate_extrusion_quality" 中对 "std::pair<float,float>::pair" 的第一个引用
[207/260] Building CXX object CMakeFiles\libslic3r_from_source.dir\third_party\OrcaSlicer\src\libslic3r\GCode\Thumbnails.cpp.obj
[208/260] Building CXX object CMakeFiles\libslic3r_from_source.dir\third_party\OrcaSlicer\src\libslic3r\GCode\SeamPlacer.cpp.obj
C:\Program Files\Microsoft Visual Studio\18\Community\VC\Tools\MSVC\14.50.35717\include\numeric(33): warning C4267: “=”: 从“size_t”转换到“_Ty”，可能丢失数据
        with
        [
            _Ty=int
        ]
C:\Program Files\Microsoft Visual Studio\18\Community\VC\Tools\MSVC\14.50.35717\include\numeric(33): note: 模板实例化上下文(最早的实例化上下文)为
E:\ai\3DPrinter_Qt6\third_party\OrcaSlicer\src\libslic3r/ExtrusionEntity.hpp(441): note: 查看对正在编译的函数 模板 实例化“_Ty std::accumulate<std::_Vector_const_iterator<std::_Vector_val<std::_Simple_types<Slic3r::ExtrusionPath>>>,int,Slic3r::ExtrusionMultiPath::collect_points::<lambda_abff1419f1e7bad13c439e3f0139ec39>>(const _InIt,const _InIt,_Ty,_Fn)”的引用
        with
        [
            _Ty=int,
            _InIt=std::_Vector_const_iterator<std::_Vector_val<std::_Simple_types<Slic3r::ExtrusionPath>>>,
            _Fn=Slic3r::ExtrusionMultiPath::collect_points::<lambda_abff1419f1e7bad13c439e3f0139ec39>
        ]
[209/260] Building CXX object CMakeFiles\libslic3r_from_source.dir\third_party\OrcaSlicer\src\libslic3r\Geometry\ArcWelder.cpp.obj
[210/260] Building CXX object CMakeFiles\libslic3r_from_source.dir\third_party\OrcaSlicer\src\libslic3r\Geometry\Circle.cpp.obj
[211/260] Building CXX object CMakeFiles\libslic3r_from_source.dir\third_party\OrcaSlicer\src\libslic3r\Geometry\ConvexHull.cpp.obj
[212/260] Building CXX object CMakeFiles\libslic3r_from_source.dir\third_party\OrcaSlicer\src\libslic3r\Geometry\MedialAxis.cpp.obj
[213/260] Building CXX object CMakeFiles\libslic3r_from_source.dir\third_party\OrcaSlicer\src\libslic3r\GCode\ToolOrderUtils.cpp.obj
C:\Program Files\Microsoft Visual Studio\18\Community\VC\Tools\MSVC\14.50.35717\include\xutility(522): warning C4267: “初始化”: 从“size_t”转换到“_Ty”，可能丢失数据
        with
        [
            _Ty=int
        ]
C:\Program Files\Microsoft Visual Studio\18\Community\VC\Tools\MSVC\14.50.35717\include\xutility(522): note: 模板实例化上下文(最早的实例化上下文)为
E:\ai\3DPrinter_Qt6\third_party\OrcaSlicer\src\libslic3r\GCode\ToolOrderUtils.cpp(35): note: 查看对正在编译的函数 模板 实例化“int &std::vector<int,std::allocator<int>>::emplace_back<unsigned __int64>(unsigned __int64 &&)”的引用
E:\ai\3DPrinter_Qt6\third_party\OrcaSlicer\src\libslic3r\GCode\ToolOrderUtils.cpp(35): note: 请参阅 "Slic3r::MaxFlowWithLowerBounds::add_edge" 中对 "std::vector<int,std::allocator<int>>::emplace_back" 的第一个引用
C:\Program Files\Microsoft Visual Studio\18\Community\VC\Tools\MSVC\14.50.35717\include\vector(924): note: 查看对正在编译的函数 模板 实例化“_Ty &std::vector<_Ty,std::allocator<_Ty>>::_Emplace_one_at_back<unsigned __int64>(unsigned __int64 &&)”的引用
        with
        [
            _Ty=int
        ]
C:\Program Files\Microsoft Visual Studio\18\Community\VC\Tools\MSVC\14.50.35717\include\vector(845): note: 查看对正在编译的函数 模板 实例化“_Ty &std::vector<_Ty,std::allocator<_Ty>>::_Emplace_back_with_unused_capacity<unsigned __int64>(unsigned __int64 &&)”的引用
        with
        [
            _Ty=int
        ]
C:\Program Files\Microsoft Visual Studio\18\Community\VC\Tools\MSVC\14.50.35717\include\vector(860): note: 查看对正在编译的函数 模板 实例化“void std::_Construct_in_place<int,_Ty>(int &,_Ty &&) noexcept”的引用
        with
        [
            _Ty=unsigned __int64
        ]
C:\Program Files\Microsoft Visual Studio\18\Community\VC\Tools\MSVC\14.50.35717\include\xmemory(736): warning C4267: “初始化”: 从“size_t”转换到“_Objty”，可能丢失数据
        with
        [
            _Objty=int
        ]
C:\Program Files\Microsoft Visual Studio\18\Community\VC\Tools\MSVC\14.50.35717\include\xmemory(736): note: 模板实例化上下文(最早的实例化上下文)为
C:\Program Files\Microsoft Visual Studio\18\Community\VC\Tools\MSVC\14.50.35717\include\vector(848): note: 查看对正在编译的函数 模板 实例化“int *std::vector<int,std::allocator<int>>::_Emplace_reallocate<_Ty>(int *const ,_Ty &&)”的引用
        with
        [
            _Ty=unsigned __int64
        ]
C:\Program Files\Microsoft Visual Studio\18\Community\VC\Tools\MSVC\14.50.35717\include\vector(900): note: 查看对正在编译的函数 模板 实例化“void std::_Default_allocator_traits<_Alloc>::construct<_Ty,unsigned __int64>(_Alloc &,_Objty *const ,unsigned __int64 &&)”的引用
        with
        [
            _Alloc=std::allocator<int>,
            _Ty=int,
            _Objty=int
        ]
[214/260] Building CXX object CMakeFiles\libslic3r_from_source.dir\third_party\OrcaSlicer\src\libslic3r\Geometry\Voronoi.cpp.obj
[215/260] Building CXX object CMakeFiles\libslic3r_from_source.dir\third_party\OrcaSlicer\src\libslic3r\Geometry\VoronoiUtils.cpp.obj
[216/260] Building CXX object CMakeFiles\libslic3r_from_source.dir\third_party\OrcaSlicer\src\libslic3r\Geometry\VoronoiOffset.cpp.obj
[217/260] Building CXX object CMakeFiles\libslic3r_from_source.dir\third_party\OrcaSlicer\src\libslic3r\GCode\TimelapsePosPicker.cpp.obj
C:\Program Files\Microsoft Visual Studio\18\Community\VC\Tools\MSVC\14.50.35717\include\numeric(33): warning C4267: “=”: 从“size_t”转换到“_Ty”，可能丢失数据
        with
        [
            _Ty=int
        ]
C:\Program Files\Microsoft Visual Studio\18\Community\VC\Tools\MSVC\14.50.35717\include\numeric(33): note: 模板实例化上下文(最早的实例化上下文)为
E:\ai\3DPrinter_Qt6\third_party\OrcaSlicer\src\libslic3r/ExtrusionEntity.hpp(441): note: 查看对正在编译的函数 模板 实例化“_Ty std::accumulate<std::_Vector_const_iterator<std::_Vector_val<std::_Simple_types<Slic3r::ExtrusionPath>>>,int,Slic3r::ExtrusionMultiPath::collect_points::<lambda_abff1419f1e7bad13c439e3f0139ec39>>(const _InIt,const _InIt,_Ty,_Fn)”的引用
        with
        [
            _Ty=int,
            _InIt=std::_Vector_const_iterator<std::_Vector_val<std::_Simple_types<Slic3r::ExtrusionPath>>>,
            _Fn=Slic3r::ExtrusionMultiPath::collect_points::<lambda_abff1419f1e7bad13c439e3f0139ec39>
        ]
C:\Program Files\Microsoft Visual Studio\18\Community\VC\Tools\MSVC\14.50.35717\include\optional(166): warning C4244: “=”: 从“_Ty”转换到“_Ty”，可能丢失数据
        with
        [
            _Ty=double
        ]
        and
        [
            _Ty=int
        ]
C:\Program Files\Microsoft Visual Studio\18\Community\VC\Tools\MSVC\14.50.35717\include\optional(166): note: 模板实例化上下文(最早的实例化上下文)为
E:\ai\3DPrinter_Qt6\third_party\OrcaSlicer\src\libslic3r\GCode\TimelapsePosPicker.cpp(18): note: 查看对正在编译的函数 模板 实例化“std::optional<int> &std::optional<int>::operator =<double,0>(_Ty2 &&) noexcept”的引用
        with
        [
            _Ty2=double
        ]
E:\ai\3DPrinter_Qt6\third_party\OrcaSlicer\src\libslic3r\GCode\TimelapsePosPicker.cpp(18): note: 请参阅 "Slic3r::TimelapsePosPicker::init" 中对 "std::optional<int>::operator =" 的第一个引用
C:\Program Files\Microsoft Visual Studio\18\Community\VC\Tools\MSVC\14.50.35717\include\optional(312): note: 查看对正在编译的函数 模板 实例化“void std::_Optional_construct_base<_Ty>::_Assign<double>(_Ty2 &&) noexcept”的引用
        with
        [
            _Ty=int,
            _Ty2=double
        ]
C:\Program Files\Microsoft Visual Studio\18\Community\VC\Tools\MSVC\14.50.35717\include\xutility(522): warning C4244: “初始化”: 从“_Ty”转换到“_Ty”，可能丢失数据
        with
        [
            _Ty=double
        ]
        and
        [
            _Ty=int
        ]
C:\Program Files\Microsoft Visual Studio\18\Community\VC\Tools\MSVC\14.50.35717\include\xutility(522): note: 模板实例化上下文(最早的实例化上下文)为
C:\Program Files\Microsoft Visual Studio\18\Community\VC\Tools\MSVC\14.50.35717\include\optional(312): note: 查看对正在编译的函数 模板 实例化“void std::_Optional_construct_base<_Ty>::_Assign<double>(_Ty2 &&) noexcept”的引用
        with
        [
            _Ty=int,
            _Ty2=double
        ]
C:\Program Files\Microsoft Visual Studio\18\Community\VC\Tools\MSVC\14.50.35717\include\optional(168): note: 查看对正在编译的函数 模板 实例化“_Ty &std::_Optional_construct_base<_Ty>::_Construct<double>(double &&) noexcept”的引用
        with
        [
            _Ty=int
        ]
C:\Program Files\Microsoft Visual Studio\18\Community\VC\Tools\MSVC\14.50.35717\include\optional(156): note: 查看对正在编译的函数 模板 实例化“void std::_Construct_in_place<int,_Ty>(int &,_Ty &&) noexcept”的引用
        with
        [
            _Ty=double
        ]
C:\Program Files\Microsoft Visual Studio\18\Community\VC\Tools\MSVC\14.50.35717\include\utility(274): warning C4244: “初始化”: 从“double”转换到“_Ty1”，可能丢失数据
        with
        [
            _Ty1=int
        ]
C:\Program Files\Microsoft Visual Studio\18\Community\VC\Tools\MSVC\14.50.35717\include\utility(274): note: 模板实例化上下文(最早的实例化上下文)为
E:\ai\3DPrinter_Qt6\third_party\OrcaSlicer\src\libslic3r\GCode\TimelapsePosPicker.cpp(208): note: 查看对正在编译的函数 模板 实例化“std::pair<int,int> &std::vector<std::pair<int,int>,std::allocator<std::pair<int,int>>>::emplace_back<double&,double&>(double &,double &)”的引用
E:\ai\3DPrinter_Qt6\third_party\OrcaSlicer\src\libslic3r\GCode\TimelapsePosPicker.cpp(208): note: 请参阅 "Slic3r::TimelapsePosPicker::collect_limit_areas_for_rod" 中对 "std::vector<std::pair<int,int>,std::allocator<std::pair<int,int>>>::emplace_back" 的第一个引用
C:\Program Files\Microsoft Visual Studio\18\Community\VC\Tools\MSVC\14.50.35717\include\vector(924): note: 查看对正在编译的函数 模板 实例化“_Ty &std::vector<_Ty,std::allocator<_Ty>>::_Emplace_one_at_back<double&,double&>(double &,double &)”的引用
        with
        [
            _Ty=std::pair<int,int>
        ]
C:\Program Files\Microsoft Visual Studio\18\Community\VC\Tools\MSVC\14.50.35717\include\vector(845): note: 查看对正在编译的函数 模板 实例化“_Ty &std::vector<_Ty,std::allocator<_Ty>>::_Emplace_back_with_unused_capacity<double&,double&>(double &,double &)”的引用
        with
        [
            _Ty=std::pair<int,int>
        ]
C:\Program Files\Microsoft Visual Studio\18\Community\VC\Tools\MSVC\14.50.35717\include\vector(860): note: 查看对正在编译的函数 模板 实例化“void std::_Construct_in_place<std::pair<int,int>,double&,double&>(_Ty &,double &,double &) noexcept”的引用
        with
        [
            _Ty=std::pair<int,int>
        ]
C:\Program Files\Microsoft Visual Studio\18\Community\VC\Tools\MSVC\14.50.35717\include\xutility(522): note: 查看对正在编译的函数 模板 实例化“std::pair<int,int>::pair<_Ty&,_Ty&,0>(_Other1,_Other2) noexcept”的引用
        with
        [
            _Ty=double,
            _Other1=double &,
            _Other2=double &
        ]
C:\Program Files\Microsoft Visual Studio\18\Community\VC\Tools\MSVC\14.50.35717\include\utility(274): warning C4244: “初始化”: 从“double”转换到“_Ty2”，可能丢失数据
        with
        [
            _Ty2=int
        ]
[218/260] Building CXX object CMakeFiles\libslic3r_from_source.dir\third_party\OrcaSlicer\src\libslic3r\Geometry\VoronoiUtilsCgal.cpp.obj
E:\ai\3D-Printer\deps\build\OrcaSlicer_dep\usr\local\include\CGAL/config.h(124): warning C4005: “BOOST_PARAMETER_MAX_ARITY”: 宏重定义
E:\ai\3D-Printer\deps\build\OrcaSlicer_dep\usr\local\include\boost-1_84\boost/parameter/config.hpp(61): note: 参见“BOOST_PARAMETER_MAX_ARITY”的前一个定义
[219/260] Building CXX object CMakeFiles\libslic3r_from_source.dir\third_party\OrcaSlicer\src\libslic3r\SLA\Clustering.cpp.obj
[220/260] Building CXX object CMakeFiles\libslic3r_from_source.dir\third_party\OrcaSlicer\src\libslic3r\SLA\ConcaveHull.cpp.obj
[221/260] Building CXX object CMakeFiles\libslic3r_from_source.dir\third_party\OrcaSlicer\src\libslic3r\GCode\ToolOrdering.cpp.obj
C:\Program Files\Microsoft Visual Studio\18\Community\VC\Tools\MSVC\14.50.35717\include\numeric(33): warning C4267: “=”: 从“size_t”转换到“_Ty”，可能丢失数据
        with
        [
            _Ty=int
        ]
C:\Program Files\Microsoft Visual Studio\18\Community\VC\Tools\MSVC\14.50.35717\include\numeric(33): note: 模板实例化上下文(最早的实例化上下文)为
E:\ai\3DPrinter_Qt6\third_party\OrcaSlicer\src\libslic3r\ExtrusionEntity.hpp(441): note: 查看对正在编译的函数 模板 实例化“_Ty std::accumulate<std::_Vector_const_iterator<std::_Vector_val<std::_Simple_types<Slic3r::ExtrusionPath>>>,int,Slic3r::ExtrusionMultiPath::collect_points::<lambda_abff1419f1e7bad13c439e3f0139ec39>>(const _InIt,const _InIt,_Ty,_Fn)”的引用
        with
        [
            _Ty=int,
            _InIt=std::_Vector_const_iterator<std::_Vector_val<std::_Simple_types<Slic3r::ExtrusionPath>>>,
            _Fn=Slic3r::ExtrusionMultiPath::collect_points::<lambda_abff1419f1e7bad13c439e3f0139ec39>
        ]
[222/260] Building CXX object CMakeFiles\libslic3r_from_source.dir\third_party\OrcaSlicer\src\libslic3r\GCode\WipeTower.cpp.obj
C:\Program Files\Microsoft Visual Studio\18\Community\VC\Tools\MSVC\14.50.35717\include\numeric(33): warning C4267: “=”: 从“size_t”转换到“_Ty”，可能丢失数据
        with
        [
            _Ty=int
        ]
C:\Program Files\Microsoft Visual Studio\18\Community\VC\Tools\MSVC\14.50.35717\include\numeric(33): note: 模板实例化上下文(最早的实例化上下文)为
E:\ai\3DPrinter_Qt6\third_party\OrcaSlicer\src\libslic3r/ExtrusionEntity.hpp(441): note: 查看对正在编译的函数 模板 实例化“_Ty std::accumulate<std::_Vector_const_iterator<std::_Vector_val<std::_Simple_types<Slic3r::ExtrusionPath>>>,int,Slic3r::ExtrusionMultiPath::collect_points::<lambda_abff1419f1e7bad13c439e3f0139ec39>>(const _InIt,const _InIt,_Ty,_Fn)”的引用
        with
        [
            _Ty=int,
            _InIt=std::_Vector_const_iterator<std::_Vector_val<std::_Simple_types<Slic3r::ExtrusionPath>>>,
            _Fn=Slic3r::ExtrusionMultiPath::collect_points::<lambda_abff1419f1e7bad13c439e3f0139ec39>
        ]
[223/260] Building CXX object CMakeFiles\libslic3r_from_source.dir\third_party\OrcaSlicer\src\libslic3r\SLA\Pad.cpp.obj
C:\Program Files\Microsoft Visual Studio\18\Community\VC\Tools\MSVC\14.50.35717\include\xmemory(736): warning C4244: “参数”: 从“double”转换到“const float”，可能丢失数据
C:\Program Files\Microsoft Visual Studio\18\Community\VC\Tools\MSVC\14.50.35717\include\xmemory(736): note: 模板实例化上下文(最早的实例化上下文)为
E:\ai\3DPrinter_Qt6\third_party\OrcaSlicer\src\libslic3r\SLA\Pad.cpp(39): note: 查看对正在编译的函数 模板 实例化“void Slic3r::triangulate_wall<float,int32_t>(std::vector<Slic3r::Vec3f,std::allocator<Slic3r::Vec3f>> &,std::vector<Slic3r::Vec3i32,std::allocator<Slic3r::Vec3i32>> &,const Slic3r::Polygon &,const Slic3r::Polygon &,double,double)”的引用
E:\ai\3DPrinter_Qt6\third_party\OrcaSlicer\src\libslic3r\TriangulateWall.hpp(130): note: 查看对正在编译的函数 模板 实例化“Eigen::Matrix<float,3,1,2,3,1> &std::vector<Slic3r::Vec3f,std::allocator<Slic3r::Vec3f>>::emplace_back<Tout,Tout,double&>(Tout &&,Tout &&,double &)”的引用
        with
        [
            Tout=double
        ]
C:\Program Files\Microsoft Visual Studio\18\Community\VC\Tools\MSVC\14.50.35717\include\vector(924): note: 查看对正在编译的函数 模板 实例化“_Ty &std::vector<_Ty,std::allocator<_Ty>>::_Emplace_one_at_back<double,double,double&>(double &&,double &&,double &)”的引用
        with
        [
            _Ty=Slic3r::Vec3f
        ]
C:\Program Files\Microsoft Visual Studio\18\Community\VC\Tools\MSVC\14.50.35717\include\vector(845): note: 查看对正在编译的函数 模板 实例化“_Ty &std::vector<_Ty,std::allocator<_Ty>>::_Emplace_back_with_unused_capacity<double,double,double&>(double &&,double &&,double &)”的引用
        with
        [
            _Ty=Slic3r::Vec3f
        ]
C:\Program Files\Microsoft Visual Studio\18\Community\VC\Tools\MSVC\14.50.35717\include\vector(863): note: 查看对正在编译的函数 模板 实例化“void std::_Default_allocator_traits<_Alloc>::construct<_Ty,double,double,double&>(_Alloc &,_Objty *const ,double &&,double &&,double &)”的引用
        with
        [
            _Alloc=std::allocator<Slic3r::Vec3f>,
            _Ty=Eigen::Matrix<float,3,1,2,3,1>,
            _Objty=Eigen::Matrix<float,3,1,2,3,1>
        ]
C:\Program Files\Microsoft Visual Studio\18\Community\VC\Tools\MSVC\14.50.35717\include\xmemory(736): warning C4244: “参数”: 从“_Ty”转换到“const float”，可能丢失数据
        with
        [
            _Ty=double
        ]
[224/260] Building CXX object CMakeFiles\libslic3r_from_source.dir\third_party\OrcaSlicer\src\libslic3r\SLA\RasterToPolygons.cpp.obj
[225/260] Building CXX object CMakeFiles\libslic3r_from_source.dir\third_party\OrcaSlicer\src\libslic3r\SLA\RasterBase.cpp.obj
[226/260] Building CXX object CMakeFiles\libslic3r_from_source.dir\third_party\OrcaSlicer\src\libslic3r\SLA\IndexedMesh.cpp.obj
[227/260] Building CXX object CMakeFiles\libslic3r_from_source.dir\third_party\OrcaSlicer\src\libslic3r\GCode\WipeTower2.cpp.obj
C:\Program Files\Microsoft Visual Studio\18\Community\VC\Tools\MSVC\14.50.35717\include\numeric(33): warning C4267: “=”: 从“size_t”转换到“_Ty”，可能丢失数据
        with
        [
            _Ty=int
        ]
C:\Program Files\Microsoft Visual Studio\18\Community\VC\Tools\MSVC\14.50.35717\include\numeric(33): note: 模板实例化上下文(最早的实例化上下文)为
E:\ai\3DPrinter_Qt6\third_party\OrcaSlicer\src\libslic3r/ExtrusionEntity.hpp(441): note: 查看对正在编译的函数 模板 实例化“_Ty std::accumulate<std::_Vector_const_iterator<std::_Vector_val<std::_Simple_types<Slic3r::ExtrusionPath>>>,int,Slic3r::ExtrusionMultiPath::collect_points::<lambda_abff1419f1e7bad13c439e3f0139ec39>>(const _InIt,const _InIt,_Ty,_Fn)”的引用
        with
        [
            _Ty=int,
            _InIt=std::_Vector_const_iterator<std::_Vector_val<std::_Simple_types<Slic3r::ExtrusionPath>>>,
            _Fn=Slic3r::ExtrusionMultiPath::collect_points::<lambda_abff1419f1e7bad13c439e3f0139ec39>
        ]
[228/260] Building CXX object CMakeFiles\libslic3r_from_source.dir\third_party\OrcaSlicer\src\libslic3r\SLA\SpatIndex.cpp.obj
[229/260] Building CXX object CMakeFiles\libslic3r_from_source.dir\third_party\OrcaSlicer\src\libslic3r\Shape\TextShape.cpp.obj
C:\Program Files\Microsoft Visual Studio\18\Community\VC\Tools\MSVC\14.50.35717\include\numeric(33): warning C4267: “=”: 从“size_t”转换到“_Ty”，可能丢失数据
        with
        [
            _Ty=int
        ]
C:\Program Files\Microsoft Visual Studio\18\Community\VC\Tools\MSVC\14.50.35717\include\numeric(33): note: 模板实例化上下文(最早的实例化上下文)为
E:\ai\3DPrinter_Qt6\third_party\OrcaSlicer\src\libslic3r/ExtrusionEntity.hpp(441): note: 查看对正在编译的函数 模板 实例化“_Ty std::accumulate<std::_Vector_const_iterator<std::_Vector_val<std::_Simple_types<Slic3r::ExtrusionPath>>>,int,Slic3r::ExtrusionMultiPath::collect_points::<lambda_abff1419f1e7bad13c439e3f0139ec39>>(const _InIt,const _InIt,_Ty,_Fn)”的引用
        with
        [
            _Ty=int,
            _InIt=std::_Vector_const_iterator<std::_Vector_val<std::_Simple_types<Slic3r::ExtrusionPath>>>,
            _Fn=Slic3r::ExtrusionMultiPath::collect_points::<lambda_abff1419f1e7bad13c439e3f0139ec39>
        ]
[230/260] Building CXX object CMakeFiles\libslic3r_from_source.dir\third_party\OrcaSlicer\src\libslic3r\SLA\Hollowing.cpp.obj
C:\Program Files\Microsoft Visual Studio\18\Community\VC\Tools\MSVC\14.50.35717\include\utility(414): warning C4244: “=”: 从“_Ty”转换到“_Ty1”，可能丢失数据
        with
        [
            _Ty=double
        ]
        and
        [
            _Ty1=float
        ]
C:\Program Files\Microsoft Visual Studio\18\Community\VC\Tools\MSVC\14.50.35717\include\utility(414): note: 模板实例化上下文(最早的实例化上下文)为
E:\ai\3DPrinter_Qt6\third_party\OrcaSlicer\src\libslic3r\SLA\Hollowing.cpp(195): note: 查看对正在编译的函数 模板 实例化“std::pair<float,Slic3r::Vec3d> &std::pair<float,Slic3r::Vec3d>::operator =<double,Eigen::CwiseNullaryOp<Eigen::internal::scalar_zero_op<double>,Eigen::Matrix<double,3,1,0,3,1>>,0>(std::pair<double,Eigen::CwiseNullaryOp<Eigen::internal::scalar_zero_op<double>,Eigen::Matrix<double,3,1,0,3,1>>> &&) noexcept(false)”的引用
E:\ai\3DPrinter_Qt6\third_party\OrcaSlicer\src\libslic3r\SLA\Hollowing.cpp(195): note: 请参阅 "Slic3r::sla::DrainHole::get_intersections" 中对 "std::pair<float,Slic3r::Vec3d>::operator =" 的第一个引用
[231/260] Building CXX object CMakeFiles\libslic3r_from_source.dir\third_party\OrcaSlicer\src\libslic3r\SLA\SupportTreeBuilder.cpp.obj
E:\ai\3DPrinter_Qt6\third_party\OrcaSlicer\src\libslic3r\SLA\SupportTreeBuilder.cpp(1): warning C4005: “NOMINMAX”: 宏重定义
E:\ai\3DPrinter_Qt6\third_party\OrcaSlicer\src\libslic3r\SLA\SupportTreeBuilder.cpp(1): note: 之前在命令行上声明的“NOMINMAX”
[232/260] Building CXX object CMakeFiles\libslic3r_from_source.dir\third_party\OrcaSlicer\src\libslic3r\SLA\SupportTreeBuildsteps.cpp.obj
C:\Program Files\Microsoft Visual Studio\18\Community\VC\Tools\MSVC\14.50.35717\include\xutility(522): warning C4267: “初始化”: 从“size_t”转换到“_Ty”，可能丢失数据
        with
        [
            _Ty=unsigned int
        ]
C:\Program Files\Microsoft Visual Studio\18\Community\VC\Tools\MSVC\14.50.35717\include\xutility(522): note: 模板实例化上下文(最早的实例化上下文)为
E:\ai\3DPrinter_Qt6\third_party\OrcaSlicer\src\libslic3r\SLA\SupportTreeBuildsteps.cpp(759): note: 查看对正在编译的函数 模板 实例化“unsigned int &std::vector<std::_Vbase,std::allocator<std::_Vbase>>::emplace_back<size_t&>(size_t &)”的引用
E:\ai\3DPrinter_Qt6\third_party\OrcaSlicer\src\libslic3r\SLA\SupportTreeBuildsteps.cpp(759): note: 请参阅 "Slic3r::sla::SupportTreeBuildsteps::filter" 中对 "std::vector<std::_Vbase,std::allocator<std::_Vbase>>::emplace_back" 的第一个引用
C:\Program Files\Microsoft Visual Studio\18\Community\VC\Tools\MSVC\14.50.35717\include\vector(924): note: 查看对正在编译的函数 模板 实例化“_Ty &std::vector<_Ty,std::allocator<_Ty>>::_Emplace_one_at_back<size_t&>(size_t &)”的引用
        with
        [
            _Ty=std::_Vbase
        ]
C:\Program Files\Microsoft Visual Studio\18\Community\VC\Tools\MSVC\14.50.35717\include\vector(845): note: 查看对正在编译的函数 模板 实例化“_Ty &std::vector<_Ty,std::allocator<_Ty>>::_Emplace_back_with_unused_capacity<size_t&>(size_t &)”的引用
        with
        [
            _Ty=std::_Vbase
        ]
C:\Program Files\Microsoft Visual Studio\18\Community\VC\Tools\MSVC\14.50.35717\include\vector(860): note: 查看对正在编译的函数 模板 实例化“void std::_Construct_in_place<unsigned int,size_t&>(_Ty &,size_t &) noexcept”的引用
        with
        [
            _Ty=unsigned int
        ]
C:\Program Files\Microsoft Visual Studio\18\Community\VC\Tools\MSVC\14.50.35717\include\xmemory(736): warning C4267: “初始化”: 从“size_t”转换到“_Objty”，可能丢失数据
        with
        [
            _Objty=unsigned int
        ]
C:\Program Files\Microsoft Visual Studio\18\Community\VC\Tools\MSVC\14.50.35717\include\xmemory(736): note: 模板实例化上下文(最早的实例化上下文)为
C:\Program Files\Microsoft Visual Studio\18\Community\VC\Tools\MSVC\14.50.35717\include\vector(848): note: 查看对正在编译的函数 模板 实例化“unsigned int *std::vector<std::_Vbase,std::allocator<std::_Vbase>>::_Emplace_reallocate<size_t&>(unsigned int *const ,size_t &)”的引用
C:\Program Files\Microsoft Visual Studio\18\Community\VC\Tools\MSVC\14.50.35717\include\vector(900): note: 查看对正在编译的函数 模板 实例化“void std::_Default_allocator_traits<_Alloc>::construct<_Ty,size_t&>(_Alloc &,_Objty *const ,size_t &)”的引用
        with
        [
            _Alloc=std::allocator<std::_Vbase>,
            _Ty=unsigned int,
            _Objty=unsigned int
        ]
[233/260] Building CXX object CMakeFiles\libslic3r_from_source.dir\third_party\OrcaSlicer\src\libslic3r\SLA\SupportTreeMesher.cpp.obj
C:\Program Files\Microsoft Visual Studio\18\Community\VC\Tools\MSVC\14.50.35717\include\xmemory(736): warning C4244: “参数”: 从“_Ty”转换到“const int”，可能丢失数据
        with
        [
            _Ty=coord_t
        ]
C:\Program Files\Microsoft Visual Studio\18\Community\VC\Tools\MSVC\14.50.35717\include\xmemory(736): note: 模板实例化上下文(最早的实例化上下文)为
E:\ai\3DPrinter_Qt6\third_party\OrcaSlicer\src\libslic3r\SLA\SupportTreeMesher.cpp(49): note: 查看对正在编译的函数 模板 实例化“Eigen::Matrix<int32_t,3,1,2,3,1> &std::vector<Slic3r::Vec3i32,std::allocator<Slic3r::Vec3i32>>::emplace_back<coord_t,int,int>(coord_t &&,int &&,int &&)”的引用
E:\ai\3DPrinter_Qt6\third_party\OrcaSlicer\src\libslic3r\SLA\SupportTreeMesher.cpp(49): note: 请参阅 "Slic3r::sla::sphere" 中对 "std::vector<Slic3r::Vec3i32,std::allocator<Slic3r::Vec3i32>>::emplace_back" 的第一个引用
C:\Program Files\Microsoft Visual Studio\18\Community\VC\Tools\MSVC\14.50.35717\include\vector(924): note: 查看对正在编译的函数 模板 实例化“_Ty &std::vector<_Ty,std::allocator<_Ty>>::_Emplace_one_at_back<__int64,int,int>(__int64 &&,int &&,int &&)”的引用
        with
        [
            _Ty=Slic3r::Vec3i32
        ]
C:\Program Files\Microsoft Visual Studio\18\Community\VC\Tools\MSVC\14.50.35717\include\vector(845): note: 查看对正在编译的函数 模板 实例化“_Ty &std::vector<_Ty,std::allocator<_Ty>>::_Emplace_back_with_unused_capacity<__int64,int,int>(__int64 &&,int &&,int &&)”的引用
        with
        [
            _Ty=Slic3r::Vec3i32
        ]
C:\Program Files\Microsoft Visual Studio\18\Community\VC\Tools\MSVC\14.50.35717\include\vector(863): note: 查看对正在编译的函数 模板 实例化“void std::_Default_allocator_traits<_Alloc>::construct<_Ty,__int64,int,int>(_Alloc &,_Objty *const ,__int64 &&,int &&,int &&)”的引用
        with
        [
            _Alloc=std::allocator<Slic3r::Vec3i32>,
            _Ty=Eigen::Matrix<int32_t,3,1,2,3,1>,
            _Objty=Eigen::Matrix<int32_t,3,1,2,3,1>
        ]
C:\Program Files\Microsoft Visual Studio\18\Community\VC\Tools\MSVC\14.50.35717\include\xmemory(736): warning C4244: “参数”: 从“coord_t”转换到“const int”，可能丢失数据
C:\Program Files\Microsoft Visual Studio\18\Community\VC\Tools\MSVC\14.50.35717\include\xmemory(736): note: 模板实例化上下文(最早的实例化上下文)为
E:\ai\3DPrinter_Qt6\third_party\OrcaSlicer\src\libslic3r\SLA\SupportTreeMesher.cpp(50): note: 查看对正在编译的函数 模板 实例化“Eigen::Matrix<int32_t,3,1,2,3,1> &std::vector<Slic3r::Vec3i32,std::allocator<Slic3r::Vec3i32>>::emplace_back<coord_t,int,coord_t&>(coord_t &&,int &&,coord_t &)”的引用
E:\ai\3DPrinter_Qt6\third_party\OrcaSlicer\src\libslic3r\SLA\SupportTreeMesher.cpp(49): note: 请参阅 "Slic3r::sla::sphere" 中对 "std::vector<Slic3r::Vec3i32,std::allocator<Slic3r::Vec3i32>>::emplace_back" 的第一个引用
C:\Program Files\Microsoft Visual Studio\18\Community\VC\Tools\MSVC\14.50.35717\include\vector(924): note: 查看对正在编译的函数 模板 实例化“_Ty &std::vector<_Ty,std::allocator<_Ty>>::_Emplace_one_at_back<__int64,int,coord_t&>(__int64 &&,int &&,coord_t &)”的引用
        with
        [
            _Ty=Slic3r::Vec3i32
        ]
C:\Program Files\Microsoft Visual Studio\18\Community\VC\Tools\MSVC\14.50.35717\include\vector(845): note: 查看对正在编译的函数 模板 实例化“_Ty &std::vector<_Ty,std::allocator<_Ty>>::_Emplace_back_with_unused_capacity<__int64,int,coord_t&>(__int64 &&,int &&,coord_t &)”的引用
        with
        [
            _Ty=Slic3r::Vec3i32
        ]
C:\Program Files\Microsoft Visual Studio\18\Community\VC\Tools\MSVC\14.50.35717\include\vector(863): note: 查看对正在编译的函数 模板 实例化“void std::_Default_allocator_traits<_Alloc>::construct<_Ty,__int64,int,coord_t&>(_Alloc &,_Objty *const ,__int64 &&,int &&,coord_t &)”的引用
        with
        [
            _Alloc=std::allocator<Slic3r::Vec3i32>,
            _Ty=Eigen::Matrix<int32_t,3,1,2,3,1>,
            _Objty=Eigen::Matrix<int32_t,3,1,2,3,1>
        ]
[234/260] Building CXX object CMakeFiles\libslic3r_from_source.dir\third_party\OrcaSlicer\src\libslic3r\SLA\SupportTree.cpp.obj
C:\Program Files\Microsoft Visual Studio\18\Community\VC\Tools\MSVC\14.50.35717\include\numeric(33): warning C4267: “=”: 从“size_t”转换到“_Ty”，可能丢失数据
        with
        [
            _Ty=int
        ]
C:\Program Files\Microsoft Visual Studio\18\Community\VC\Tools\MSVC\14.50.35717\include\numeric(33): note: 模板实例化上下文(最早的实例化上下文)为
E:\ai\3DPrinter_Qt6\third_party\OrcaSlicer\src\libslic3r/ExtrusionEntity.hpp(441): note: 查看对正在编译的函数 模板 实例化“_Ty std::accumulate<std::_Vector_const_iterator<std::_Vector_val<std::_Simple_types<Slic3r::ExtrusionPath>>>,int,Slic3r::ExtrusionMultiPath::collect_points::<lambda_abff1419f1e7bad13c439e3f0139ec39>>(const _InIt,const _InIt,_Ty,_Fn)”的引用
        with
        [
            _Ty=int,
            _InIt=std::_Vector_const_iterator<std::_Vector_val<std::_Simple_types<Slic3r::ExtrusionPath>>>,
            _Fn=Slic3r::ExtrusionMultiPath::collect_points::<lambda_abff1419f1e7bad13c439e3f0139ec39>
        ]
[235/260] Building CXX object CMakeFiles\libslic3r_from_source.dir\third_party\OrcaSlicer\src\libslic3r\SLA\SupportPointGenerator.cpp.obj
C:\Program Files\Microsoft Visual Studio\18\Community\VC\Tools\MSVC\14.50.35717\include\numeric(33): warning C4267: “=”: 从“size_t”转换到“_Ty”，可能丢失数据
        with
        [
            _Ty=int
        ]
C:\Program Files\Microsoft Visual Studio\18\Community\VC\Tools\MSVC\14.50.35717\include\numeric(33): note: 模板实例化上下文(最早的实例化上下文)为
E:\ai\3DPrinter_Qt6\third_party\OrcaSlicer\src\libslic3r/ExtrusionEntity.hpp(441): note: 查看对正在编译的函数 模板 实例化“_Ty std::accumulate<std::_Vector_const_iterator<std::_Vector_val<std::_Simple_types<Slic3r::ExtrusionPath>>>,int,Slic3r::ExtrusionMultiPath::collect_points::<lambda_abff1419f1e7bad13c439e3f0139ec39>>(const _InIt,const _InIt,_Ty,_Fn)”的引用
        with
        [
            _Ty=int,
            _InIt=std::_Vector_const_iterator<std::_Vector_val<std::_Simple_types<Slic3r::ExtrusionPath>>>,
            _Fn=Slic3r::ExtrusionMultiPath::collect_points::<lambda_abff1419f1e7bad13c439e3f0139ec39>
        ]
C:\Program Files\Microsoft Visual Studio\18\Community\VC\Tools\MSVC\14.50.35717\include\xutility(522): warning C4244: “初始化”: 从“_Ty”转换到“_Ty”，可能丢失数据
        with
        [
            _Ty=double
        ]
        and
        [
            _Ty=float
        ]
C:\Program Files\Microsoft Visual Studio\18\Community\VC\Tools\MSVC\14.50.35717\include\xutility(522): note: 模板实例化上下文(最早的实例化上下文)为
E:\ai\3DPrinter_Qt6\third_party\OrcaSlicer\src\libslic3r\SLA\SupportPointGenerator.cpp(351): note: 查看对正在编译的函数 模板 实例化“float &std::vector<float,std::allocator<float>>::emplace_back<double>(double &&)”的引用
E:\ai\3DPrinter_Qt6\third_party\OrcaSlicer\src\libslic3r\SLA\SupportPointGenerator.cpp(351): note: 请参阅 "Slic3r::sla::sample_expolygon" 中对 "std::vector<float,std::allocator<float>>::emplace_back" 的第一个引用
C:\Program Files\Microsoft Visual Studio\18\Community\VC\Tools\MSVC\14.50.35717\include\vector(924): note: 查看对正在编译的函数 模板 实例化“_Ty &std::vector<_Ty,std::allocator<_Ty>>::_Emplace_one_at_back<double>(double &&)”的引用
        with
        [
            _Ty=float
        ]
C:\Program Files\Microsoft Visual Studio\18\Community\VC\Tools\MSVC\14.50.35717\include\vector(845): note: 查看对正在编译的函数 模板 实例化“_Ty &std::vector<_Ty,std::allocator<_Ty>>::_Emplace_back_with_unused_capacity<double>(double &&)”的引用
        with
        [
            _Ty=float
        ]
C:\Program Files\Microsoft Visual Studio\18\Community\VC\Tools\MSVC\14.50.35717\include\vector(860): note: 查看对正在编译的函数 模板 实例化“void std::_Construct_in_place<float,_Ty>(float &,_Ty &&) noexcept”的引用
        with
        [
            _Ty=double
        ]
C:\Program Files\Microsoft Visual Studio\18\Community\VC\Tools\MSVC\14.50.35717\include\xmemory(736): warning C4244: “初始化”: 从“_Ty”转换到“_Objty”，可能丢失数据
        with
        [
            _Ty=double
        ]
        and
        [
            _Objty=float
        ]
C:\Program Files\Microsoft Visual Studio\18\Community\VC\Tools\MSVC\14.50.35717\include\xmemory(736): note: 模板实例化上下文(最早的实例化上下文)为
C:\Program Files\Microsoft Visual Studio\18\Community\VC\Tools\MSVC\14.50.35717\include\vector(848): note: 查看对正在编译的函数 模板 实例化“float *std::vector<float,std::allocator<float>>::_Emplace_reallocate<_Ty>(float *const ,_Ty &&)”的引用
        with
        [
            _Ty=double
        ]
C:\Program Files\Microsoft Visual Studio\18\Community\VC\Tools\MSVC\14.50.35717\include\vector(900): note: 查看对正在编译的函数 模板 实例化“void std::_Default_allocator_traits<_Alloc>::construct<_Ty,double>(_Alloc &,_Objty *const ,double &&)”的引用
        with
        [
            _Alloc=std::allocator<float>,
            _Ty=float,
            _Objty=float
        ]
[236/260] Building CXX object CMakeFiles\libslic3r_from_source.dir\third_party\OrcaSlicer\src\libslic3r\SLA\Rotfinder.cpp.obj
C:\Program Files\Microsoft Visual Studio\18\Community\VC\Tools\MSVC\14.50.35717\include\numeric(33): warning C4267: “=”: 从“size_t”转换到“_Ty”，可能丢失数据
        with
        [
            _Ty=int
        ]
C:\Program Files\Microsoft Visual Studio\18\Community\VC\Tools\MSVC\14.50.35717\include\numeric(33): note: 模板实例化上下文(最早的实例化上下文)为
E:\ai\3DPrinter_Qt6\third_party\OrcaSlicer\src\libslic3r/ExtrusionEntity.hpp(441): note: 查看对正在编译的函数 模板 实例化“_Ty std::accumulate<std::_Vector_const_iterator<std::_Vector_val<std::_Simple_types<Slic3r::ExtrusionPath>>>,int,Slic3r::ExtrusionMultiPath::collect_points::<lambda_abff1419f1e7bad13c439e3f0139ec39>>(const _InIt,const _InIt,_Ty,_Fn)”的引用
        with
        [
            _Ty=int,
            _InIt=std::_Vector_const_iterator<std::_Vector_val<std::_Simple_types<Slic3r::ExtrusionPath>>>,
            _Fn=Slic3r::ExtrusionMultiPath::collect_points::<lambda_abff1419f1e7bad13c439e3f0139ec39>
        ]
[237/260] Building CXX object CMakeFiles\libslic3r_from_source.dir\third_party\OrcaSlicer\src\libslic3r\Support\SupportCommon.cpp.obj
C:\Program Files\Microsoft Visual Studio\18\Community\VC\Tools\MSVC\14.50.35717\include\numeric(33): warning C4267: “=”: 从“size_t”转换到“_Ty”，可能丢失数据
        with
        [
            _Ty=int
        ]
C:\Program Files\Microsoft Visual Studio\18\Community\VC\Tools\MSVC\14.50.35717\include\numeric(33): note: 模板实例化上下文(最早的实例化上下文)为
E:\ai\3DPrinter_Qt6\third_party\OrcaSlicer\src\libslic3r\ExtrusionEntity.hpp(441): note: 查看对正在编译的函数 模板 实例化“_Ty std::accumulate<std::_Vector_const_iterator<std::_Vector_val<std::_Simple_types<Slic3r::ExtrusionPath>>>,int,Slic3r::ExtrusionMultiPath::collect_points::<lambda_abff1419f1e7bad13c439e3f0139ec39>>(const _InIt,const _InIt,_Ty,_Fn)”的引用
        with
        [
            _Ty=int,
            _InIt=std::_Vector_const_iterator<std::_Vector_val<std::_Simple_types<Slic3r::ExtrusionPath>>>,
            _Fn=Slic3r::ExtrusionMultiPath::collect_points::<lambda_abff1419f1e7bad13c439e3f0139ec39>
        ]
[238/260] Building CXX object CMakeFiles\libslic3r_from_source.dir\third_party\OrcaSlicer\src\libslic3r\Support\SupportMaterial.cpp.obj
C:\Program Files\Microsoft Visual Studio\18\Community\VC\Tools\MSVC\14.50.35717\include\numeric(33): warning C4267: “=”: 从“size_t”转换到“_Ty”，可能丢失数据
        with
        [
            _Ty=int
        ]
C:\Program Files\Microsoft Visual Studio\18\Community\VC\Tools\MSVC\14.50.35717\include\numeric(33): note: 模板实例化上下文(最早的实例化上下文)为
E:\ai\3DPrinter_Qt6\third_party\OrcaSlicer\src\libslic3r\ExtrusionEntity.hpp(441): note: 查看对正在编译的函数 模板 实例化“_Ty std::accumulate<std::_Vector_const_iterator<std::_Vector_val<std::_Simple_types<Slic3r::ExtrusionPath>>>,int,Slic3r::ExtrusionMultiPath::collect_points::<lambda_abff1419f1e7bad13c439e3f0139ec39>>(const _InIt,const _InIt,_Ty,_Fn)”的引用
        with
        [
            _Ty=int,
            _InIt=std::_Vector_const_iterator<std::_Vector_val<std::_Simple_types<Slic3r::ExtrusionPath>>>,
            _Fn=Slic3r::ExtrusionMultiPath::collect_points::<lambda_abff1419f1e7bad13c439e3f0139ec39>
        ]
[239/260] Building CXX object CMakeFiles\libslic3r_from_source.dir\third_party\OrcaSlicer\src\libslic3r\Support\TreeModelVolumes.cpp.obj
C:\Program Files\Microsoft Visual Studio\18\Community\VC\Tools\MSVC\14.50.35717\include\numeric(33): warning C4267: “=”: 从“size_t”转换到“_Ty”，可能丢失数据
        with
        [
            _Ty=int
        ]
C:\Program Files\Microsoft Visual Studio\18\Community\VC\Tools\MSVC\14.50.35717\include\numeric(33): note: 模板实例化上下文(最早的实例化上下文)为
E:\ai\3DPrinter_Qt6\third_party\OrcaSlicer\src\libslic3r\ExtrusionEntity.hpp(441): note: 查看对正在编译的函数 模板 实例化“_Ty std::accumulate<std::_Vector_const_iterator<std::_Vector_val<std::_Simple_types<Slic3r::ExtrusionPath>>>,int,Slic3r::ExtrusionMultiPath::collect_points::<lambda_abff1419f1e7bad13c439e3f0139ec39>>(const _InIt,const _InIt,_Ty,_Fn)”的引用
        with
        [
            _Ty=int,
            _InIt=std::_Vector_const_iterator<std::_Vector_val<std::_Simple_types<Slic3r::ExtrusionPath>>>,
            _Fn=Slic3r::ExtrusionMultiPath::collect_points::<lambda_abff1419f1e7bad13c439e3f0139ec39>
        ]
[240/260] Building CXX object CMakeFiles\libslic3r_from_source.dir\third_party\OrcaSlicer\src\libslic3r\Support\SupportSpotsGenerator.cpp.obj
C:\Program Files\Microsoft Visual Studio\18\Community\VC\Tools\MSVC\14.50.35717\include\numeric(33): warning C4267: “=”: 从“size_t”转换到“_Ty”，可能丢失数据
        with
        [
            _Ty=int
        ]
C:\Program Files\Microsoft Visual Studio\18\Community\VC\Tools\MSVC\14.50.35717\include\numeric(33): note: 模板实例化上下文(最早的实例化上下文)为
E:\ai\3DPrinter_Qt6\third_party\OrcaSlicer\src\libslic3r\ExtrusionEntity.hpp(441): note: 查看对正在编译的函数 模板 实例化“_Ty std::accumulate<std::_Vector_const_iterator<std::_Vector_val<std::_Simple_types<Slic3r::ExtrusionPath>>>,int,Slic3r::ExtrusionMultiPath::collect_points::<lambda_abff1419f1e7bad13c439e3f0139ec39>>(const _InIt,const _InIt,_Ty,_Fn)”的引用
        with
        [
            _Ty=int,
            _InIt=std::_Vector_const_iterator<std::_Vector_val<std::_Simple_types<Slic3r::ExtrusionPath>>>,
            _Fn=Slic3r::ExtrusionMultiPath::collect_points::<lambda_abff1419f1e7bad13c439e3f0139ec39>
        ]
C:\Program Files\Microsoft Visual Studio\18\Community\VC\Tools\MSVC\14.50.35717\include\utility(274): warning C4244: “初始化”: 从“_Ty”转换到“_Ty1”，可能丢失数据
        with
        [
            _Ty=double
        ]
        and
        [
            _Ty1=float
        ]
C:\Program Files\Microsoft Visual Studio\18\Community\VC\Tools\MSVC\14.50.35717\include\utility(274): note: 模板实例化上下文(最早的实例化上下文)为
E:\ai\3DPrinter_Qt6\third_party\OrcaSlicer\src\libslic3r\Support\SupportSpotsGenerator.hpp(47): note: 查看对正在编译的函数 模板 实例化“std::pair<float,float>::pair<double,double,0>(_Other1 &&,_Other2 &&) noexcept”的引用
        with
        [
            _Other1=double,
            _Other2=double
        ]
E:\ai\3DPrinter_Qt6\third_party\OrcaSlicer\src\libslic3r\Support\SupportSpotsGenerator.hpp(47): note: 请参阅 "Slic3r::SupportSpotsGenerator::Params::Params" 中对 "std::pair<float,float>::pair" 的第一个引用
C:\Program Files\Microsoft Visual Studio\18\Community\VC\Tools\MSVC\14.50.35717\include\utility(274): warning C4244: “初始化”: 从“_Ty”转换到“_Ty2”，可能丢失数据
        with
        [
            _Ty=double
        ]
        and
        [
            _Ty2=float
        ]
C:\Program Files\Microsoft Visual Studio\18\Community\VC\Tools\MSVC\14.50.35717\include\utility(274): warning C4244: “初始化”: 从“_Ty”转换到“_Ty2”，可能丢失数据
        with
        [
            _Ty=int
        ]
        and
        [
            _Ty2=float
        ]
C:\Program Files\Microsoft Visual Studio\18\Community\VC\Tools\MSVC\14.50.35717\include\utility(274): note: 模板实例化上下文(最早的实例化上下文)为
E:\ai\3DPrinter_Qt6\third_party\OrcaSlicer\src\libslic3r\GCode/ExtrusionProcessor.hpp(339): note: 查看对正在编译的函数 模板 实例化“std::pair<float,float>::pair<float,int,0>(_Other1 &&,_Other2 &&) noexcept”的引用
        with
        [
            _Other1=float,
            _Other2=int
        ]
E:\ai\3DPrinter_Qt6\third_party\OrcaSlicer\src\libslic3r\GCode/ExtrusionProcessor.hpp(339): note: 请参阅 "Slic3r::ExtrusionQualityEstimator::estimate_extrusion_quality" 中对 "std::pair<float,float>::pair" 的第一个引用
[241/260] Building CXX object CMakeFiles\libslic3r_from_source.dir\third_party\OrcaSlicer\src\libslic3r\Support\TreeSupport.cpp.obj
C:\Program Files\Microsoft Visual Studio\18\Community\VC\Tools\MSVC\14.50.35717\include\numeric(33): warning C4267: “=”: 从“size_t”转换到“_Ty”，可能丢失数据
        with
        [
            _Ty=int
        ]
C:\Program Files\Microsoft Visual Studio\18\Community\VC\Tools\MSVC\14.50.35717\include\numeric(33): note: 模板实例化上下文(最早的实例化上下文)为
E:\ai\3DPrinter_Qt6\third_party\OrcaSlicer\src\libslic3r\ExtrusionEntity.hpp(441): note: 查看对正在编译的函数 模板 实例化“_Ty std::accumulate<std::_Vector_const_iterator<std::_Vector_val<std::_Simple_types<Slic3r::ExtrusionPath>>>,int,Slic3r::ExtrusionMultiPath::collect_points::<lambda_abff1419f1e7bad13c439e3f0139ec39>>(const _InIt,const _InIt,_Ty,_Fn)”的引用
        with
        [
            _Ty=int,
            _InIt=std::_Vector_const_iterator<std::_Vector_val<std::_Simple_types<Slic3r::ExtrusionPath>>>,
            _Fn=Slic3r::ExtrusionMultiPath::collect_points::<lambda_abff1419f1e7bad13c439e3f0139ec39>
        ]
C:\Program Files\Microsoft Visual Studio\18\Community\VC\Tools\MSVC\14.50.35717\include\memory(3659): warning C4244: “参数”: 从“double”转换到“float”，可能丢失数据
C:\Program Files\Microsoft Visual Studio\18\Community\VC\Tools\MSVC\14.50.35717\include\memory(3659): note: 模板实例化上下文(最早的实例化上下文)为
E:\ai\3DPrinter_Qt6\third_party\OrcaSlicer\src\libslic3r\Support\TreeSupport.cpp(2505): note: 查看对正在编译的函数 模板 实例化“std::unique_ptr<Slic3r::FillLightning::Generator,std::default_delete<Slic3r::FillLightning::Generator>> std::make_unique<Slic3r::FillLightning::Generator,Slic3r::PrintObject*&,std::vector<Slic3r::Polygons,std::allocator<Slic3r::Polygons>>&,std::vector<Slic3r::Polygons,std::allocator<Slic3r::Polygons>>&,Slic3r::TreeSupport::draw_circles::<lambda_26f22674ec159a58449a1e247244d583>,coordf_t&,0>(Slic3r::PrintObject *&,std::vector<Slic3r::Polygons,std::allocator<Slic3r::Polygons>> &,std::vector<Slic3r::Polygons,std::allocator<Slic3r::Polygons>> &,Slic3r::TreeSupport::draw_circles::<lambda_26f22674ec159a58449a1e247244d583> &&,coordf_t &)”的引用
C:\Program Files\Microsoft Visual Studio\18\Community\VC\Tools\MSVC\14.50.35717\include\xmemory(620): warning C4244: “参数”: 从“_Ty”转换到“const float”，可能丢失数据
        with
        [
            _Ty=double
        ]
C:\Program Files\Microsoft Visual Studio\18\Community\VC\Tools\MSVC\14.50.35717\include\xmemory(620): note: 模板实例化上下文(最早的实例化上下文)为
E:\ai\3DPrinter_Qt6\third_party\OrcaSlicer\src\libslic3r\Support\TreeSupport.cpp(3603): note: 查看对正在编译的函数 模板 实例化“tbb::detail::d1::vector_iterator<tbb::detail::d1::concurrent_vector<Slic3r::Vec3f,tbb::detail::d1::cache_aligned_allocator<T>>,Eigen::Matrix<float,3,1,2,3,1>> tbb::detail::d1::concurrent_vector<T,tbb::detail::d1::cache_aligned_allocator<T>>::emplace_back<__int64&,__int64&,coordf_t>(__int64 &,__int64 &,coordf_t &&)”的引用
        with
        [
            T=Slic3r::Vec3f
        ]
E:\ai\3DPrinter_Qt6\third_party\OrcaSlicer\src\libslic3r\Support\TreeSupport.cpp(3603): note: 请参阅 "Slic3r::TreeSupport::generate_contact_points::<lambda_6891ad76586e24fe1925b1ff6660102c>::operator ()" 中对 "tbb::detail::d1::concurrent_vector<Slic3r::Vec3f,tbb::detail::d1::cache_aligned_allocator<T>>::emplace_back" 的第一个引用
        with
        [
            T=Slic3r::Vec3f
        ]
E:\ai\3D-Printer\deps\build\OrcaSlicer_dep\usr\local\include\tbb\../oneapi/tbb/concurrent_vector.h(417): note: 查看对正在编译的函数 模板 实例化“tbb::detail::d1::vector_iterator<tbb::detail::d1::concurrent_vector<Slic3r::Vec3f,tbb::detail::d1::cache_aligned_allocator<T>>,Eigen::Matrix<float,3,1,2,3,1>> tbb::detail::d1::concurrent_vector<T,tbb::detail::d1::cache_aligned_allocator<T>>::internal_emplace_back<coord_t&,coord_t&,_Ty>(coord_t &,coord_t &,_Ty &&)”的引用
        with
        [
            T=Slic3r::Vec3f,
            _Ty=double
        ]
E:\ai\3D-Printer\deps\build\OrcaSlicer_dep\usr\local\include\tbb\../oneapi/tbb/concurrent_vector.h(770): note: 查看对正在编译的函数 模板 实例化“void std::_Normal_allocator_traits<_Alloc>::construct<Eigen::Matrix<float,3,1,2,3,1>,coord_t&,coord_t&,_Ty>(_Alloc &,Eigen::Matrix<float,3,1,2,3,1> *,coord_t &,coord_t &,_Ty &&)”的引用
        with
        [
            _Alloc=tbb::detail::d1::cache_aligned_allocator<std::atomic<Eigen::Matrix<float,3,1,2,3,1> *>>,
            _Ty=double
        ]
C:\Program Files\Microsoft Visual Studio\18\Community\VC\Tools\MSVC\14.50.35717\include\xmemory(620): warning C4244: “参数”: 从“coord_t”转换到“const float”，可能丢失数据
C:\Program Files\Microsoft Visual Studio\18\Community\VC\Tools\MSVC\14.50.35717\include\xmemory(736): warning C4244: “参数”: 从“const __int64”转换到“coordf_t”，可能丢失数据
C:\Program Files\Microsoft Visual Studio\18\Community\VC\Tools\MSVC\14.50.35717\include\xmemory(736): note: 模板实例化上下文(最早的实例化上下文)为
E:\ai\3DPrinter_Qt6\third_party\OrcaSlicer\src\libslic3r\Support\TreeSupport.cpp(1719): note: 查看对正在编译的函数 模板 实例化“Slic3r::LayerHeightData &std::vector<Slic3r::LayerHeightData,std::allocator<Slic3r::LayerHeightData>>::emplace_back<float&,const coord_t&,const _Ty&>(float &,const coord_t &,const _Ty &)”的引用
        with
        [
            _Ty=int
        ]
E:\ai\3DPrinter_Qt6\third_party\OrcaSlicer\src\libslic3r\Support\TreeSupport.cpp(1719): note: 请参阅 "Slic3r::TreeSupport::move_bounds_to_contact_nodes" 中对 "std::vector<Slic3r::LayerHeightData,std::allocator<Slic3r::LayerHeightData>>::emplace_back" 的第一个引用
C:\Program Files\Microsoft Visual Studio\18\Community\VC\Tools\MSVC\14.50.35717\include\vector(924): note: 查看对正在编译的函数 模板 实例化“_Ty &std::vector<_Ty,std::allocator<_Ty>>::_Emplace_one_at_back<TargetType&,const __int64&,const int&>(TargetType &,const __int64 &,const int &)”的引用
        with
        [
            _Ty=Slic3r::LayerHeightData,
            TargetType=float
        ]
C:\Program Files\Microsoft Visual Studio\18\Community\VC\Tools\MSVC\14.50.35717\include\vector(845): note: 查看对正在编译的函数 模板 实例化“_Ty &std::vector<_Ty,std::allocator<_Ty>>::_Emplace_back_with_unused_capacity<TargetType&,const __int64&,const int&>(TargetType &,const __int64 &,const int &)”的引用
        with
        [
            _Ty=Slic3r::LayerHeightData,
            TargetType=float
        ]
C:\Program Files\Microsoft Visual Studio\18\Community\VC\Tools\MSVC\14.50.35717\include\vector(863): note: 查看对正在编译的函数 模板 实例化“void std::_Default_allocator_traits<_Alloc>::construct<_Ty,TargetType&,const __int64&,const int&>(_Alloc &,_Objty *const ,TargetType &,const __int64 &,const int &)”的引用
        with
        [
            _Alloc=std::allocator<Slic3r::LayerHeightData>,
            _Ty=Slic3r::LayerHeightData,
            TargetType=float,
            _Objty=Slic3r::LayerHeightData
        ]
[242/260] Building CXX object CMakeFiles\libslic3r_from_source.dir\third_party\OrcaSlicer\src\libslic3r\Feature\Interlocking\InterlockingGenerator.cpp.obj
C:\Program Files\Microsoft Visual Studio\18\Community\VC\Tools\MSVC\14.50.35717\include\numeric(33): warning C4267: “=”: 从“size_t”转换到“_Ty”，可能丢失数据
        with
        [
            _Ty=int
        ]
C:\Program Files\Microsoft Visual Studio\18\Community\VC\Tools\MSVC\14.50.35717\include\numeric(33): note: 模板实例化上下文(最早的实例化上下文)为
E:\ai\3DPrinter_Qt6\third_party\OrcaSlicer\src\libslic3r/ExtrusionEntity.hpp(441): note: 查看对正在编译的函数 模板 实例化“_Ty std::accumulate<std::_Vector_const_iterator<std::_Vector_val<std::_Simple_types<Slic3r::ExtrusionPath>>>,int,Slic3r::ExtrusionMultiPath::collect_points::<lambda_abff1419f1e7bad13c439e3f0139ec39>>(const _InIt,const _InIt,_Ty,_Fn)”的引用
        with
        [
            _Ty=int,
            _InIt=std::_Vector_const_iterator<std::_Vector_val<std::_Simple_types<Slic3r::ExtrusionPath>>>,
            _Fn=Slic3r::ExtrusionMultiPath::collect_points::<lambda_abff1419f1e7bad13c439e3f0139ec39>
        ]
[243/260] Building CXX object CMakeFiles\libslic3r_from_source.dir\third_party\OrcaSlicer\src\libslic3r\Support\TreeSupport3D.cpp.obj
C:\Program Files\Microsoft Visual Studio\18\Community\VC\Tools\MSVC\14.50.35717\include\numeric(33): warning C4267: “=”: 从“size_t”转换到“_Ty”，可能丢失数据
        with
        [
            _Ty=int
        ]
C:\Program Files\Microsoft Visual Studio\18\Community\VC\Tools\MSVC\14.50.35717\include\numeric(33): note: 模板实例化上下文(最早的实例化上下文)为
E:\ai\3DPrinter_Qt6\third_party\OrcaSlicer\src\libslic3r\ExtrusionEntity.hpp(441): note: 查看对正在编译的函数 模板 实例化“_Ty std::accumulate<std::_Vector_const_iterator<std::_Vector_val<std::_Simple_types<Slic3r::ExtrusionPath>>>,int,Slic3r::ExtrusionMultiPath::collect_points::<lambda_abff1419f1e7bad13c439e3f0139ec39>>(const _InIt,const _InIt,_Ty,_Fn)”的引用
        with
        [
            _Ty=int,
            _InIt=std::_Vector_const_iterator<std::_Vector_val<std::_Simple_types<Slic3r::ExtrusionPath>>>,
            _Fn=Slic3r::ExtrusionMultiPath::collect_points::<lambda_abff1419f1e7bad13c439e3f0139ec39>
        ]
C:\Program Files\Microsoft Visual Studio\18\Community\VC\Tools\MSVC\14.50.35717\include\utility(274): warning C4267: “初始化”: 从“size_t”转换到“_Ty2”，可能丢失数据
        with
        [
            _Ty2=int
        ]
C:\Program Files\Microsoft Visual Studio\18\Community\VC\Tools\MSVC\14.50.35717\include\utility(274): note: 模板实例化上下文(最早的实例化上下文)为
E:\ai\3DPrinter_Qt6\third_party\OrcaSlicer\src\libslic3r\Support\TreeSupport3D.cpp(3722): note: 查看对正在编译的函数 模板 实例化“std::pair<Slic3r::TreeSupport3D::SupportElement *,int> &std::vector<std::pair<Slic3r::TreeSupport3D::SupportElement *,int>,std::allocator<std::pair<Slic3r::TreeSupport3D::SupportElement *,int>>>::emplace_back<Slic3r::TreeSupport3D::SupportElement*,size_t&>(Slic3r::TreeSupport3D::SupportElement *&&,size_t &)”的引用
E:\ai\3DPrinter_Qt6\third_party\OrcaSlicer\src\libslic3r\Support\TreeSupport3D.cpp(3722): note: 请参阅 "Slic3r::TreeSupport3D::organic_draw_branches" 中对 "std::vector<std::pair<Slic3r::TreeSupport3D::SupportElement *,int>,std::allocator<std::pair<Slic3r::TreeSupport3D::SupportElement *,int>>>::emplace_back" 的第一个引用
C:\Program Files\Microsoft Visual Studio\18\Community\VC\Tools\MSVC\14.50.35717\include\vector(924): note: 查看对正在编译的函数 模板 实例化“_Ty &std::vector<_Ty,std::allocator<_Ty>>::_Emplace_one_at_back<Slic3r::TreeSupport3D::SupportElement*,size_t&>(Slic3r::TreeSupport3D::SupportElement *&&,size_t &)”的引用
        with
        [
            _Ty=std::pair<Slic3r::TreeSupport3D::SupportElement *,int>
        ]
C:\Program Files\Microsoft Visual Studio\18\Community\VC\Tools\MSVC\14.50.35717\include\vector(845): note: 查看对正在编译的函数 模板 实例化“_Ty &std::vector<_Ty,std::allocator<_Ty>>::_Emplace_back_with_unused_capacity<Slic3r::TreeSupport3D::SupportElement*,size_t&>(Slic3r::TreeSupport3D::SupportElement *&&,size_t &)”的引用
        with
        [
            _Ty=std::pair<Slic3r::TreeSupport3D::SupportElement *,int>
        ]
C:\Program Files\Microsoft Visual Studio\18\Community\VC\Tools\MSVC\14.50.35717\include\vector(860): note: 查看对正在编译的函数 模板 实例化“void std::_Construct_in_place<std::pair<Slic3r::TreeSupport3D::SupportElement *,int>,_Ty,size_t&>(std::pair<Slic3r::TreeSupport3D::SupportElement *,int> &,_Ty &&,size_t &) noexcept”的引用
        with
        [
            _Ty=Slic3r::TreeSupport3D::SupportElement *
        ]
C:\Program Files\Microsoft Visual Studio\18\Community\VC\Tools\MSVC\14.50.35717\include\xutility(522): note: 查看对正在编译的函数 模板 实例化“std::pair<Slic3r::TreeSupport3D::SupportElement *,int>::pair<Slic3r::TreeSupport3D::SupportElement*,size_t&,0>(_Other1 &&,_Other2) noexcept”的引用
        with
        [
            _Other1=Slic3r::TreeSupport3D::SupportElement *,
            _Other2=size_t &
        ]
[244/260] Building CXX object CMakeFiles\libslic3r_from_source.dir\third_party\OrcaSlicer\src\libslic3r\Feature\FuzzySkin\FuzzySkin.cpp.obj
C:\Program Files\Microsoft Visual Studio\18\Community\VC\Tools\MSVC\14.50.35717\include\numeric(33): warning C4267: “=”: 从“size_t”转换到“_Ty”，可能丢失数据
        with
        [
            _Ty=int
        ]
C:\Program Files\Microsoft Visual Studio\18\Community\VC\Tools\MSVC\14.50.35717\include\numeric(33): note: 模板实例化上下文(最早的实例化上下文)为
E:\ai\3DPrinter_Qt6\third_party\OrcaSlicer\src\libslic3r\Arachne\utils\../../ExtrusionEntity.hpp(441): note: 查看对正在编译的函数 模板 实例化“_Ty std::accumulate<std::_Vector_const_iterator<std::_Vector_val<std::_Simple_types<Slic3r::ExtrusionPath>>>,int,Slic3r::ExtrusionMultiPath::collect_points::<lambda_abff1419f1e7bad13c439e3f0139ec39>>(const _InIt,const _InIt,_Ty,_Fn)”的引用
        with
        [
            _Ty=int,
            _InIt=std::_Vector_const_iterator<std::_Vector_val<std::_Simple_types<Slic3r::ExtrusionPath>>>,
            _Fn=Slic3r::ExtrusionMultiPath::collect_points::<lambda_abff1419f1e7bad13c439e3f0139ec39>
        ]
C:\Program Files\Microsoft Visual Studio\18\Community\VC\Tools\MSVC\14.50.35717\include\xmemory(736): warning C4244: “参数”: 从“const _Ty”转换到“const coord_t”，可能丢失数据
        with
        [
            _Ty=coordf_t
        ]
C:\Program Files\Microsoft Visual Studio\18\Community\VC\Tools\MSVC\14.50.35717\include\xmemory(736): note: 模板实例化上下文(最早的实例化上下文)为
E:\ai\3DPrinter_Qt6\third_party\OrcaSlicer\src\libslic3r\Feature\FuzzySkin\FuzzySkin.cpp(386): note: 查看对正在编译的函数 模板 实例化“Slic3r::Arachne::ExtrusionJunction &std::vector<Slic3r::Arachne::ExtrusionJunction,std::allocator<Slic3r::Arachne::ExtrusionJunction>>::emplace_back<Slic3r::Point&,const _Ty&,size_t&>(Slic3r::Point &,const _Ty &,size_t &)”的引用
        with
        [
            _Ty=double
        ]
E:\ai\3DPrinter_Qt6\third_party\OrcaSlicer\src\libslic3r\Feature\FuzzySkin\FuzzySkin.cpp(386): note: 请参阅 "Slic3r::Feature::FuzzySkin::fuzzy_extrusion_line" 中对 "std::vector<Slic3r::Arachne::ExtrusionJunction,std::allocator<Slic3r::Arachne::ExtrusionJunction>>::emplace_back" 的第一个引用
C:\Program Files\Microsoft Visual Studio\18\Community\VC\Tools\MSVC\14.50.35717\include\vector(924): note: 查看对正在编译的函数 模板 实例化“_Ty &std::vector<_Ty,std::allocator<_Ty>>::_Emplace_one_at_back<Slic3r::Point&,const double&,size_t&>(Slic3r::Point &,const double &,size_t &)”的引用
        with
        [
            _Ty=Slic3r::Arachne::ExtrusionJunction
        ]
C:\Program Files\Microsoft Visual Studio\18\Community\VC\Tools\MSVC\14.50.35717\include\vector(845): note: 查看对正在编译的函数 模板 实例化“_Ty &std::vector<_Ty,std::allocator<_Ty>>::_Emplace_back_with_unused_capacity<Slic3r::Point&,const double&,size_t&>(Slic3r::Point &,const double &,size_t &)”的引用
        with
        [
            _Ty=Slic3r::Arachne::ExtrusionJunction
        ]
C:\Program Files\Microsoft Visual Studio\18\Community\VC\Tools\MSVC\14.50.35717\include\vector(863): note: 查看对正在编译的函数 模板 实例化“void std::_Default_allocator_traits<_Alloc>::construct<_Ty,Slic3r::Point&,const double&,size_t&>(_Alloc &,_Objty *const ,Slic3r::Point &,const double &,size_t &)”的引用
        with
        [
            _Alloc=std::allocator<Slic3r::Arachne::ExtrusionJunction>,
            _Ty=Slic3r::Arachne::ExtrusionJunction,
            _Objty=Slic3r::Arachne::ExtrusionJunction
        ]
C:\Program Files\Microsoft Visual Studio\18\Community\VC\Tools\MSVC\14.50.35717\include\xmemory(736): warning C4244: “参数”: 从“double”转换到“const coord_t”，可能丢失数据
C:\Program Files\Microsoft Visual Studio\18\Community\VC\Tools\MSVC\14.50.35717\include\xmemory(736): note: 模板实例化上下文(最早的实例化上下文)为
E:\ai\3DPrinter_Qt6\third_party\OrcaSlicer\src\libslic3r\Feature\FuzzySkin\FuzzySkin.cpp(390): note: 查看对正在编译的函数 模板 实例化“Slic3r::Arachne::ExtrusionJunction &std::vector<Slic3r::Arachne::ExtrusionJunction,std::allocator<Slic3r::Arachne::ExtrusionJunction>>::emplace_back<const Eigen::CwiseBinaryOp<Eigen::internal::scalar_sum_op<__int64,Scalar_>,const Derived,const Eigen::CwiseUnaryOp<Eigen::internal::core_cast_op<double,NewType>,const Eigen::CwiseBinaryOp<Eigen::internal::scalar_product_op<double,double>,const Eigen::Matrix<double,2,1,0,2,1>,const Eigen::CwiseNullaryOp<Eigen::internal::scalar_constant_op<double>,const Eigen::Matrix<double,2,1,0,2,1>>>>>,double&,size_t&>(const Eigen::CwiseBinaryOp<Eigen::internal::scalar_sum_op<__int64,Scalar_>,const Derived,const Eigen::CwiseUnaryOp<Eigen::internal::core_cast_op<double,NewType>,const Eigen::CwiseBinaryOp<Eigen::internal::scalar_product_op<double,double>,const Eigen::Matrix<double,2,1,0,2,1>,const Eigen::CwiseNullaryOp<Eigen::internal::scalar_constant_op<double>,const Eigen::Matrix<double,2,1,0,2,1>>>>> &&,double &,size_t &)”的引用
        with
        [
            Scalar_=coord_t,
            Derived=Eigen::Matrix<coord_t,2,1,2,2,1>,
            NewType=coord_t
        ]
E:\ai\3DPrinter_Qt6\third_party\OrcaSlicer\src\libslic3r\Feature\FuzzySkin\FuzzySkin.cpp(390): note: 请参阅 "Slic3r::Feature::FuzzySkin::fuzzy_extrusion_line" 中对 "std::vector<Slic3r::Arachne::ExtrusionJunction,std::allocator<Slic3r::Arachne::ExtrusionJunction>>::emplace_back" 的第一个引用
C:\Program Files\Microsoft Visual Studio\18\Community\VC\Tools\MSVC\14.50.35717\include\vector(924): note: 查看对正在编译的函数 模板 实例化“_Ty &std::vector<_Ty,std::allocator<_Ty>>::_Emplace_one_at_back<const Eigen::CwiseBinaryOp<Eigen::internal::scalar_sum_op<__int64,Scalar_>,const Derived,const Eigen::CwiseUnaryOp<Eigen::internal::core_cast_op<double,NewType>,const Eigen::CwiseBinaryOp<Eigen::internal::scalar_product_op<double,double>,const Eigen::Matrix<double,2,1,0,2,1>,const Eigen::CwiseNullaryOp<Eigen::internal::scalar_constant_op<double>,const Eigen::Matrix<double,2,1,0,2,1>>>>>,double&,size_t&>(const Eigen::CwiseBinaryOp<Eigen::internal::scalar_sum_op<__int64,Scalar_>,const Derived,const Eigen::CwiseUnaryOp<Eigen::internal::core_cast_op<double,NewType>,const Eigen::CwiseBinaryOp<Eigen::internal::scalar_product_op<double,double>,const Eigen::Matrix<double,2,1,0,2,1>,const Eigen::CwiseNullaryOp<Eigen::internal::scalar_constant_op<double>,const Eigen::Matrix<double,2,1,0,2,1>>>>> &&,double &,size_t &)”的引用
        with
        [
            _Ty=Slic3r::Arachne::ExtrusionJunction,
            Scalar_=coord_t,
            Derived=Eigen::Matrix<coord_t,2,1,2,2,1>,
            NewType=coord_t
        ]
C:\Program Files\Microsoft Visual Studio\18\Community\VC\Tools\MSVC\14.50.35717\include\vector(845): note: 查看对正在编译的函数 模板 实例化“_Ty &std::vector<_Ty,std::allocator<_Ty>>::_Emplace_back_with_unused_capacity<const Eigen::CwiseBinaryOp<Eigen::internal::scalar_sum_op<__int64,Scalar_>,const Derived,const Eigen::CwiseUnaryOp<Eigen::internal::core_cast_op<double,NewType>,const Eigen::CwiseBinaryOp<Eigen::internal::scalar_product_op<double,double>,const Eigen::Matrix<double,2,1,0,2,1>,const Eigen::CwiseNullaryOp<Eigen::internal::scalar_constant_op<double>,const Eigen::Matrix<double,2,1,0,2,1>>>>>,double&,size_t&>(const Eigen::CwiseBinaryOp<Eigen::internal::scalar_sum_op<__int64,Scalar_>,const Derived,const Eigen::CwiseUnaryOp<Eigen::internal::core_cast_op<double,NewType>,const Eigen::CwiseBinaryOp<Eigen::internal::scalar_product_op<double,double>,const Eigen::Matrix<double,2,1,0,2,1>,const Eigen::CwiseNullaryOp<Eigen::internal::scalar_constant_op<double>,const Eigen::Matrix<double,2,1,0,2,1>>>>> &&,double &,size_t &)”的引用
        with
        [
            _Ty=Slic3r::Arachne::ExtrusionJunction,
            Scalar_=coord_t,
            Derived=Eigen::Matrix<coord_t,2,1,2,2,1>,
            NewType=coord_t
        ]
C:\Program Files\Microsoft Visual Studio\18\Community\VC\Tools\MSVC\14.50.35717\include\vector(863): note: 查看对正在编译的函数 模板 实例化“void std::_Default_allocator_traits<_Alloc>::construct<_Ty,const Eigen::CwiseBinaryOp<Eigen::internal::scalar_sum_op<__int64,Scalar_>,const Derived,const Eigen::CwiseUnaryOp<Eigen::internal::core_cast_op<double,NewType>,const Eigen::CwiseBinaryOp<Eigen::internal::scalar_product_op<double,double>,const Eigen::Matrix<double,2,1,0,2,1>,const Eigen::CwiseNullaryOp<Eigen::internal::scalar_constant_op<double>,const Eigen::Matrix<double,2,1,0,2,1>>>>>,double&,size_t&>(_Alloc &,_Objty *const ,const Eigen::CwiseBinaryOp<Eigen::internal::scalar_sum_op<__int64,Scalar_>,const Derived,const Eigen::CwiseUnaryOp<Eigen::internal::core_cast_op<double,NewType>,const Eigen::CwiseBinaryOp<Eigen::internal::scalar_product_op<double,double>,const Eigen::Matrix<double,2,1,0,2,1>,const Eigen::CwiseNullaryOp<Eigen::internal::scalar_constant_op<double>,const Eigen::Matrix<double,2,1,0,2,1>>>>> &&,double &,size_t &)”的引用
        with
        [
            _Alloc=std::allocator<Slic3r::Arachne::ExtrusionJunction>,
            _Ty=Slic3r::Arachne::ExtrusionJunction,
            Scalar_=coord_t,
            Derived=Eigen::Matrix<coord_t,2,1,2,2,1>,
            NewType=coord_t,
            _Objty=Slic3r::Arachne::ExtrusionJunction
        ]
[245/260] Building CXX object CMakeFiles\owzx_app_core.dir\src\core\rendering\MeshRaycaster.cpp.obj
[246/260] Building CXX object CMakeFiles\libslic3r_from_source.dir\third_party\OrcaSlicer\src\libslic3r\Feature\Interlocking\VoxelUtils.cpp.obj
C:\Program Files\Microsoft Visual Studio\18\Community\VC\Tools\MSVC\14.50.35717\include\numeric(33): warning C4267: “=”: 从“size_t”转换到“_Ty”，可能丢失数据
        with
        [
            _Ty=int
        ]
C:\Program Files\Microsoft Visual Studio\18\Community\VC\Tools\MSVC\14.50.35717\include\numeric(33): note: 模板实例化上下文(最早的实例化上下文)为
E:\ai\3DPrinter_Qt6\third_party\OrcaSlicer\src\libslic3r\ExtrusionEntity.hpp(441): note: 查看对正在编译的函数 模板 实例化“_Ty std::accumulate<std::_Vector_const_iterator<std::_Vector_val<std::_Simple_types<Slic3r::ExtrusionPath>>>,int,Slic3r::ExtrusionMultiPath::collect_points::<lambda_abff1419f1e7bad13c439e3f0139ec39>>(const _InIt,const _InIt,_Ty,_Fn)”的引用
        with
        [
            _Ty=int,
            _InIt=std::_Vector_const_iterator<std::_Vector_val<std::_Simple_types<Slic3r::ExtrusionPath>>>,
            _Fn=Slic3r::ExtrusionMultiPath::collect_points::<lambda_abff1419f1e7bad13c439e3f0139ec39>
        ]
[247/260] Building CXX object CMakeFiles\owzx_app_core.dir\src\core\rendering\PaintEngine.cpp.obj
[248/260] Building CXX object CMakeFiles\owzx_app_core.dir\src\core\rendering\SceneRaycaster.cpp.obj
[249/260] Building CXX object CMakeFiles\owzx_app_core.dir\src\core\rendering\MeasureEngine.cpp.obj
[250/260] Building CXX object CMakeFiles\owzx_app_core.dir\src\core\services\CalibrationServiceMock.cpp.obj
[251/260] Building CXX object CMakeFiles\owzx_app_core.dir\src\core\model\PartPlate.cpp.obj
[252/260] Linking CXX static library libslic3r_from_source.lib
[253/260] Building CXX object CMakeFiles\owzx_app_core.dir\src\core\model\PartPlateList.cpp.obj
C:\Program Files\Microsoft Visual Studio\18\Community\VC\Tools\MSVC\14.50.35717\include\numeric(33): warning C4267: “=”: 从“size_t”转换到“_Ty”，可能丢失数据
        with
        [
            _Ty=int
        ]
C:\Program Files\Microsoft Visual Studio\18\Community\VC\Tools\MSVC\14.50.35717\include\numeric(33): note: 模板实例化上下文(最早的实例化上下文)为
E:\ai\3DPrinter_Qt6\third_party\OrcaSlicer\src\libslic3r/ExtrusionEntity.hpp(441): note: 查看对正在编译的函数 模板 实例化“_Ty std::accumulate<std::_Vector_const_iterator<std::_Vector_val<std::_Simple_types<Slic3r::ExtrusionPath>>>,int,Slic3r::ExtrusionMultiPath::collect_points::<lambda_1>>(const _InIt,const _InIt,_Ty,_Fn)”的引用
        with
        [
            _Ty=int,
            _InIt=std::_Vector_const_iterator<std::_Vector_val<std::_Simple_types<Slic3r::ExtrusionPath>>>,
            _Fn=Slic3r::ExtrusionMultiPath::collect_points::<lambda_1>
        ]
[254/260] Building CXX object CMakeFiles\owzx_app_core.dir\src\qml_gui\Models\ConfigOptionModel.cpp.obj
[255/260] Building CXX object CMakeFiles\owzx_app_core.dir\src\core\viewmodels\ConfigViewModel.cpp.obj
C:\Program Files\Microsoft Visual Studio\18\Community\VC\Tools\MSVC\14.50.35717\include\numeric(33): warning C4267: “=”: 从“size_t”转换到“_Ty”，可能丢失数据
        with
        [
            _Ty=int
        ]
C:\Program Files\Microsoft Visual Studio\18\Community\VC\Tools\MSVC\14.50.35717\include\numeric(33): note: 模板实例化上下文(最早的实例化上下文)为
E:\ai\3DPrinter_Qt6\third_party\OrcaSlicer\src\libslic3r/ExtrusionEntity.hpp(441): note: 查看对正在编译的函数 模板 实例化“_Ty std::accumulate<std::_Vector_const_iterator<std::_Vector_val<std::_Simple_types<Slic3r::ExtrusionPath>>>,int,Slic3r::ExtrusionMultiPath::collect_points::<lambda_1>>(const _InIt,const _InIt,_Ty,_Fn)”的引用
        with
        [
            _Ty=int,
            _InIt=std::_Vector_const_iterator<std::_Vector_val<std::_Simple_types<Slic3r::ExtrusionPath>>>,
            _Fn=Slic3r::ExtrusionMultiPath::collect_points::<lambda_1>
        ]
[256/260] Building CXX object CMakeFiles\owzx_app_core.dir\src\core\viewmodels\EditorViewModel.cpp.obj
C:\Program Files\Microsoft Visual Studio\18\Community\VC\Tools\MSVC\14.50.35717\include\numeric(33): warning C4267: “=”: 从“size_t”转换到“_Ty”，可能丢失数据
        with
        [
            _Ty=int
        ]
C:\Program Files\Microsoft Visual Studio\18\Community\VC\Tools\MSVC\14.50.35717\include\numeric(33): note: 模板实例化上下文(最早的实例化上下文)为
E:\ai\3DPrinter_Qt6\third_party\OrcaSlicer\src\libslic3r/ExtrusionEntity.hpp(441): note: 查看对正在编译的函数 模板 实例化“_Ty std::accumulate<std::_Vector_const_iterator<std::_Vector_val<std::_Simple_types<Slic3r::ExtrusionPath>>>,int,Slic3r::ExtrusionMultiPath::collect_points::<lambda_1>>(const _InIt,const _InIt,_Ty,_Fn)”的引用
        with
        [
            _Ty=int,
            _InIt=std::_Vector_const_iterator<std::_Vector_val<std::_Simple_types<Slic3r::ExtrusionPath>>>,
            _Fn=Slic3r::ExtrusionMultiPath::collect_points::<lambda_1>
        ]
[257/260] Building CXX object CMakeFiles\owzx_app_core.dir\src\core\viewmodels\PreviewViewModel.cpp.obj
C:\Program Files\Microsoft Visual Studio\18\Community\VC\Tools\MSVC\14.50.35717\include\numeric(33): warning C4267: “=”: 从“size_t”转换到“_Ty”，可能丢失数据
        with
        [
            _Ty=int
        ]
C:\Program Files\Microsoft Visual Studio\18\Community\VC\Tools\MSVC\14.50.35717\include\numeric(33): note: 模板实例化上下文(最早的实例化上下文)为
E:\ai\3DPrinter_Qt6\third_party\OrcaSlicer\src\libslic3r/ExtrusionEntity.hpp(441): note: 查看对正在编译的函数 模板 实例化“_Ty std::accumulate<std::_Vector_const_iterator<std::_Vector_val<std::_Simple_types<Slic3r::ExtrusionPath>>>,int,Slic3r::ExtrusionMultiPath::collect_points::<lambda_1>>(const _InIt,const _InIt,_Ty,_Fn)”的引用
        with
        [
            _Ty=int,
            _InIt=std::_Vector_const_iterator<std::_Vector_val<std::_Simple_types<Slic3r::ExtrusionPath>>>,
            _Fn=Slic3r::ExtrusionMultiPath::collect_points::<lambda_1>
        ]
[258/260] Automatic MOC and UIC for target OWzxSlicer
[259/260] Building CXX object CMakeFiles\OWzxSlicer.dir\OWzxSlicer_autogen\mocs_compilation.cpp.obj
[260/260] Linking CXX executable OWzxSlicer.exe
[1/4] Automatic MOC and UIC for target E2EWorkflowTests
[2/4] Building CXX object CMakeFiles\E2EWorkflowTests.dir\E2EWorkflowTests_autogen\mocs_compilation.cpp.obj
[3/4] Building CXX object CMakeFiles\E2EWorkflowTests.dir\tests\E2EWorkflowTests.cpp.obj
C:\Program Files\Microsoft Visual Studio\18\Community\VC\Tools\MSVC\14.50.35717\include\numeric(33): warning C4267: “=”: 从“size_t”转换到“_Ty”，可能丢失数据
        with
        [
            _Ty=int
        ]
C:\Program Files\Microsoft Visual Studio\18\Community\VC\Tools\MSVC\14.50.35717\include\numeric(33): note: 模板实例化上下文(最早的实例化上下文)为
E:\ai\3DPrinter_Qt6\third_party\OrcaSlicer\src\libslic3r/ExtrusionEntity.hpp(441): note: 查看对正在编译的函数 模板 实例化“_Ty std::accumulate<std::_Vector_const_iterator<std::_Vector_val<std::_Simple_types<Slic3r::ExtrusionPath>>>,int,Slic3r::ExtrusionMultiPath::collect_points::<lambda_1>>(const _InIt,const _InIt,_Ty,_Fn)”的引用
        with
        [
            _Ty=int,
            _InIt=std::_Vector_const_iterator<std::_Vector_val<std::_Simple_types<Slic3r::ExtrusionPath>>>,
            _Fn=Slic3r::ExtrusionMultiPath::collect_points::<lambda_1>
        ]
[4/4] Linking CXX executable E2EWorkflowTests.exe
[1/4] Automatic MOC and UIC for target ViewModelSmokeTests
[2/4] Building CXX object CMakeFiles\ViewModelSmokeTests.dir\ViewModelSmokeTests_autogen\mocs_compilation.cpp.obj
[3/4] Building CXX object CMakeFiles\ViewModelSmokeTests.dir\tests\ViewModelSmokeTests.cpp.obj
C:\Program Files\Microsoft Visual Studio\18\Community\VC\Tools\MSVC\14.50.35717\include\numeric(33): warning C4267: “=”: 从“size_t”转换到“_Ty”，可能丢失数据
        with
        [
            _Ty=int
        ]
C:\Program Files\Microsoft Visual Studio\18\Community\VC\Tools\MSVC\14.50.35717\include\numeric(33): note: 模板实例化上下文(最早的实例化上下文)为
E:\ai\3DPrinter_Qt6\third_party\OrcaSlicer\src\libslic3r/ExtrusionEntity.hpp(441): note: 查看对正在编译的函数 模板 实例化“_Ty std::accumulate<std::_Vector_const_iterator<std::_Vector_val<std::_Simple_types<Slic3r::ExtrusionPath>>>,int,Slic3r::ExtrusionMultiPath::collect_points::<lambda_1>>(const _InIt,const _InIt,_Ty,_Fn)”的引用
        with
        [
            _Ty=int,
            _InIt=std::_Vector_const_iterator<std::_Vector_val<std::_Simple_types<Slic3r::ExtrusionPath>>>,
            _Fn=Slic3r::ExtrusionMultiPath::collect_points::<lambda_1>
        ]
[4/4] Linking CXX executable ViewModelSmokeTests.exe
[1/3] Automatic MOC and UIC for target PrepareSceneDataTests
[2/3] Building CXX object CMakeFiles\PrepareSceneDataTests.dir\PrepareSceneDataTests_autogen\mocs_compilation.cpp.obj
[3/3] Linking CXX executable PrepareSceneDataTests.exe
[1/3] Automatic MOC and UIC for target QmlUiAuditTests
[2/3] Building CXX object CMakeFiles\QmlUiAuditTests.dir\QmlUiAuditTests_autogen\mocs_compilation.cpp.obj
[3/3] Linking CXX executable QmlUiAuditTests.exe
[1/4] Automatic MOC and UIC for target PartPlateTests
[2/4] Building CXX object CMakeFiles\PartPlateTests.dir\PartPlateTests_autogen\mocs_compilation.cpp.obj
[3/4] Building CXX object CMakeFiles\PartPlateTests.dir\tests\PartPlateTests.cpp.obj
C:\Program Files\Microsoft Visual Studio\18\Community\VC\Tools\MSVC\14.50.35717\include\numeric(33): warning C4267: “=”: 从“size_t”转换到“_Ty”，可能丢失数据
        with
        [
            _Ty=int
        ]
C:\Program Files\Microsoft Visual Studio\18\Community\VC\Tools\MSVC\14.50.35717\include\numeric(33): note: 模板实例化上下文(最早的实例化上下文)为
E:\ai\3DPrinter_Qt6\third_party\OrcaSlicer\src\libslic3r/ExtrusionEntity.hpp(441): note: 查看对正在编译的函数 模板 实例化“_Ty std::accumulate<std::_Vector_const_iterator<std::_Vector_val<std::_Simple_types<Slic3r::ExtrusionPath>>>,int,Slic3r::ExtrusionMultiPath::collect_points::<lambda_1>>(const _InIt,const _InIt,_Ty,_Fn)”的引用
        with
        [
            _Ty=int,
            _InIt=std::_Vector_const_iterator<std::_Vector_val<std::_Simple_types<Slic3r::ExtrusionPath>>>,
            _Fn=Slic3r::ExtrusionMultiPath::collect_points::<lambda_1>
        ]
[4/4] Linking CXX executable PartPlateTests.exe
[1/4] Automatic MOC and UIC for target PreviewParserTests
[2/4] Building CXX object CMakeFiles\PreviewParserTests.dir\PreviewParserTests_autogen\mocs_compilation.cpp.obj
[3/4] Building CXX object CMakeFiles\PreviewParserTests.dir\tests\PreviewParserTests.cpp.obj
C:\Program Files\Microsoft Visual Studio\18\Community\VC\Tools\MSVC\14.50.35717\include\numeric(33): warning C4267: “=”: 从“size_t”转换到“_Ty”，可能丢失数据
        with
        [
            _Ty=int
        ]
C:\Program Files\Microsoft Visual Studio\18\Community\VC\Tools\MSVC\14.50.35717\include\numeric(33): note: 模板实例化上下文(最早的实例化上下文)为
E:\ai\3DPrinter_Qt6\third_party\OrcaSlicer\src\libslic3r/ExtrusionEntity.hpp(441): note: 查看对正在编译的函数 模板 实例化“_Ty std::accumulate<std::_Vector_const_iterator<std::_Vector_val<std::_Simple_types<Slic3r::ExtrusionPath>>>,int,Slic3r::ExtrusionMultiPath::collect_points::<lambda_1>>(const _InIt,const _InIt,_Ty,_Fn)”的引用
        with
        [
            _Ty=int,
            _InIt=std::_Vector_const_iterator<std::_Vector_val<std::_Simple_types<Slic3r::ExtrusionPath>>>,
            _Fn=Slic3r::ExtrusionMultiPath::collect_points::<lambda_1>
        ]
[4/4] Linking CXX executable PreviewParserTests.exe
[1/11] Automatic MOC and UIC for target owzx_cli_core
[2/11] Building CXX object CMakeFiles\owzx_cli_core.dir\src\core\model\PartPlate.cpp.obj
[3/11] Building CXX object CMakeFiles\owzx_cli_core.dir\src\core\services\PresetServiceMock.cpp.obj
[4/11] Building CXX object CMakeFiles\owzx_cli_core.dir\src\core\model\PartPlateList.cpp.obj
C:\Program Files\Microsoft Visual Studio\18\Community\VC\Tools\MSVC\14.50.35717\include\numeric(33): warning C4267: “=”: 从“size_t”转换到“_Ty”，可能丢失数据
        with
        [
            _Ty=int
        ]
C:\Program Files\Microsoft Visual Studio\18\Community\VC\Tools\MSVC\14.50.35717\include\numeric(33): note: 模板实例化上下文(最早的实例化上下文)为
E:\ai\3DPrinter_Qt6\third_party\OrcaSlicer\src\libslic3r/ExtrusionEntity.hpp(441): note: 查看对正在编译的函数 模板 实例化“_Ty std::accumulate<std::_Vector_const_iterator<std::_Vector_val<std::_Simple_types<Slic3r::ExtrusionPath>>>,int,Slic3r::ExtrusionMultiPath::collect_points::<lambda_1>>(const _InIt,const _InIt,_Ty,_Fn)”的引用
        with
        [
            _Ty=int,
            _InIt=std::_Vector_const_iterator<std::_Vector_val<std::_Simple_types<Slic3r::ExtrusionPath>>>,
            _Fn=Slic3r::ExtrusionMultiPath::collect_points::<lambda_1>
        ]
[5/11] Building CXX object CMakeFiles\owzx_cli_core.dir\owzx_cli_core_autogen\mocs_compilation.cpp.obj
C:\Program Files\Microsoft Visual Studio\18\Community\VC\Tools\MSVC\14.50.35717\include\numeric(33): warning C4267: “=”: 从“size_t”转换到“_Ty”，可能丢失数据
        with
        [
            _Ty=int
        ]
C:\Program Files\Microsoft Visual Studio\18\Community\VC\Tools\MSVC\14.50.35717\include\numeric(33): note: 模板实例化上下文(最早的实例化上下文)为
E:\ai\3DPrinter_Qt6\third_party\OrcaSlicer\src\libslic3r/ExtrusionEntity.hpp(441): note: 查看对正在编译的函数 模板 实例化“_Ty std::accumulate<std::_Vector_const_iterator<std::_Vector_val<std::_Simple_types<Slic3r::ExtrusionPath>>>,int,Slic3r::ExtrusionMultiPath::collect_points::<lambda_1>>(const _InIt,const _InIt,_Ty,_Fn)”的引用
        with
        [
            _Ty=int,
            _InIt=std::_Vector_const_iterator<std::_Vector_val<std::_Simple_types<Slic3r::ExtrusionPath>>>,
            _Fn=Slic3r::ExtrusionMultiPath::collect_points::<lambda_1>
        ]
[6/11] Building CXX object CMakeFiles\owzx_cli_core.dir\src\core\services\SliceService.cpp.obj
E:\ai\3DPrinter_Qt6\src\core\services\SliceService.cpp(405): warning C4858: 正在放弃返回值: Use QThreadPool::start(Callable&&) if you don't need the returned QFuture
E:\ai\3DPrinter_Qt6\src\core\services\SliceService.cpp(980): warning C4858: 正在放弃返回值: Use QThreadPool::start(Callable&&) if you don't need the returned QFuture
C:\Program Files\Microsoft Visual Studio\18\Community\VC\Tools\MSVC\14.50.35717\include\numeric(33): warning C4267: “=”: 从“size_t”转换到“_Ty”，可能丢失数据
        with
        [
            _Ty=int
        ]
C:\Program Files\Microsoft Visual Studio\18\Community\VC\Tools\MSVC\14.50.35717\include\numeric(33): note: 模板实例化上下文(最早的实例化上下文)为
E:\ai\3DPrinter_Qt6\third_party\OrcaSlicer\src\libslic3r/ExtrusionEntity.hpp(441): note: 查看对正在编译的函数 模板 实例化“_Ty std::accumulate<std::_Vector_const_iterator<std::_Vector_val<std::_Simple_types<Slic3r::ExtrusionPath>>>,int,Slic3r::ExtrusionMultiPath::collect_points::<lambda_1>>(const _InIt,const _InIt,_Ty,_Fn)”的引用
        with
        [
            _Ty=int,
            _InIt=std::_Vector_const_iterator<std::_Vector_val<std::_Simple_types<Slic3r::ExtrusionPath>>>,
            _Fn=Slic3r::ExtrusionMultiPath::collect_points::<lambda_1>
        ]
[7/11] Building CXX object CMakeFiles\owzx_cli_core.dir\src\core\services\ProjectServiceMock.cpp.obj
E:\ai\3DPrinter_Qt6\src\core\services\ProjectServiceMock.cpp(573): warning C4858: 正在放弃返回值: Use QThreadPool::start(Callable&&) if you don't need the returned QFuture
E:\ai\3DPrinter_Qt6\src\core\services\ProjectServiceMock.cpp(2756): warning C4858: 正在放弃返回值: Use QThreadPool::start(Callable&&) if you don't need the returned QFuture
E:\ai\3DPrinter_Qt6\src\core\services\ProjectServiceMock.cpp(6211): warning C4858: 正在放弃返回值: Use QThreadPool::start(Callable&&) if you don't need the returned QFuture
C:\Program Files\Microsoft Visual Studio\18\Community\VC\Tools\MSVC\14.50.35717\include\numeric(33): warning C4267: “=”: 从“size_t”转换到“_Ty”，可能丢失数据
        with
        [
            _Ty=int
        ]
C:\Program Files\Microsoft Visual Studio\18\Community\VC\Tools\MSVC\14.50.35717\include\numeric(33): note: 模板实例化上下文(最早的实例化上下文)为
E:\ai\3DPrinter_Qt6\third_party\OrcaSlicer\src\libslic3r/ExtrusionEntity.hpp(441): note: 查看对正在编译的函数 模板 实例化“_Ty std::accumulate<std::_Vector_const_iterator<std::_Vector_val<std::_Simple_types<Slic3r::ExtrusionPath>>>,int,Slic3r::ExtrusionMultiPath::collect_points::<lambda_1>>(const _InIt,const _InIt,_Ty,_Fn)”的引用
        with
        [
            _Ty=int,
            _InIt=std::_Vector_const_iterator<std::_Vector_val<std::_Simple_types<Slic3r::ExtrusionPath>>>,
            _Fn=Slic3r::ExtrusionMultiPath::collect_points::<lambda_1>
        ]
[8/11] Building CXX object CMakeFiles\owzx_cli_core.dir\src\cli\CliRunner.cpp.obj
C:\Program Files\Microsoft Visual Studio\18\Community\VC\Tools\MSVC\14.50.35717\include\numeric(33): warning C4267: “=”: 从“size_t”转换到“_Ty”，可能丢失数据
        with
        [
            _Ty=int
        ]
C:\Program Files\Microsoft Visual Studio\18\Community\VC\Tools\MSVC\14.50.35717\include\numeric(33): note: 模板实例化上下文(最早的实例化上下文)为
E:\ai\3DPrinter_Qt6\third_party\OrcaSlicer\src\libslic3r/ExtrusionEntity.hpp(441): note: 查看对正在编译的函数 模板 实例化“_Ty std::accumulate<std::_Vector_const_iterator<std::_Vector_val<std::_Simple_types<Slic3r::ExtrusionPath>>>,int,Slic3r::ExtrusionMultiPath::collect_points::<lambda_1>>(const _InIt,const _InIt,_Ty,_Fn)”的引用
        with
        [
            _Ty=int,
            _InIt=std::_Vector_const_iterator<std::_Vector_val<std::_Simple_types<Slic3r::ExtrusionPath>>>,
            _Fn=Slic3r::ExtrusionMultiPath::collect_points::<lambda_1>
        ]
[9/11] Automatic MOC and UIC for target owzx-cli
[10/11] Building CXX object CMakeFiles\owzx-cli.dir\owzx-cli_autogen\mocs_compilation.cpp.obj
[11/11] Linking CXX executable owzx-cli.exe
[1/3] Automatic MOC and UIC for target CliTests
[2/3] Building CXX object CMakeFiles\CliTests.dir\CliTests_autogen\mocs_compilation.cpp.obj
[3/3] Linking CXX executable CliTests.exe
[Build] Optional target not found, skipping: test-slice-direct

[PrepareScene] Running Prepare scene data tests...
  ********* Start testing of PrepareSceneDataTests *********
  Config: Using QtTest library 6.10.2, Qt 6.10.2 (x86_64-little_endian-llp64 shared (dynamic) release build; by MSVC 2026), windows 11
  PASS   : PrepareSceneDataTests::initTestCase()
  PASS   : PrepareSceneDataTests::bedGeometryUsesDimensionsAndGridIntervals()
  PASS   : PrepareSceneDataTests::dirtyFlagsAreConsumedOnlyOnRequest()
  PASS   : PrepareSceneDataTests::activePlateContextDoesNotLeakInactiveObjects()
  PASS   : PrepareSceneDataTests::plateContextDirtyFlagsOnlyChangeOnPlateDifferences()
  PASS   : PrepareSceneDataTests::invalidBedDimensionsDoNotGenerateUnboundedBuffers()
  PASS   : PrepareSceneDataTests::modelBatchesParsePackedMeshWithSourceIndices()
  PASS   : PrepareSceneDataTests::modelBatchesRejectMalformedPayloads()
  PASS   : PrepareSceneDataTests::activePlateFilteringKeepsOnlyCurrentPlateSources()
  PASS   : PrepareSceneDataTests::emptyActivePlateDoesNotFallbackToAllModelBatches()
  PASS   : PrepareSceneDataTests::selectionAndHoverDoNotDirtyModelGeometry()
  PASS   : PrepareSceneDataTests::cleanupTestCase()
  Totals: 12 passed, 0 failed, 0 skipped, 0 blacklisted, 3ms
  ********* Finished testing of PrepareSceneDataTests *********
[PrepareScene] Prepare scene data tests passed

[PartPlate] Running PartPlate geometry + arrangement tests...
  ********* Start testing of PartPlateTests *********
  Config: Using QtTest library 6.10.2, Qt 6.10.2 (x86_64-little_endian-llp64 shared (dynamic) release build; by MSVC 2026), windows 11
  PASS   : PartPlateTests::initTestCase()
  PASS   : PartPlateTests::computeColumCount(count_1)
  PASS   : PartPlateTests::computeColumCount(count_2)
  PASS   : PartPlateTests::computeColumCount(count_3)
  PASS   : PartPlateTests::computeColumCount(count_4)
  PASS   : PartPlateTests::computeColumCount(count_5)
  PASS   : PartPlateTests::computeColumCount(count_6)
  PASS   : PartPlateTests::computeColumCount(count_7)
  PASS   : PartPlateTests::computeColumCount(count_8)
  PASS   : PartPlateTests::computeColumCount(count_9)
  PASS   : PartPlateTests::computeColumCount(count_10)
  PASS   : PartPlateTests::computeColumCount(count_11)
  PASS   : PartPlateTests::computeColumCount(count_12)
  PASS   : PartPlateTests::computeColumCount(count_13)
  PASS   : PartPlateTests::computeColumCount(count_14)
  PASS   : PartPlateTests::computeColumCount(count_15)
  PASS   : PartPlateTests::computeColumCount(count_16)
  PASS   : PartPlateTests::computeColumCount(count_17)
  PASS   : PartPlateTests::computeColumCount(count_18)
  PASS   : PartPlateTests::computeColumCount(count_19)
  PASS   : PartPlateTests::computeColumCount(count_20)
  PASS   : PartPlateTests::computeColumCount(count_21)
  PASS   : PartPlateTests::computeColumCount(count_22)
  PASS   : PartPlateTests::computeColumCount(count_23)
  PASS   : PartPlateTests::computeColumCount(count_24)
  PASS   : PartPlateTests::computeColumCount(count_25)
  PASS   : PartPlateTests::computeColumCount(count_26)
  PASS   : PartPlateTests::computeColumCount(count_27)
  PASS   : PartPlateTests::computeColumCount(count_28)
  PASS   : PartPlateTests::computeColumCount(count_29)
  PASS   : PartPlateTests::computeColumCount(count_30)
  PASS   : PartPlateTests::computeColumCount(count_31)
  PASS   : PartPlateTests::computeColumCount(count_32)
  PASS   : PartPlateTests::computeColumCount(count_33)
  PASS   : PartPlateTests::computeColumCount(count_34)
  PASS   : PartPlateTests::computeColumCount(count_35)
  PASS   : PartPlateTests::computeColumCount(count_36)
  PASS   : PartPlateTests::computeOriginGridMath()
  PASS   : PartPlateTests::computePlateIndexRoundTrip()
  PASS   : PartPlateTests::updatePlateOriginsWritesToPlates()
  QINFO  : PartPlateTests::arrangeDistributesAcrossPlates() [ProjectService] import start path=E:/ai/3DPrinter_Qt6/third_party/OrcaSlicer/resources/profiles/hotend.stl ext=stl
  QINFO  : PartPlateTests::arrangeDistributesAcrossPlates() [ProjectService] import success path=E:/ai/3DPrinter_Qt6/third_party/OrcaSlicer/resources/profiles/hotend.stl ext=stl objects=1 plates=1
  PASS   : PartPlateTests::arrangeDistributesAcrossPlates()
  QINFO  : PartPlateTests::lockedPlateExclusion() [ProjectService] import start path=E:/ai/3DPrinter_Qt6/third_party/OrcaSlicer/resources/profiles/hotend.stl ext=stl
  QINFO  : PartPlateTests::lockedPlateExclusion() [ProjectService] import success path=E:/ai/3DPrinter_Qt6/third_party/OrcaSlicer/resources/profiles/hotend.stl ext=stl objects=1 plates=1
  PASS   : PartPlateTests::lockedPlateExclusion()
  QINFO  : PartPlateTests::allLockedReturnsFalse() [ProjectService] import start path=E:/ai/3DPrinter_Qt6/third_party/OrcaSlicer/resources/profiles/hotend.stl ext=stl
  QINFO  : PartPlateTests::allLockedReturnsFalse() [ProjectService] import success path=E:/ai/3DPrinter_Qt6/third_party/OrcaSlicer/resources/profiles/hotend.stl ext=stl objects=1 plates=1
  PASS   : PartPlateTests::allLockedReturnsFalse()
  PASS   : PartPlateTests::thumbnailCacheInvalidation()
  QINFO  : PartPlateTests::thumbnailRoundTrip() [ProjectService] import start path=E:/ai/3DPrinter_Qt6/third_party/OrcaSlicer/resources/profiles/hotend.stl ext=stl
  QINFO  : PartPlateTests::thumbnailRoundTrip() [ProjectService] import success path=E:/ai/3DPrinter_Qt6/third_party/OrcaSlicer/resources/profiles/hotend.stl ext=stl objects=1 plates=1
  PASS   : PartPlateTests::thumbnailRoundTrip()
  QINFO  : PartPlateTests::thumbnailSaveReloadRoundTrip() [ProjectService] import start path=E:/ai/3DPrinter_Qt6/third_party/OrcaSlicer/resources/profiles/hotend.stl ext=stl
  QINFO  : PartPlateTests::thumbnailSaveReloadRoundTrip() [ProjectService] import success path=E:/ai/3DPrinter_Qt6/third_party/OrcaSlicer/resources/profiles/hotend.stl ext=stl objects=1 plates=1
  QINFO  : PartPlateTests::thumbnailSaveReloadRoundTrip() [ProjectService] import start path=C:/Users/67376/AppData/Local/Temp/owzx_thumb_roundtrip_1784719571026.3mf ext=3mf
  QINFO  : PartPlateTests::thumbnailSaveReloadRoundTrip() [ProjectService] import success path=C:/Users/67376/AppData/Local/Temp/owzx_thumb_roundtrip_1784719571026.3mf ext=3mf objects=1 plates=1
  PASS   : PartPlateTests::thumbnailSaveReloadRoundTrip()
  QINFO  : PartPlateTests::thumbnailMultiPlateSaveReloadRoundTrip() [ProjectService] import start path=E:/ai/3DPrinter_Qt6/third_party/OrcaSlicer/resources/profiles/hotend.stl ext=stl
  QINFO  : PartPlateTests::thumbnailMultiPlateSaveReloadRoundTrip() [ProjectService] import success path=E:/ai/3DPrinter_Qt6/third_party/OrcaSlicer/resources/profiles/hotend.stl ext=stl objects=1 plates=1
  QINFO  : PartPlateTests::thumbnailMultiPlateSaveReloadRoundTrip() [ProjectService] import start path=C:/Users/67376/AppData/Local/Temp/owzx_thumb_multi_1784719571199.3mf ext=3mf
  QINFO  : PartPlateTests::thumbnailMultiPlateSaveReloadRoundTrip() [ProjectService] import success path=C:/Users/67376/AppData/Local/Temp/owzx_thumb_multi_1784719571199.3mf ext=3mf objects=1 plates=2
  PASS   : PartPlateTests::thumbnailMultiPlateSaveReloadRoundTrip()
  PASS   : PartPlateTests::filamentMapManualAssignment()
  PASS   : PartPlateTests::filamentMapModeEnumWidenedAnd3MFMigrates()
  QINFO  : PartPlateTests::filamentMapModeRoundTripManualPreserved() [ProjectService] import start path=E:/ai/3DPrinter_Qt6/third_party/OrcaSlicer/resources/profiles/hotend.stl ext=stl
  QINFO  : PartPlateTests::filamentMapModeRoundTripManualPreserved() [ProjectService] import success path=E:/ai/3DPrinter_Qt6/third_party/OrcaSlicer/resources/profiles/hotend.stl ext=stl objects=1 plates=1
  QINFO  : PartPlateTests::filamentMapModeRoundTripManualPreserved() [ProjectService] import start path=C:/Users/67376/AppData/Local/Temp/owzx_fmap_1784719571340.3mf ext=3mf
  QINFO  : PartPlateTests::filamentMapModeRoundTripManualPreserved() [ProjectService] import success path=C:/Users/67376/AppData/Local/Temp/owzx_fmap_1784719571340.3mf ext=3mf objects=1 plates=1
  PASS   : PartPlateTests::filamentMapModeRoundTripManualPreserved()
  PASS   : PartPlateTests::filamentMapLegacyMigrationMapsInt1ToManual()
  QINFO  : PartPlateTests::filamentMapSaveReloadRoundTrip() [ProjectService] import start path=E:/ai/3DPrinter_Qt6/third_party/OrcaSlicer/resources/profiles/hotend.stl ext=stl
  QINFO  : PartPlateTests::filamentMapSaveReloadRoundTrip() [ProjectService] import success path=E:/ai/3DPrinter_Qt6/third_party/OrcaSlicer/resources/profiles/hotend.stl ext=stl objects=1 plates=1
  QINFO  : PartPlateTests::filamentMapSaveReloadRoundTrip() [ProjectService] import start path=C:/Users/67376/AppData/Local/Temp/owzx_fmap_rt_manual_1784719571498.3mf ext=3mf
  QINFO  : PartPlateTests::filamentMapSaveReloadRoundTrip() [ProjectService] import success path=C:/Users/67376/AppData/Local/Temp/owzx_fmap_rt_manual_1784719571498.3mf ext=3mf objects=1 plates=1
  QINFO  : PartPlateTests::filamentMapSaveReloadRoundTrip() [ProjectService] import start path=E:/ai/3DPrinter_Qt6/third_party/OrcaSlicer/resources/profiles/hotend.stl ext=stl
  QINFO  : PartPlateTests::filamentMapSaveReloadRoundTrip() [ProjectService] import success path=E:/ai/3DPrinter_Qt6/third_party/OrcaSlicer/resources/profiles/hotend.stl ext=stl objects=1 plates=1
  QINFO  : PartPlateTests::filamentMapSaveReloadRoundTrip() [ProjectService] import start path=C:/Users/67376/AppData/Local/Temp/owzx_fmap_rt_auto_1784719571624.3mf ext=3mf
  QINFO  : PartPlateTests::filamentMapSaveReloadRoundTrip() [ProjectService] import success path=C:/Users/67376/AppData/Local/Temp/owzx_fmap_rt_auto_1784719571624.3mf ext=3mf objects=1 plates=1
  PASS   : PartPlateTests::filamentMapSaveReloadRoundTrip()
  PASS   : PartPlateTests::meshAndSceneRaycasterHitMissAndClosestPick()
  PASS   : PartPlateTests::measureEngineProducesFeatureAndReadout()
  PASS   : PartPlateTests::cleanupTestCase()
  Totals: 55 passed, 0 failed, 0 skipped, 0 blacklisted, 1028ms
  ********* Finished testing of PartPlateTests *********
[PartPlate] PartPlate tests passed

[ViewModel] Running viewmodel smoke tests...
  ********* Start testing of ViewModelSmokeTests *********
  Config: Using QtTest library 6.10.2, Qt 6.10.2 (x86_64-little_endian-llp64 shared (dynamic) release build; by MSVC 2026), windows 11
  PASS   : ViewModelSmokeTests::initTestCase()
  QDEBUG : ViewModelSmokeTests::testTabPositionEnumValues() [AppSettings] loaded: bed=220.0x220.0
  QWARN  : ViewModelSmokeTests::testTabPositionEnumValues() [Backend] hints.json not found, using fallback hints
  PASS   : ViewModelSmokeTests::testTabPositionEnumValues()
  QDEBUG : ViewModelSmokeTests::testRequestSelectTabSignal() [AppSettings] loaded: bed=220.0x220.0
  QWARN  : ViewModelSmokeTests::testRequestSelectTabSignal() [Backend] hints.json not found, using fallback hints
  PASS   : ViewModelSmokeTests::testRequestSelectTabSignal()
  QDEBUG : ViewModelSmokeTests::testRequestSelectTabOutOfRange() [AppSettings] loaded: bed=220.0x220.0
  QWARN  : ViewModelSmokeTests::testRequestSelectTabOutOfRange() [Backend] hints.json not found, using fallback hints
  QWARN  : ViewModelSmokeTests::testRequestSelectTabOutOfRange() [Backend] requestSelectTab: invalid position -1 (valid 0..8)
  QWARN  : ViewModelSmokeTests::testRequestSelectTabOutOfRange() [Backend] requestSelectTab: invalid position 9 (valid 0..8)
  PASS   : ViewModelSmokeTests::testRequestSelectTabOutOfRange()
  QDEBUG : ViewModelSmokeTests::testViewModeEnumValues() [AppSettings] loaded: bed=220.0x220.0
  QWARN  : ViewModelSmokeTests::testViewModeEnumValues() [Backend] hints.json not found, using fallback hints
  PASS   : ViewModelSmokeTests::testViewModeEnumValues()
  QDEBUG : ViewModelSmokeTests::testCurrentViewModeDefault() [AppSettings] loaded: bed=220.0x220.0
  QWARN  : ViewModelSmokeTests::testCurrentViewModeDefault() [Backend] hints.json not found, using fallback hints
  PASS   : ViewModelSmokeTests::testCurrentViewModeDefault()
  QDEBUG : ViewModelSmokeTests::testRequestChangeViewModeSignal() [AppSettings] loaded: bed=220.0x220.0
  QWARN  : ViewModelSmokeTests::testRequestChangeViewModeSignal() [Backend] hints.json not found, using fallback hints
  QWARN  : ViewModelSmokeTests::testRequestChangeViewModeSignal() [Backend] requestChangeViewMode: invalid mode -1 (valid 0..2)
  QWARN  : ViewModelSmokeTests::testRequestChangeViewModeSignal() [Backend] requestChangeViewMode: invalid mode 99 (valid 0..2)
  PASS   : ViewModelSmokeTests::testRequestChangeViewModeSignal()
  QDEBUG : ViewModelSmokeTests::testTabSelectDrivesViewMode() [AppSettings] loaded: bed=220.0x220.0
  QWARN  : ViewModelSmokeTests::testTabSelectDrivesViewMode() [Backend] hints.json not found, using fallback hints
  PASS   : ViewModelSmokeTests::testTabSelectDrivesViewMode()
  QDEBUG : ViewModelSmokeTests::shellStateGatesForwardToEditorViewModelAndPreserveRoundTrip() [AppSettings] loaded: bed=220.0x220.0
  QWARN  : ViewModelSmokeTests::shellStateGatesForwardToEditorViewModelAndPreserveRoundTrip() [Backend] hints.json not found, using fallback hints
  QINFO  : ViewModelSmokeTests::shellStateGatesForwardToEditorViewModelAndPreserveRoundTrip() [ProjectService] import start path=E:/ai/3DPrinter_Qt6/third_party/OrcaSlicer/resources/profiles/hotend.stl ext=stl
  QINFO  : ViewModelSmokeTests::shellStateGatesForwardToEditorViewModelAndPreserveRoundTrip() [ProjectService] import success path=E:/ai/3DPrinter_Qt6/third_party/OrcaSlicer/resources/profiles/hotend.stl ext=stl objects=1 plates=1
  QINFO  : ViewModelSmokeTests::shellStateGatesForwardToEditorViewModelAndPreserveRoundTrip() [ProjectService] meshData: 1 batches, bbox=[108.3..111.8, 0.0..12.0, 108.3..111.8]
  PASS   : ViewModelSmokeTests::shellStateGatesForwardToEditorViewModelAndPreserveRoundTrip()
  QDEBUG : ViewModelSmokeTests::sidebarPresetChangeInvalidatesSliceResults() [AppSettings] loaded: bed=220.0x220.0
  QWARN  : ViewModelSmokeTests::sidebarPresetChangeInvalidatesSliceResults() [Backend] hints.json not found, using fallback hints
  PASS   : ViewModelSmokeTests::sidebarPresetChangeInvalidatesSliceResults()
  QDEBUG : ViewModelSmokeTests::settingsOpenDoesNotInvalidateSliceResults() [AppSettings] loaded: bed=220.0x220.0
  QWARN  : ViewModelSmokeTests::settingsOpenDoesNotInvalidateSliceResults() [Backend] hints.json not found, using fallback hints
  PASS   : ViewModelSmokeTests::settingsOpenDoesNotInvalidateSliceResults()
  QDEBUG : ViewModelSmokeTests::sidebarSettingsForwardEmitsRequestedSignal() [AppSettings] loaded: bed=220.0x220.0
  QWARN  : ViewModelSmokeTests::sidebarSettingsForwardEmitsRequestedSignal() [Backend] hints.json not found, using fallback hints
  PASS   : ViewModelSmokeTests::sidebarSettingsForwardEmitsRequestedSignal()
  QDEBUG : ViewModelSmokeTests::testSidebarCollapsedDefault() [AppSettings] loaded: bed=220.0x220.0
  QWARN  : ViewModelSmokeTests::testSidebarCollapsedDefault() [Backend] hints.json not found, using fallback hints
  PASS   : ViewModelSmokeTests::testSidebarCollapsedDefault()
  QDEBUG : ViewModelSmokeTests::testRequestToggleSidebar() [AppSettings] loaded: bed=220.0x220.0
  QWARN  : ViewModelSmokeTests::testRequestToggleSidebar() [Backend] hints.json not found, using fallback hints
  QDEBUG : ViewModelSmokeTests::testRequestToggleSidebar() [AppSettings] loaded: bed=220.0x220.0
  QWARN  : ViewModelSmokeTests::testRequestToggleSidebar() [Backend] hints.json not found, using fallback hints
  PASS   : ViewModelSmokeTests::testRequestToggleSidebar()
  QDEBUG : ViewModelSmokeTests::testSidebarWidthClamp() [AppSettings] loaded: bed=220.0x220.0
  QWARN  : ViewModelSmokeTests::testSidebarWidthClamp() [Backend] hints.json not found, using fallback hints
  QDEBUG : ViewModelSmokeTests::testSidebarWidthClamp() [AppSettings] loaded: bed=220.0x220.0
  QWARN  : ViewModelSmokeTests::testSidebarWidthClamp() [Backend] hints.json not found, using fallback hints
  QDEBUG : ViewModelSmokeTests::testSidebarWidthClamp() [AppSettings] loaded: bed=220.0x220.0
  QWARN  : ViewModelSmokeTests::testSidebarWidthClamp() [Backend] hints.json not found, using fallback hints
  QDEBUG : ViewModelSmokeTests::testSidebarWidthClamp() [AppSettings] loaded: bed=220.0x220.0
  QWARN  : ViewModelSmokeTests::testSidebarWidthClamp() [Backend] hints.json not found, using fallback hints
  PASS   : ViewModelSmokeTests::testSidebarWidthClamp()
  QDEBUG : ViewModelSmokeTests::testSidebarDockArea() [AppSettings] loaded: bed=220.0x220.0
  QWARN  : ViewModelSmokeTests::testSidebarDockArea() [Backend] hints.json not found, using fallback hints
  QDEBUG : ViewModelSmokeTests::testSidebarDockArea() [AppSettings] loaded: bed=220.0x220.0
  QWARN  : ViewModelSmokeTests::testSidebarDockArea() [Backend] hints.json not found, using fallback hints
  PASS   : ViewModelSmokeTests::testSidebarDockArea()
  QDEBUG : ViewModelSmokeTests::int01_SsdpDiscoveryParsesMockResponse() [SSDP] discovery finished, found 0 devices
  PASS   : ViewModelSmokeTests::int01_SsdpDiscoveryParsesMockResponse()
  QDEBUG : ViewModelSmokeTests::int03_CameraStateMachineAndFrameToken() [Camera] starting stream: rtsp://192.168.1.50:8554/streaming/live/1
  PASS   : ViewModelSmokeTests::int03_CameraStateMachineAndFrameToken()
  QINFO  : ViewModelSmokeTests::int02_CalibrationGeneratesCalibGcode() [ProjectService] import start path=E:/ai/3DPrinter_Qt6/third_party/OrcaSlicer/tests/data/test_3mf/Prusa.stl ext=stl
  QINFO  : ViewModelSmokeTests::int02_CalibrationGeneratesCalibGcode() [ProjectService] import success path=E:/ai/3DPrinter_Qt6/third_party/OrcaSlicer/tests/data/test_3mf/Prusa.stl ext=stl objects=1 plates=1
  QINFO  : ViewModelSmokeTests::int02_CalibrationGeneratesCalibGcode() [SliceService] slice start source=E:/ai/3DPrinter_Qt6/third_party/OrcaSlicer/tests/data/test_3mf/Prusa.stl plate=0 label=平板 1
  QINFO  : ViewModelSmokeTests::int02_CalibrationGeneratesCalibGcode() [SliceService] slice finished plate=0 output=E:/ai/3DPrinter_Qt6/build/Prusa_20260722_192618.gcode layers=15
  QINFO  : ViewModelSmokeTests::int02_CalibrationGeneratesCalibGcode() [SliceService] wipe-tower ready valid=0 w=0.00 d=0.00 h=0.00 x=0.00 z=0.00
  QINFO  : ViewModelSmokeTests::int02_CalibrationGeneratesCalibGcode() [SliceService] filament-map ready valid=1 mode=0 count=1
  PASS   : ViewModelSmokeTests::int02_CalibrationGeneratesCalibGcode()
  PASS   : ViewModelSmokeTests::calibrationImplementedModesExposeStableRouting()
  QDEBUG : ViewModelSmokeTests::calibrationImplementedModesEmitSliceRequests() [Calib] starting real calibration: flow_dynamics
  QWARN  : ViewModelSmokeTests::calibrationImplementedModesEmitSliceRequests() [SliceService] slice failed source= plate=0 reason=No sliceable model found
  QDEBUG : ViewModelSmokeTests::calibrationImplementedModesEmitSliceRequests() [Calib] calib slice dispatched: mode=1 start=0.000 end=0.100 step=0.0020
  QDEBUG : ViewModelSmokeTests::calibrationImplementedModesEmitSliceRequests() [Calib] starting real calibration: flow_rate
  QWARN  : ViewModelSmokeTests::calibrationImplementedModesEmitSliceRequests() [SliceService] slice failed source= plate=0 reason=No sliceable model found
  QDEBUG : ViewModelSmokeTests::calibrationImplementedModesEmitSliceRequests() [Calib] calib slice dispatched: mode=5 start=0.900 end=1.100 step=0.0100
  QDEBUG : ViewModelSmokeTests::calibrationImplementedModesEmitSliceRequests() [Calib] starting real calibration: temp_tower
  QWARN  : ViewModelSmokeTests::calibrationImplementedModesEmitSliceRequests() [SliceService] slice failed source= plate=0 reason=No sliceable model found
  QDEBUG : ViewModelSmokeTests::calibrationImplementedModesEmitSliceRequests() [Calib] calib slice dispatched: mode=6 start=190.000 end=240.000 step=5.0000
  PASS   : ViewModelSmokeTests::calibrationImplementedModesEmitSliceRequests()
  QINFO  : ViewModelSmokeTests::calibrationUnsupportedModesAreExplicitlyUnavailable() [Calib] 'bed_leveling' is not startable: Blocked: requires live printer hardware calibration support.
  QINFO  : ViewModelSmokeTests::calibrationUnsupportedModesAreExplicitlyUnavailable() [Calib] 'vibration' is not startable: Blocked: requires live printer resonance measurement support.
  PASS   : ViewModelSmokeTests::calibrationUnsupportedModesAreExplicitlyUnavailable()
  QDEBUG : ViewModelSmokeTests::calibrationFallbackAndSliceCallbacksDriveProgress() [Calib] starting real calibration: flow_dynamics
  QDEBUG : ViewModelSmokeTests::calibrationFallbackAndSliceCallbacksDriveProgress() [Calib] no SliceService - mock-only mode
  QDEBUG : ViewModelSmokeTests::calibrationFallbackAndSliceCallbacksDriveProgress() [Calib] starting real calibration: flow_dynamics
  QDEBUG : ViewModelSmokeTests::calibrationFallbackAndSliceCallbacksDriveProgress() [Calib] no SliceService - mock-only mode
  QDEBUG : ViewModelSmokeTests::calibrationFallbackAndSliceCallbacksDriveProgress() [Calib] starting real calibration: flow_dynamics
  QDEBUG : ViewModelSmokeTests::calibrationFallbackAndSliceCallbacksDriveProgress() [Calib] no SliceService - mock-only mode
  PASS   : ViewModelSmokeTests::calibrationFallbackAndSliceCallbacksDriveProgress()
  QDEBUG : ViewModelSmokeTests::int04_MqttConnectionParamsAndTelemetryFields() [Device] access code set for device idx=0 (port=8883)
  QDEBUG : ViewModelSmokeTests::int04_MqttConnectionParamsAndTelemetryFields() [Device] access code set for device idx=0 (port=8883)
  QDEBUG : ViewModelSmokeTests::int04_MqttConnectionParamsAndTelemetryFields() [Device] access code set for device idx=0 (port=8883)
  PASS   : ViewModelSmokeTests::int04_MqttConnectionParamsAndTelemetryFields()
  QDEBUG : ViewModelSmokeTests::int05_MqttCommandConstructionAndControlFlow() [Device] publishPrintCommand('pause') skipped - MQTT not connected
  QDEBUG : ViewModelSmokeTests::int05_MqttCommandConstructionAndControlFlow() [Device] publishPrintCommand('resume') skipped - MQTT not connected
  QDEBUG : ViewModelSmokeTests::int05_MqttCommandConstructionAndControlFlow() [Device] publishPrintCommand('stop') skipped - MQTT not connected
  QDEBUG : ViewModelSmokeTests::int05_MqttCommandConstructionAndControlFlow() [Device] publishPrintCommand('gcode_line') skipped - MQTT not connected
  PASS   : ViewModelSmokeTests::int05_MqttCommandConstructionAndControlFlow()
  QDEBUG : ViewModelSmokeTests::int06_FtpUrlAndSendPrintRouting() [Device] sendPrintViaFtp: MQTT not connected, cannot send print
  QDEBUG : ViewModelSmokeTests::int06_FtpUrlAndSendPrintRouting() [Device] sendPrintViaFtp: MQTT not connected, cannot send print
  PASS   : ViewModelSmokeTests::int06_FtpUrlAndSendPrintRouting()
  QDEBUG : ViewModelSmokeTests::appSettingsAndEditorBedShapePersistDeterministically() [AppSettings] loaded: bed=220.0x220.0
  QDEBUG : ViewModelSmokeTests::appSettingsAndEditorBedShapePersistDeterministically() [AppSettings] saved: bed=50.0x220.0
  QDEBUG : ViewModelSmokeTests::appSettingsAndEditorBedShapePersistDeterministically() [AppSettings] saved: bed=50.0x2000.0
  QDEBUG : ViewModelSmokeTests::appSettingsAndEditorBedShapePersistDeterministically() [AppSettings] loaded: bed=50.0x2000.0
  QDEBUG : ViewModelSmokeTests::appSettingsAndEditorBedShapePersistDeterministically() [AppSettings] saved: bed=220.0x220.0
  PASS   : ViewModelSmokeTests::appSettingsAndEditorBedShapePersistDeterministically()
  QINFO  : ViewModelSmokeTests::editor_import_model_updates_state() [ProjectService] import start path=E:/ai/3DPrinter_Qt6/third_party/OrcaSlicer/resources/profiles/hotend.stl ext=stl
  QINFO  : ViewModelSmokeTests::editor_import_model_updates_state() [ProjectService] import success path=E:/ai/3DPrinter_Qt6/third_party/OrcaSlicer/resources/profiles/hotend.stl ext=stl objects=1 plates=1
  QINFO  : ViewModelSmokeTests::editor_import_model_updates_state() [ProjectService] meshData: 1 batches, bbox=[108.3..111.8, 0.0..12.0, 108.3..111.8]
  PASS   : ViewModelSmokeTests::editor_import_model_updates_state()
  QINFO  : ViewModelSmokeTests::editorReadinessBlocksPreviewAndExportUntilCurrentPlateResultIsValid() [ProjectService] import start path=E:/ai/3DPrinter_Qt6/third_party/OrcaSlicer/resources/profiles/hotend.stl ext=stl
  QINFO  : ViewModelSmokeTests::editorReadinessBlocksPreviewAndExportUntilCurrentPlateResultIsValid() [ProjectService] import success path=E:/ai/3DPrinter_Qt6/third_party/OrcaSlicer/resources/profiles/hotend.stl ext=stl objects=1 plates=1
  QINFO  : ViewModelSmokeTests::editorReadinessBlocksPreviewAndExportUntilCurrentPlateResultIsValid() [ProjectService] meshData: 1 batches, bbox=[108.3..111.8, 0.0..12.0, 108.3..111.8]
  PASS   : ViewModelSmokeTests::editorReadinessBlocksPreviewAndExportUntilCurrentPlateResultIsValid()
  QDEBUG : ViewModelSmokeTests::monitor_refresh_updates_network_and_device() [Network] probe: online=1 latency=128ms
  PASS   : ViewModelSmokeTests::monitor_refresh_updates_network_and_device()
  PASS   : ViewModelSmokeTests::config_default_and_switch_preset()
  PASS   : ViewModelSmokeTests::configEnumNullKeysMapGuards()
  PASS   : ViewModelSmokeTests::testUpstreamDefaultsContainVectorKeys()
  PASS   : ViewModelSmokeTests::testMachineOptionsLoaded()
  PASS   : ViewModelSmokeTests::testFilamentOptionsLoaded()
  PASS   : ViewModelSmokeTests::testMachineEditFlowsToGlobal()
  PASS   : ViewModelSmokeTests::testTierAwareSaveFiltersByTier()
  PASS   : ViewModelSmokeTests::configPresetDirtyTracksActiveTierAgainstSelectedPreset()
  PASS   : ViewModelSmokeTests::configResetRestoresSelectedPresetValues()
  PASS   : ViewModelSmokeTests::configOptionModelDirtyUsesPresetReferenceValues()
  PASS   : ViewModelSmokeTests::configScopeResetRevealsInheritedValue()
  PASS   : ViewModelSmokeTests::configUnsavedTransitionsQueueAndCancelPendingChanges()
  PASS   : ViewModelSmokeTests::configDiscardAppliesPendingTransitionAndRestoresValues()
  PASS   : ViewModelSmokeTests::configWritableSaveAppliesPendingTransition()
  PASS   : ViewModelSmokeTests::configReadOnlySaveAsAppliesPendingTransition()
  PASS   : ViewModelSmokeTests::configPresetCategoryMappingUsesServiceEnums()
  PASS   : ViewModelSmokeTests::configPresetMutationsRejectWrongCategory()
  PASS   : ViewModelSmokeTests::presetServiceMetadataClassifiesBuiltinAndCustomPresets()
  PASS   : ViewModelSmokeTests::presetServiceSelectionPersistsAcrossInstances()
  QWARN  : ViewModelSmokeTests::presetServiceImportRejectsMalformedBundleWithoutMutation() [Preset] importBundle: invalid preset name or category
  QWARN  : ViewModelSmokeTests::presetServiceImportRejectsMalformedBundleWithoutMutation() [Preset] importBundle: unsupported bundle kind or version
  PASS   : ViewModelSmokeTests::presetServiceImportRejectsMalformedBundleWithoutMutation()
  QDEBUG : ViewModelSmokeTests::presetServiceExportsAndImportsUserBundleWithMetadata() [Preset] exported 1 user presets to: C:/Users/67376/AppData/Local/Temp/owzx_good_preset_bundle.json
  QDEBUG : ViewModelSmokeTests::presetServiceExportsAndImportsUserBundleWithMetadata() [Preset] imported 1 presets from: C:/Users/67376/AppData/Local/Temp/owzx_good_preset_bundle.json
  PASS   : ViewModelSmokeTests::presetServiceExportsAndImportsUserBundleWithMetadata()
  PASS   : ViewModelSmokeTests::presetCompatibilityFiltersFilamentsAndProcessesForPrinter()
  PASS   : ViewModelSmokeTests::configPrinterChangeRepairsIncompatibleSelections()
  PASS   : ViewModelSmokeTests::configKeepsInvalidSelectionWhenNoCompatibleFallback()
  PASS   : ViewModelSmokeTests::presetReadOnlyActionBlockerReasons()
  PASS   : ViewModelSmokeTests::partPlateInstanceMembershipTracksObjectInstancePairs()
  PASS   : ViewModelSmokeTests::partPlateSliceStateMachineGatesCanSlice()
  PASS   : ViewModelSmokeTests::partPlateListCreateDeleteRenameLockReindexesAndKeepsAtLeastOne()
  PASS   : ViewModelSmokeTests::partPlateListInstanceMembershipDerivesObjectIndices()
  PASS   : ViewModelSmokeTests::partPlateListRefusesExceedMaxPlateCount()
  PASS   : ViewModelSmokeTests::projectServicePlateOpsBackedByPartPlateList()
  PASS   : ViewModelSmokeTests::partPlateListMovePlateReindexesAndAdjustsCurrent()
  PASS   : ViewModelSmokeTests::projectServiceClonePlateDeepCopiesObjects()
  PASS   : ViewModelSmokeTests::projectServicePerPlatePrintableRoundTrip()
  QINFO  : ViewModelSmokeTests::multiPlate3mfRoundTripPreservesState() [ProjectService] import start path=E:/ai/3DPrinter_Qt6/tests/data/test_model.stl ext=stl
  QINFO  : ViewModelSmokeTests::multiPlate3mfRoundTripPreservesState() [ProjectService] import success path=E:/ai/3DPrinter_Qt6/tests/data/test_model.stl ext=stl objects=1 plates=1
  PASS   : ViewModelSmokeTests::multiPlate3mfRoundTripPreservesState()
  QINFO  : ViewModelSmokeTests::multiPlateFullStateRoundTrip() [ProjectService] import start path=E:/ai/3DPrinter_Qt6/tests/data/test_model.stl ext=stl
  QINFO  : ViewModelSmokeTests::multiPlateFullStateRoundTrip() [ProjectService] import success path=E:/ai/3DPrinter_Qt6/tests/data/test_model.stl ext=stl objects=1 plates=1
  PASS   : ViewModelSmokeTests::multiPlateFullStateRoundTrip()
  QINFO  : ViewModelSmokeTests::testAssembleTransformRoundTrip() [ProjectService] import start path=E:/ai/3DPrinter_Qt6/tests/data/test_model.stl ext=stl
  QINFO  : ViewModelSmokeTests::testAssembleTransformRoundTrip() [ProjectService] import success path=E:/ai/3DPrinter_Qt6/tests/data/test_model.stl ext=stl objects=1 plates=1
  PASS   : ViewModelSmokeTests::testAssembleTransformRoundTrip()
  PASS   : ViewModelSmokeTests::projectServicePerPlateConfigOverrideRoundTrips()
  PASS   : ViewModelSmokeTests::sliceServicePerPlateConfigMergeHonorsOverrides()
  PASS   : ViewModelSmokeTests::sliceServiceConfigMergeDirectionPlateWins()
  QINFO  : ViewModelSmokeTests::activePlateObjectIndicesFollowCurrentPlateWithoutFallback() [ProjectService] meshData: 1 batches, bbox=[100.0..120.0, 0.0..20.0, 100.0..120.0]
  QINFO  : ViewModelSmokeTests::activePlateObjectIndicesFollowCurrentPlateWithoutFallback() [ProjectService] meshData: 1 batches, bbox=[100.0..120.0, 0.0..20.0, 100.0..120.0]
  QINFO  : ViewModelSmokeTests::activePlateObjectIndicesFollowCurrentPlateWithoutFallback() [ProjectService] meshData: 1 batches, bbox=[100.0..120.0, 0.0..20.0, 100.0..120.0]
  PASS   : ViewModelSmokeTests::activePlateObjectIndicesFollowCurrentPlateWithoutFallback()
  QINFO  : ViewModelSmokeTests::rendererPickingSelectsSourceObjectThroughEditorViewModel() [ProjectService] meshData: 1 batches, bbox=[100.0..120.0, 0.0..20.0, 100.0..120.0]
  QINFO  : ViewModelSmokeTests::rendererPickingSelectsSourceObjectThroughEditorViewModel() [ProjectService] meshData: 2 batches, bbox=[95.0..125.0, 0.0..30.0, 95.0..125.0]
  QINFO  : ViewModelSmokeTests::rendererPickingSelectsSourceObjectThroughEditorViewModel() [ProjectService] meshData: 2 batches, bbox=[95.0..125.0, 0.0..30.0, 95.0..125.0]
  PASS   : ViewModelSmokeTests::rendererPickingSelectsSourceObjectThroughEditorViewModel()
  QINFO  : ViewModelSmokeTests::gizmoMoveDragCoalescesIntoSingleUndoCommand() [ProjectService] meshData: 1 batches, bbox=[100.0..120.0, 0.0..20.0, 100.0..120.0]
  PASS   : ViewModelSmokeTests::gizmoMoveDragCoalescesIntoSingleUndoCommand()
  QINFO  : ViewModelSmokeTests::gizmoRotateDragCoalescesIntoSingleUndoCommand() [ProjectService] meshData: 1 batches, bbox=[100.0..120.0, 0.0..20.0, 100.0..120.0]
  PASS   : ViewModelSmokeTests::gizmoRotateDragCoalescesIntoSingleUndoCommand()
  QINFO  : ViewModelSmokeTests::gizmoScaleDragCoalescesIntoSingleUndoCommand() [ProjectService] meshData: 1 batches, bbox=[100.0..120.0, 0.0..20.0, 100.0..120.0]
  PASS   : ViewModelSmokeTests::gizmoScaleDragCoalescesIntoSingleUndoCommand()
  QINFO  : ViewModelSmokeTests::prepareWorkflowGatesExposeSourceTruthState() [ProjectService] meshData: 1 batches, bbox=[100.0..120.0, 0.0..20.0, 100.0..120.0]
  QINFO  : ViewModelSmokeTests::prepareWorkflowGatesExposeSourceTruthState() [ProjectService] meshData: 2 batches, bbox=[100.0..120.0, 0.0..20.0, 100.0..120.0]
  PASS   : ViewModelSmokeTests::prepareWorkflowGatesExposeSourceTruthState()
  QINFO  : ViewModelSmokeTests::prepareMoveSelectionToPlateUsesSourceSelection() [ProjectService] meshData: 1 batches, bbox=[100.0..120.0, 0.0..20.0, 100.0..120.0]
  QINFO  : ViewModelSmokeTests::prepareMoveSelectionToPlateUsesSourceSelection() [ProjectService] meshData: 1 batches, bbox=[100.0..120.0, 0.0..20.0, 100.0..120.0]
  QINFO  : ViewModelSmokeTests::prepareMoveSelectionToPlateUsesSourceSelection() [ProjectService] meshData: 2 batches, bbox=[100.0..120.0, 0.0..20.0, 100.0..120.0]
  QINFO  : ViewModelSmokeTests::prepareMoveSelectionToPlateUsesSourceSelection() [ProjectService] meshData: 2 batches, bbox=[100.0..120.0, 0.0..20.0, 100.0..120.0]
  QINFO  : ViewModelSmokeTests::prepareMoveSelectionToPlateUsesSourceSelection() [ProjectService] meshData: 2 batches, bbox=[100.0..120.0, 0.0..20.0, 100.0..120.0]
  QINFO  : ViewModelSmokeTests::prepareMoveSelectionToPlateUsesSourceSelection() [ProjectService] meshData: 2 batches, bbox=[100.0..120.0, 0.0..20.0, 100.0..120.0]
  PASS   : ViewModelSmokeTests::prepareMoveSelectionToPlateUsesSourceSelection()
  QINFO  : ViewModelSmokeTests::prepareVisibleObjectActionsMapToSourceObjects() [ProjectService] meshData: 1 batches, bbox=[100.0..120.0, 0.0..20.0, 100.0..120.0]
  QINFO  : ViewModelSmokeTests::prepareVisibleObjectActionsMapToSourceObjects() [ProjectService] meshData: 1 batches, bbox=[100.0..120.0, 0.0..20.0, 100.0..120.0]
  QINFO  : ViewModelSmokeTests::prepareVisibleObjectActionsMapToSourceObjects() [ProjectService] meshData: 2 batches, bbox=[100.0..120.0, 0.0..20.0, 100.0..120.0]
  PASS   : ViewModelSmokeTests::prepareVisibleObjectActionsMapToSourceObjects()
  QINFO  : ViewModelSmokeTests::roleVisibilityToggleDoesNotRepackGcodePreviewData() [PreviewViewModel] payload file=E:/ai/3DPrinter_Qt6/tests/fixtures/orca_sample.gcode bytes=1918 layers=1 moves=45 segments=45 travelVisible=0
  PASS   : ViewModelSmokeTests::roleVisibilityToggleDoesNotRepackGcodePreviewData()
  QINFO  : ViewModelSmokeTests::legendGradientBoundsStableAcrossLayerMoveDrag() [PreviewViewModel] payload file=E:/ai/3DPrinter_Qt6/tests/fixtures/orca_sample.gcode bytes=1918 layers=1 moves=45 segments=45 travelVisible=0
  PASS   : ViewModelSmokeTests::legendGradientBoundsStableAcrossLayerMoveDrag()
  QINFO  : ViewModelSmokeTests::currentMoveUpdatesGcodeLineWindowAtomically() [PreviewViewModel] payload file=E:/ai/3DPrinter_Qt6/tests/fixtures/orca_sample.gcode bytes=1918 layers=1 moves=45 segments=45 travelVisible=0
  PASS   : ViewModelSmokeTests::currentMoveUpdatesGcodeLineWindowAtomically()
  QINFO  : ViewModelSmokeTests::stepCurrentMoveClampsAndUpdatesGcodeLineWindow() [PreviewViewModel] payload file=E:/ai/3DPrinter_Qt6/tests/fixtures/orca_sample.gcode bytes=1918 layers=1 moves=45 segments=45 travelVisible=0
  PASS   : ViewModelSmokeTests::stepCurrentMoveClampsAndUpdatesGcodeLineWindow()
  PASS   : ViewModelSmokeTests::viewModesExposeUpstreamSeventeenModes()
  PASS   : ViewModelSmokeTests::roleVisibilityMaskFeedsRendererShapeAndTogglesPropagate()
  QDEBUG : ViewModelSmokeTests::testSettingsDialogOpenFromSidebar() [AppSettings] loaded: bed=220.0x220.0
  QWARN  : ViewModelSmokeTests::testSettingsDialogOpenFromSidebar() [Backend] hints.json not found, using fallback hints
  PASS   : ViewModelSmokeTests::testSettingsDialogOpenFromSidebar()
  PASS   : ViewModelSmokeTests::testTabsAndGroupNavPerTier()
  PASS   : ViewModelSmokeTests::testConfigOptionModelSevenTypes()
  PASS   : ViewModelSmokeTests::testVectorFieldsHaveNonEmptyDefaults()
  PASS   : ViewModelSmokeTests::testPerOptionDirtyAndValueSource()
  PASS   : ViewModelSmokeTests::testReadonlyBuiltinGating()
  PASS   : ViewModelSmokeTests::testSaveSaveAsResetOptionResetGroupResetAll()
  PASS   : ViewModelSmokeTests::testUnsavedChangesGuardOnDirtyClose()
  PASS   : ViewModelSmokeTests::testPerDialogSearchAndFourLevelMode()
  PASS   : ViewModelSmokeTests::testNullableAndVectorOptions()
  PASS   : ViewModelSmokeTests::editorExplosionRatioDefaultsAndResetMirrorsUpstream()
  QINFO  : ViewModelSmokeTests::assemblyMeasureGizmoActivabilityMirrorsUpstream() [ProjectService] meshData: 1 batches, bbox=[100.0..120.0, 0.0..20.0, 100.0..120.0]
  QINFO  : ViewModelSmokeTests::assemblyMeasureGizmoActivabilityMirrorsUpstream() [ProjectService] meshData: 2 batches, bbox=[100.0..120.0, 0.0..20.0, 100.0..120.0]
  PASS   : ViewModelSmokeTests::assemblyMeasureGizmoActivabilityMirrorsUpstream()
  PASS   : ViewModelSmokeTests::assemblyMeasureGeometryComputesDistanceAndAngle()
  QINFO  : ViewModelSmokeTests::assembleViewDataPoolIsolatedFromPrepareAndPreview() [ProjectService] meshData: 1 batches, bbox=[100.0..120.0, 0.0..20.0, 100.0..120.0]
  QINFO  : ViewModelSmokeTests::assembleViewDataPoolIsolatedFromPrepareAndPreview() [ProjectService] meshData: 2 batches, bbox=[100.0..120.0, 0.0..20.0, 100.0..120.0]
  PASS   : ViewModelSmokeTests::assembleViewDataPoolIsolatedFromPrepareAndPreview()
  PASS   : ViewModelSmokeTests::wipeTowerGeometryReadbackAppliesValidAndInvalidGate()
  PASS   : ViewModelSmokeTests::filamentMapAutoRecommendationReadbackWired()
  PASS   : ViewModelSmokeTests::wipeTowerRealDimsReachRendererPipeline()
  PASS   : ViewModelSmokeTests::wipeTowerRealMeshReadbackGatesOptionBAndOptionAFallback()
  QINFO  : ViewModelSmokeTests::perVolumeItsAccessorReturnsValidMeshAndNullForInvalidIndices() [ProjectService] import start path=E:/ai/3DPrinter_Qt6/third_party/OrcaSlicer/resources/profiles/hotend.stl ext=stl
  QINFO  : ViewModelSmokeTests::perVolumeItsAccessorReturnsValidMeshAndNullForInvalidIndices() [ProjectService] import success path=E:/ai/3DPrinter_Qt6/third_party/OrcaSlicer/resources/profiles/hotend.stl ext=stl objects=1 plates=1
  PASS   : ViewModelSmokeTests::perVolumeItsAccessorReturnsValidMeshAndNullForInvalidIndices()
  PASS   : ViewModelSmokeTests::paintEngineSelectPatchMarksFacetAndGetFacetsReturnsIt()
  PASS   : ViewModelSmokeTests::cleanupTestCase()
  Totals: 105 passed, 0 failed, 0 skipped, 0 blacklisted, 8206ms
  ********* Finished testing of ViewModelSmokeTests *********
[ViewModel] ViewModel smoke tests passed

[UI] Running QML UI audit tests...
  ********* Start testing of QmlUiAuditTests *********
  Config: Using QtTest library 6.10.2, Qt 6.10.2 (x86_64-little_endian-llp64 shared (dynamic) release build; by MSVC 2026), windows 11
  PASS   : QmlUiAuditTests::initTestCase()
  PASS   : QmlUiAuditTests::topLevelUiHasNoVisiblePlaceholdersOrNoopActions()
  PASS   : QmlUiAuditTests::mainChromeUsesThemeTokens()
  PASS   : QmlUiAuditTests::sidebarCopyIsLocalizedAndOperationalTextIsReadable()
  PASS   : QmlUiAuditTests::guiStartupDeepLinkArgumentsAreExtensible()
  PASS   : QmlUiAuditTests::mainRegistersRhiViewportByDefaultWithSoftwareFallback()
  PASS   : QmlUiAuditTests::mainRegistersRhiViewportOnlyBehindExplicitGate()
  PASS   : QmlUiAuditTests::renderBenchmarkMatchesRhiBackendPolicy()
  PASS   : QmlUiAuditTests::legacyOpenGlViewportPathsStayDeleted()
  PASS   : QmlUiAuditTests::prepareViewportBindsBedAndPlateContext()
  PASS   : QmlUiAuditTests::prepareReadinessControlsBindBackendAvailability()
  PASS   : QmlUiAuditTests::exportUiUsesSaveDialogAndAvoidsSourcePathTarget()
  PASS   : QmlUiAuditTests::importEntryPointsAdvertiseConsistentModelFormats()
  PASS   : QmlUiAuditTests::rhiViewportRendererUsesPrepareSceneDataAndDirtyUploads()
  PASS   : QmlUiAuditTests::rhiViewportRendererUsesModelBuffersAndCameraUniforms()
  PASS   : QmlUiAuditTests::previewRhiRendererBindsPreviewStateAndUsesExactDrawSpans()
  PASS   : QmlUiAuditTests::previewRhiViewportFitsCameraToPreviewDataBeforeOrbit()
  PASS   : QmlUiAuditTests::previewRhiRendererResetsGpuStateAfterResourceRelease()
  PASS   : QmlUiAuditTests::previewRhiInteractionSettersPreservePreviewPayload()
  PASS   : QmlUiAuditTests::previewNormalPathCoversFullWorkflowBindingsAndDiagnostics()
  PASS   : QmlUiAuditTests::previewLayoutRestoresScreenshotRegionsAndGcodePanel()
  PASS   : QmlUiAuditTests::previewStatsPanelCallsOnlyQmlInvokableSetters()
  PASS   : QmlUiAuditTests::previewLayerMoveControlsAreActionableAndRendererSafe()
  PASS   : QmlUiAuditTests::previewRoleColorModesAreHonestAndPayloadSafe()
  PASS   : QmlUiAuditTests::previewRestorationMilestoneHasFinalCleanupCoverage()
  PASS   : QmlUiAuditTests::rhiViewportSelectionPickingBridgeStaysCppOwned()
  PASS   : QmlUiAuditTests::rhiViewportModelDragOrbitsAfterClickThreshold()
  PASS   : QmlUiAuditTests::rhiMoveGizmoDragBridgeStaysCppOwned()
  PASS   : QmlUiAuditTests::rhiRotateScaleGizmoBridgeStaysCppOwned()
  PASS   : QmlUiAuditTests::rhiGizmosRenderAsDepthIndependentOverlay()
  PASS   : QmlUiAuditTests::rhiCutPlaneAndWipeTowerStayCppOwned()
  PASS   : QmlUiAuditTests::visiblePlaceholderSurfacesAreHonest()
  PASS   : QmlUiAuditTests::plateContextMenuItemsWiredAndNonEmpty()
  PASS   : QmlUiAuditTests::shellActionsBindToBackendContextGates()
  PASS   : QmlUiAuditTests::mainWindowDefaultsToFramelessMaximizedShell()
  PASS   : QmlUiAuditTests::notificationSurfacesStayNonOverlapping()
  PASS   : QmlUiAuditTests::leftSidebarPresetControlsAreWiredAndHonest()
  PASS   : QmlUiAuditTests::prepareWorkflowActionsBindCppGates()
  PASS   : QmlUiAuditTests::prepareWorkflowPanelsMatchRestorationContract()
  PASS   : QmlUiAuditTests::prepareViewportControlsMatchRestorationContract()
  PASS   : QmlUiAuditTests::prepareLeftSidebarMatchesPixelRestorationContract()
  PASS   : QmlUiAuditTests::prepareFullVisualParityContract()
  PASS   : QmlUiAuditTests::prepareRestoredControlsAreActionable()
  PASS   : QmlUiAuditTests::prepareRestorationMilestoneHasCleanupCoverage()
  PASS   : QmlUiAuditTests::previewPageNeverReferencesSoftwareViewport()
  PASS   : QmlUiAuditTests::rhiViewportRendererComputePreviewDrawRangeAppliesRoleFilter()
  PASS   : QmlUiAuditTests::rhiViewportRendererHasGcvPackedSegmentRoleGuard()
  PASS   : QmlUiAuditTests::gcode04RhiViewportIsDefaultRegistrationNoSoftwareViewportInPreviewPath()
  PASS   : QmlUiAuditTests::settingsDialogUsesOnlyCxControls()
  PASS   : QmlUiAuditTests::settingsDialogNoRawControls()
  PASS   : QmlUiAuditTests::settingsDialogStringsQsTr()
  PASS   : QmlUiAuditTests::settingsDialogMainQmlDispatchStructural()
  PASS   : QmlUiAuditTests::settingsDialogRestoresPhase85ShellContract()
  PASS   : QmlUiAuditTests::settingsOptionRowsRestorePhase86ControlContract()
  PASS   : QmlUiAuditTests::settingsDialogReadOnlySaveOpensSaveAs()
  PASS   : QmlUiAuditTests::settingsDialogDirtyPendingActionsOpenUnsavedGuard()
  PASS   : QmlUiAuditTests::leftSidebarParamsPanelUsesRealOptionRows()
  PASS   : QmlUiAuditTests::settingsRestorationMilestoneHasFinalVerificationCoverage()
  PASS   : QmlUiAuditTests::deletedSettingsPathsStayAbsent()
  PASS   : QmlUiAuditTests::deletedRoutesStayAbsent()
  PASS   : QmlUiAuditTests::assembleViewShellReplacesPlaceholderAndRegistersCanvasHost()
  PASS   : QmlUiAuditTests::assembleViewExplosionRatioWiredAndRenderBranchAppliesOffset()
  PASS   : QmlUiAuditTests::assembleViewMeasurementGizmoWiredAndOverlayRenders()
  PASS   : QmlUiAuditTests::assembleViewRestorationMilestoneHasFinalVerificationCoverage()
  PASS   : QmlUiAuditTests::assembleViewPlaceholderArtifactsStayAbsent()
  PASS   : QmlUiAuditTests::rhiViewportThumbnailCaptureUsesRealReadback()
  PASS   : QmlUiAuditTests::projectServiceWrites3mfThumbnails()
  PASS   : QmlUiAuditTests::wipeTowerReadbackAndRenderAnchorsPresent()
  PASS   : QmlUiAuditTests::argvFixtureGateUsesFrameSwappedNotSingleShot()
  PASS   : QmlUiAuditTests::cliFixtureRecipesAndMultiMaterialModelPresent()
  PASS   : QmlUiAuditTests::d3d12DebugLayerWiredBehindEnvFlag()
  PASS   : QmlUiAuditTests::d3d12StaysOptInBehindEnvFlag()
  PASS   : QmlUiAuditTests::filamentMapModeEnumWidenedToUpstream4Value()
  PASS   : QmlUiAuditTests::filamentMapAutoRecommendationReadbackPresent()
  PASS   : QmlUiAuditTests::filamentGroupPopupSurfacesThreeModesNotFour()
  PASS   : QmlUiAuditTests::optionBWipeTowerMeshCoexistsWithOptionA()
  PASS   : QmlUiAuditTests::filamentMapSaveReloadRoundTripCoversModesAndLegacyMigration()
  PASS   : QmlUiAuditTests::perVolumeItsAccessorPresent()
  PASS   : QmlUiAuditTests::meshAndSceneRaycasterPorted()
  PASS   : QmlUiAuditTests::measureEngineInstantiatedPerVolume()
  PASS   : QmlUiAuditTests::glGizmoMeasureSnapUxWired()
  PASS   : QmlUiAuditTests::v45CrossWorkstreamRegressionLocked()
  PASS   : QmlUiAuditTests::tickMarksRenderedOnPreviewRail()
  PASS   : QmlUiAuditTests::customGcodeWritebackAndResliceWired()
  PASS   : QmlUiAuditTests::tickTypeCoverageAndDragRelocation()
  PASS   : QmlUiAuditTests::triangleSelectorEnginePorted()
  PASS   : QmlUiAuditTests::calibrationTowerModesDispatchToLibslic3r()
  PASS   : QmlUiAuditTests::calibrationRangeInputAndKValueReadback()
  PASS   : QmlUiAuditTests::legacyDeadCodePagesRemoved()
  PASS   : QmlUiAuditTests::paintedFacetOverlayAndBrushInteraction()
  PASS   : QmlUiAuditTests::supportAndSeamPaintFeedsSlice()
  PASS   : QmlUiAuditTests::mmuSegmentationPaintFeedsSlice()
  PASS   : QmlUiAuditTests::translationPipelineDocumented()
  PASS   : QmlUiAuditTests::v46CrossWorkstreamRegressionLocked()
  PASS   : QmlUiAuditTests::paintGizmoGateFlattenedAndFlattenFixMeshReal()
  PASS   : QmlUiAuditTests::kbShortcutsDialogAndProjectPagePropertyPanelWired()
  PASS   : QmlUiAuditTests::v47CrossWorkstreamRegressionLocked()
  PASS   : QmlUiAuditTests::v48CrossWorkstreamRegressionLocked()
  PASS   : QmlUiAuditTests::v50TechDebtRegressionLocked()
  PASS   : QmlUiAuditTests::v50OpenVdbUnlockWired()
  PASS   : QmlUiAuditTests::v50HollowGizmoReachable()
  PASS   : QmlUiAuditTests::v50EmbossParameterized()
  PASS   : QmlUiAuditTests::v50EmbossAsyncAndPanelWired()
  PASS   : QmlUiAuditTests::v50EmbossWiringAndSvgWired()
  PASS   : QmlUiAuditTests::v50PresetIniAndCreateDialogWired()
  PASS   : QmlUiAuditTests::v50UnsavedChangesAndFilterWired()
  PASS   : QmlUiAuditTests::v50CompareDiffAndRoundTripWired()
  PASS   : QmlUiAuditTests::v50PartPlateUiImplementationWired()
  PASS   : QmlUiAuditTests::v50PartPlateSaveReloadRegressionWired()
  PASS   : QmlUiAuditTests::v50RegressionLocked()
  PASS   : QmlUiAuditTests::v51PresetDiffDialogWired()
  PASS   : QmlUiAuditTests::v51EmbossTextMetadataRoundTripWired()
  PASS   : QmlUiAuditTests::v51PartPlateSessionThumbnailWired()
  PASS   : QmlUiAuditTests::v51MultiPlateRoundTripLiveCtest()
  PASS   : QmlUiAuditTests::v51EmbossStyleControlsAndSvgAdvancedWired()
  PASS   : QmlUiAuditTests::v51RegressionLocked()
  PASS   : QmlUiAuditTests::v52ThemeTokenFoundationWired()
  PASS   : QmlUiAuditTests::v52ControlLibraryHardened()
  PASS   : QmlUiAuditTests::v52ColorHardcodeSwept()
  PASS   : QmlUiAuditTests::v52TypographyHardcodeSwept()
  PASS   : QmlUiAuditTests::v52SidebarWidthUnbroken()
  PASS   : QmlUiAuditTests::v52CopywritingSwept()
  PASS   : QmlUiAuditTests::v52DialogConsistencyRepaired()
  PASS   : QmlUiAuditTests::v52ComponentCoherence()
  PASS   : QmlUiAuditTests::v52VisualControlMigration()
  PASS   : QmlUiAuditTests::v52ExperienceSafety()
  PASS   : QmlUiAuditTests::v52RegressionLocked()
  PASS   : QmlUiAuditTests::v53DestructiveConfirmSweep()
  PASS   : QmlUiAuditTests::v53DialogSpacingSwept()
  PASS   : QmlUiAuditTests::v53PseudoButtonSwept()
  PASS   : QmlUiAuditTests::v53PerObjectSettingsDialog()
  PASS   : QmlUiAuditTests::v53LayerRangeEditor()
  PASS   : QmlUiAuditTests::v53SimplifyGizmoReal()
  PASS   : QmlUiAuditTests::v53I18nLongTailAdvanced()
  PASS   : QmlUiAuditTests::v53RegressionLocked()
  PASS   : QmlUiAuditTests::v54RegressionLocked()
  PASS   : QmlUiAuditTests::cleanupTestCase()
  Totals: 137 passed, 0 failed, 0 skipped, 0 blacklisted, 207ms
  ********* Finished testing of QmlUiAuditTests *********
[UI] QML UI audit tests passed

[PreviewParser] Running G-code parser/role/mode tests...
  ********* Start testing of PreviewParserTests *********
  Config: Using QtTest library 6.10.2, Qt 6.10.2 (x86_64-little_endian-llp64 shared (dynamic) release build; by MSVC 2026), windows 11
  PASS   : PreviewParserTests::initTestCase()
  PASS   : PreviewParserTests::test_fixture_has_expected_role_coverage()
  PASS   : PreviewParserTests::test_role_string_mapping_covers_upstream_enum()
  PASS   : PreviewParserTests::test_view_modes_match_upstream_seventeen()
  PASS   : PreviewParserTests::test_view_mode_availability_reports_data_unavailable_modes()
  QINFO  : PreviewParserTests::test_summary_mode_has_no_gradient_legend() [PreviewViewModel] payload file=E:/ai/3DPrinter_Qt6/tests/fixtures/orca_sample.gcode bytes=1918 layers=1 moves=45 segments=45 travelVisible=0
  PASS   : PreviewParserTests::test_summary_mode_has_no_gradient_legend()
  PASS   : PreviewParserTests::test_divergent_role_colors_correct()
  QINFO  : PreviewParserTests::test_all_view_modes_keep_valid_gcv1_payload() [PreviewViewModel] payload file=E:/ai/3DPrinter_Qt6/tests/fixtures/orca_sample.gcode bytes=1918 layers=1 moves=45 segments=45 travelVisible=0
  QINFO  : PreviewParserTests::test_all_view_modes_keep_valid_gcv1_payload() [Preview] Jerk/PA/ActualSpeed/ActualFlow data unavailable in fixture-driven path (mode=4)
  QINFO  : PreviewParserTests::test_all_view_modes_keep_valid_gcv1_payload() [Preview] Jerk/PA/ActualSpeed/ActualFlow data unavailable in fixture-driven path (mode=6)
  QINFO  : PreviewParserTests::test_all_view_modes_keep_valid_gcv1_payload() [Preview] Jerk/PA/ActualSpeed/ActualFlow data unavailable in fixture-driven path (mode=10)
  QINFO  : PreviewParserTests::test_all_view_modes_keep_valid_gcv1_payload() [Preview] Jerk/PA/ActualSpeed/ActualFlow data unavailable in fixture-driven path (mode=15)
  PASS   : PreviewParserTests::test_all_view_modes_keep_valid_gcv1_payload()
  PASS   : PreviewParserTests::cleanupTestCase()
  Totals: 9 passed, 0 failed, 0 skipped, 0 blacklisted, 49ms
  ********* Finished testing of PreviewParserTests *********
[PreviewParser] PreviewParser tests passed
APP_RUNNING_PID=39848

[E2E] Running pipeline tests...
  ********* Start testing of E2EWorkflowTests *********
  Config: Using QtTest library 6.10.2, Qt 6.10.2 (x86_64-little_endian-llp64 shared (dynamic) release build; by MSVC 2026), windows 11
  PASS   : E2EWorkflowTests::initTestCase()
  PASS   : E2EWorkflowTests::test_config_injection_applies_preset_values()
  QINFO  : E2EWorkflowTests::test_import_format_coverage_matrix_real_fixtures() [ProjectService] import start path=E:/ai/3DPrinter_Qt6/third_party/OrcaSlicer/tests/data/test_3mf/Prusa.stl ext=stl
  QINFO  : E2EWorkflowTests::test_import_format_coverage_matrix_real_fixtures() [ProjectService] import success path=E:/ai/3DPrinter_Qt6/third_party/OrcaSlicer/tests/data/test_3mf/Prusa.stl ext=stl objects=1 plates=1
  QINFO  : E2EWorkflowTests::test_import_format_coverage_matrix_real_fixtures() [ProjectService] import start path=E:/ai/3DPrinter_Qt6/third_party/OrcaSlicer/tests/data/test_3mf/Ger?te/Büchse.3mf ext=3mf
  QINFO  : E2EWorkflowTests::test_import_format_coverage_matrix_real_fixtures() [ProjectService] import success path=E:/ai/3DPrinter_Qt6/third_party/OrcaSlicer/tests/data/test_3mf/Ger?te/Büchse.3mf ext=3mf objects=1 plates=1
  QINFO  : E2EWorkflowTests::test_import_format_coverage_matrix_real_fixtures() [ProjectService] import start path=E:/ai/3DPrinter_Qt6/third_party/OrcaSlicer/tests/data/20mm_cube.obj ext=obj
  QINFO  : E2EWorkflowTests::test_import_format_coverage_matrix_real_fixtures() [ProjectService] import success path=E:/ai/3DPrinter_Qt6/third_party/OrcaSlicer/tests/data/20mm_cube.obj ext=obj objects=1 plates=1
  PASS   : E2EWorkflowTests::test_import_format_coverage_matrix_real_fixtures()
  QINFO  : E2EWorkflowTests::test_slice_produces_gcode_file() [ProjectService] import start path=E:/ai/3DPrinter_Qt6/third_party/OrcaSlicer/tests/data/test_3mf/Prusa.stl ext=stl
  QINFO  : E2EWorkflowTests::test_slice_produces_gcode_file() [ProjectService] import success path=E:/ai/3DPrinter_Qt6/third_party/OrcaSlicer/tests/data/test_3mf/Prusa.stl ext=stl objects=1 plates=1
  QINFO  : E2EWorkflowTests::test_slice_produces_gcode_file() [SliceService] slice start source=E:/ai/3DPrinter_Qt6/third_party/OrcaSlicer/tests/data/test_3mf/Prusa.stl plate=0 label=平板 1
  QINFO  : E2EWorkflowTests::test_slice_produces_gcode_file() [SliceService] slice finished plate=0 output=E:/ai/3DPrinter_Qt6/build/Prusa_20260722_192630.gcode layers=15
  QINFO  : E2EWorkflowTests::test_slice_produces_gcode_file() [SliceService] wipe-tower ready valid=0 w=0.00 d=0.00 h=0.00 x=0.00 z=0.00
  QINFO  : E2EWorkflowTests::test_slice_produces_gcode_file() [SliceService] filament-map ready valid=1 mode=0 count=1
  PASS   : E2EWorkflowTests::test_slice_produces_gcode_file()
  QINFO  : E2EWorkflowTests::test_slice_results_propagate_to_editor_vm() [ProjectService] import start path=E:/ai/3DPrinter_Qt6/third_party/OrcaSlicer/tests/data/test_3mf/Prusa.stl ext=stl
  QINFO  : E2EWorkflowTests::test_slice_results_propagate_to_editor_vm() [ProjectService] import success path=E:/ai/3DPrinter_Qt6/third_party/OrcaSlicer/tests/data/test_3mf/Prusa.stl ext=stl objects=1 plates=1
  QINFO  : E2EWorkflowTests::test_slice_results_propagate_to_editor_vm() [ProjectService] meshData: 1 batches, bbox=[64.2..155.8, 0.0..3.0, 100.2..119.8]
  QINFO  : E2EWorkflowTests::test_slice_results_propagate_to_editor_vm() [SliceService] slice start source=E:/ai/3DPrinter_Qt6/third_party/OrcaSlicer/tests/data/test_3mf/Prusa.stl plate=0 label=平板 1
  QINFO  : E2EWorkflowTests::test_slice_results_propagate_to_editor_vm() [SliceService] slice finished plate=0 output=E:/ai/3DPrinter_Qt6/build/Prusa_20260722_192631.gcode layers=15
  QINFO  : E2EWorkflowTests::test_slice_results_propagate_to_editor_vm() [SliceService] wipe-tower ready valid=0 w=0.00 d=0.00 h=0.00 x=0.00 z=0.00
  QINFO  : E2EWorkflowTests::test_slice_results_propagate_to_editor_vm() [SliceService] filament-map ready valid=1 mode=0 count=1
  PASS   : E2EWorkflowTests::test_slice_results_propagate_to_editor_vm()
  QINFO  : E2EWorkflowTests::test_export_gcode_to_path() [ProjectService] import start path=E:/ai/3DPrinter_Qt6/third_party/OrcaSlicer/tests/data/test_3mf/Prusa.stl ext=stl
  QINFO  : E2EWorkflowTests::test_export_gcode_to_path() [ProjectService] import success path=E:/ai/3DPrinter_Qt6/third_party/OrcaSlicer/tests/data/test_3mf/Prusa.stl ext=stl objects=1 plates=1
  QINFO  : E2EWorkflowTests::test_export_gcode_to_path() [SliceService] slice start source=E:/ai/3DPrinter_Qt6/third_party/OrcaSlicer/tests/data/test_3mf/Prusa.stl plate=0 label=平板 1
  QINFO  : E2EWorkflowTests::test_export_gcode_to_path() [SliceService] slice finished plate=0 output=E:/ai/3DPrinter_Qt6/build/Prusa_20260722_192631.gcode layers=15
  QINFO  : E2EWorkflowTests::test_export_gcode_to_path() [SliceService] wipe-tower ready valid=0 w=0.00 d=0.00 h=0.00 x=0.00 z=0.00
  QINFO  : E2EWorkflowTests::test_export_gcode_to_path() [SliceService] filament-map ready valid=1 mode=0 count=1
  QINFO  : E2EWorkflowTests::test_export_gcode_to_path() [SliceService] export finished source=E:/ai/3DPrinter_Qt6/build/Prusa_20260722_192631.gcode target=C:/Users/67376/AppData/Local/Temp/owzx_export_test_XXXXXX.gcode bytes=504528
  PASS   : E2EWorkflowTests::test_export_gcode_to_path()
  QINFO  : E2EWorkflowTests::test_export_gcode_rejects_unsafe_targets() [ProjectService] import start path=E:/ai/3DPrinter_Qt6/third_party/OrcaSlicer/tests/data/test_3mf/Prusa.stl ext=stl
  QINFO  : E2EWorkflowTests::test_export_gcode_rejects_unsafe_targets() [ProjectService] import success path=E:/ai/3DPrinter_Qt6/third_party/OrcaSlicer/tests/data/test_3mf/Prusa.stl ext=stl objects=1 plates=1
  QINFO  : E2EWorkflowTests::test_export_gcode_rejects_unsafe_targets() [SliceService] slice start source=E:/ai/3DPrinter_Qt6/third_party/OrcaSlicer/tests/data/test_3mf/Prusa.stl plate=0 label=平板 1
  QINFO  : E2EWorkflowTests::test_export_gcode_rejects_unsafe_targets() [SliceService] slice finished plate=0 output=E:/ai/3DPrinter_Qt6/build/Prusa_20260722_192632.gcode layers=15
  QINFO  : E2EWorkflowTests::test_export_gcode_rejects_unsafe_targets() [SliceService] wipe-tower ready valid=0 w=0.00 d=0.00 h=0.00 x=0.00 z=0.00
  QINFO  : E2EWorkflowTests::test_export_gcode_rejects_unsafe_targets() [SliceService] filament-map ready valid=1 mode=0 count=1
  QWARN  : E2EWorkflowTests::test_export_gcode_rejects_unsafe_targets() [SliceService] export failed op=single source=E:/ai/3DPrinter_Qt6/build/Prusa_20260722_192632.gcode target= reason=Choose a G-code export path
  QWARN  : E2EWorkflowTests::test_export_gcode_rejects_unsafe_targets() [SliceService] export failed op=single source=E:/ai/3DPrinter_Qt6/build/Prusa_20260722_192632.gcode target=E:/ai/3DPrinter_Qt6/build/Prusa_20260722_192632.gcode reason=Choose a different G-code export path
  QWARN  : E2EWorkflowTests::test_export_gcode_rejects_unsafe_targets() [SliceService] export failed op=single source=E:/ai/3DPrinter_Qt6/build/Prusa_20260722_192632.gcode target=C:/Users/67376/AppData/Local/Temp/owzx_export_safety_MzaIVX reason=G-code export target is a directory
  QINFO  : E2EWorkflowTests::test_export_gcode_rejects_unsafe_targets() [SliceService] export finished source=E:/ai/3DPrinter_Qt6/build/Prusa_20260722_192632.gcode target=C:/Users/67376/AppData/Local/Temp/owzx_export_safety_MzaIVX/existing.gcode bytes=505068
  PASS   : E2EWorkflowTests::test_export_gcode_rejects_unsafe_targets()
  QINFO  : E2EWorkflowTests::test_local_import_slice_preview_export_workflow() [ProjectService] import start path=E:/ai/3DPrinter_Qt6/third_party/OrcaSlicer/tests/data/test_3mf/Prusa.stl ext=stl
  QINFO  : E2EWorkflowTests::test_local_import_slice_preview_export_workflow() [ProjectService] import success path=E:/ai/3DPrinter_Qt6/third_party/OrcaSlicer/tests/data/test_3mf/Prusa.stl ext=stl objects=1 plates=1
  QINFO  : E2EWorkflowTests::test_local_import_slice_preview_export_workflow() [ProjectService] meshData: 1 batches, bbox=[64.2..155.8, 0.0..3.0, 100.2..119.8]
  QINFO  : E2EWorkflowTests::test_local_import_slice_preview_export_workflow() [SliceService] slice start source=E:/ai/3DPrinter_Qt6/third_party/OrcaSlicer/tests/data/test_3mf/Prusa.stl plate=0 label=平板 1
  QINFO  : E2EWorkflowTests::test_local_import_slice_preview_export_workflow() [SliceService] slice finished plate=0 output=E:/ai/3DPrinter_Qt6/build/Prusa_20260722_192632.gcode layers=15
  QINFO  : E2EWorkflowTests::test_local_import_slice_preview_export_workflow() [PreviewViewModel] payload file=E:/ai/3DPrinter_Qt6/build/Prusa_20260722_192632.gcode bytes=504528 layers=15 moves=14416 segments=14416 travelVisible=0
  QINFO  : E2EWorkflowTests::test_local_import_slice_preview_export_workflow() [PreviewViewModel] payload file=E:/ai/3DPrinter_Qt6/build/Prusa_20260722_192632.gcode bytes=504528 layers=15 moves=14416 segments=14416 travelVisible=0
  QINFO  : E2EWorkflowTests::test_local_import_slice_preview_export_workflow() [PreviewViewModel] payload file=E:/ai/3DPrinter_Qt6/build/Prusa_20260722_192632.gcode bytes=504528 layers=15 moves=14416 segments=14416 travelVisible=0
  QINFO  : E2EWorkflowTests::test_local_import_slice_preview_export_workflow() [SliceService] wipe-tower ready valid=0 w=0.00 d=0.00 h=0.00 x=0.00 z=0.00
  QINFO  : E2EWorkflowTests::test_local_import_slice_preview_export_workflow() [SliceService] filament-map ready valid=1 mode=0 count=1
  QINFO  : E2EWorkflowTests::test_local_import_slice_preview_export_workflow() [SliceService] export finished source=E:/ai/3DPrinter_Qt6/build/Prusa_20260722_192632.gcode target=C:/Users/67376/AppData/Local/Temp/owzx_workflow_export_WOpJTS/workflow_current.gcode bytes=504528
  QINFO  : E2EWorkflowTests::test_local_import_slice_preview_export_workflow() [SliceService] export all start dir=C:/Users/67376/AppData/Local/Temp/owzx_workflow_export_WOpJTS base=workflow_all storedPlates=1
  QINFO  : E2EWorkflowTests::test_local_import_slice_preview_export_workflow() [SliceService] export finished source=E:/ai/3DPrinter_Qt6/build/Prusa_20260722_192632.gcode target=C:/Users/67376/AppData/Local/Temp/owzx_workflow_export_WOpJTS/workflow_all_plate1.gcode bytes=504528
  PASS   : E2EWorkflowTests::test_local_import_slice_preview_export_workflow()
  QDEBUG : E2EWorkflowTests::test_backend_switches_to_preview_after_slice() [AppSettings] loaded: bed=220.0x220.0
  QWARN  : E2EWorkflowTests::test_backend_switches_to_preview_after_slice() [Backend] hints.json not found, using fallback hints
  QINFO  : E2EWorkflowTests::test_backend_switches_to_preview_after_slice() [ProjectService] import start path=E:/ai/3DPrinter_Qt6/third_party/OrcaSlicer/tests/data/test_3mf/Prusa.stl ext=stl
  QINFO  : E2EWorkflowTests::test_backend_switches_to_preview_after_slice() [ProjectService] import success path=E:/ai/3DPrinter_Qt6/third_party/OrcaSlicer/tests/data/test_3mf/Prusa.stl ext=stl objects=1 plates=1
  QINFO  : E2EWorkflowTests::test_backend_switches_to_preview_after_slice() [ProjectService] meshData: 1 batches, bbox=[64.2..155.8, 0.0..3.0, 100.2..119.8]
  QINFO  : E2EWorkflowTests::test_backend_switches_to_preview_after_slice() [SliceService] slice start source=E:/ai/3DPrinter_Qt6/third_party/OrcaSlicer/tests/data/test_3mf/Prusa.stl plate=0 label=平板 1
  QINFO  : E2EWorkflowTests::test_backend_switches_to_preview_after_slice() [SliceService] slice finished plate=0 output=E:/ai/3DPrinter_Qt6/build/Prusa_20260722_192654.gcode layers=15
  QINFO  : E2EWorkflowTests::test_backend_switches_to_preview_after_slice() [PreviewViewModel] payload file=E:/ai/3DPrinter_Qt6/build/Prusa_20260722_192654.gcode bytes=586805 layers=15 moves=16520 segments=16520 travelVisible=0
  QINFO  : E2EWorkflowTests::test_backend_switches_to_preview_after_slice() [PreviewViewModel] payload file=E:/ai/3DPrinter_Qt6/build/Prusa_20260722_192654.gcode bytes=586805 layers=15 moves=16520 segments=16520 travelVisible=0
  QINFO  : E2EWorkflowTests::test_backend_switches_to_preview_after_slice() [PreviewViewModel] payload file=E:/ai/3DPrinter_Qt6/build/Prusa_20260722_192654.gcode bytes=586805 layers=15 moves=16520 segments=16520 travelVisible=0
  QINFO  : E2EWorkflowTests::test_backend_switches_to_preview_after_slice() [SliceService] wipe-tower ready valid=0 w=0.00 d=0.00 h=0.00 x=0.00 z=0.00
  QINFO  : E2EWorkflowTests::test_backend_switches_to_preview_after_slice() [SliceService] filament-map ready valid=1 mode=0 count=1
  PASS   : E2EWorkflowTests::test_backend_switches_to_preview_after_slice()
  QINFO  : E2EWorkflowTests::test_preview_parser_handles_extrusion_modes_and_travel_filter() [PreviewViewModel] payload file=C:/Users/67376/AppData/Local/Temp/owzx_preview_parser_bOwGiq.gcode bytes=350 layers=2 moves=11 segments=11 travelVisible=0
  PASS   : E2EWorkflowTests::test_preview_parser_handles_extrusion_modes_and_travel_filter()
  QINFO  : E2EWorkflowTests::test_preview_parser_handles_orca_metadata_view_modes_and_ticks() [PreviewViewModel] payload file=C:/Users/67376/AppData/Local/Temp/owzx_preview_orca_metadata_OvYwOJ.gcode bytes=518 layers=2 moves=6 segments=6 travelVisible=0
  PASS   : E2EWorkflowTests::test_preview_parser_handles_orca_metadata_view_modes_and_ticks()
  QINFO  : E2EWorkflowTests::test_preview_parser_ignores_z_hop_travel_as_layer() [PreviewViewModel] payload file=C:/Users/67376/AppData/Local/Temp/owzx_preview_zhop_khtHHS.gcode bytes=266 layers=2 moves=8 segments=8 travelVisible=0
  PASS   : E2EWorkflowTests::test_preview_parser_ignores_z_hop_travel_as_layer()
  QINFO  : E2EWorkflowTests::test_model_change_invalidates_slice_result() [ProjectService] import start path=E:/ai/3DPrinter_Qt6/third_party/OrcaSlicer/tests/data/test_3mf/Prusa.stl ext=stl
  QINFO  : E2EWorkflowTests::test_model_change_invalidates_slice_result() [ProjectService] import success path=E:/ai/3DPrinter_Qt6/third_party/OrcaSlicer/tests/data/test_3mf/Prusa.stl ext=stl objects=1 plates=1
  QINFO  : E2EWorkflowTests::test_model_change_invalidates_slice_result() [ProjectService] meshData: 1 batches, bbox=[64.2..155.8, 0.0..3.0, 100.2..119.8]
  QINFO  : E2EWorkflowTests::test_model_change_invalidates_slice_result() [SliceService] slice start source=E:/ai/3DPrinter_Qt6/third_party/OrcaSlicer/tests/data/test_3mf/Prusa.stl plate=0 label=平板 1
  QINFO  : E2EWorkflowTests::test_model_change_invalidates_slice_result() [SliceService] slice finished plate=0 output=E:/ai/3DPrinter_Qt6/build/Prusa_20260722_192713.gcode layers=15
  QINFO  : E2EWorkflowTests::test_model_change_invalidates_slice_result() [SliceService] wipe-tower ready valid=0 w=0.00 d=0.00 h=0.00 x=0.00 z=0.00
  QINFO  : E2EWorkflowTests::test_model_change_invalidates_slice_result() [SliceService] filament-map ready valid=1 mode=0 count=1
  PASS   : E2EWorkflowTests::test_model_change_invalidates_slice_result()
  QINFO  : E2EWorkflowTests::test_slice_affecting_bed_change_marks_current_result_stale() [ProjectService] import start path=E:/ai/3DPrinter_Qt6/third_party/OrcaSlicer/tests/data/test_3mf/Prusa.stl ext=stl
  QINFO  : E2EWorkflowTests::test_slice_affecting_bed_change_marks_current_result_stale() [ProjectService] import success path=E:/ai/3DPrinter_Qt6/third_party/OrcaSlicer/tests/data/test_3mf/Prusa.stl ext=stl objects=1 plates=1
  QINFO  : E2EWorkflowTests::test_slice_affecting_bed_change_marks_current_result_stale() [ProjectService] meshData: 1 batches, bbox=[64.2..155.8, 0.0..3.0, 100.2..119.8]
  QINFO  : E2EWorkflowTests::test_slice_affecting_bed_change_marks_current_result_stale() [SliceService] slice start source=E:/ai/3DPrinter_Qt6/third_party/OrcaSlicer/tests/data/test_3mf/Prusa.stl plate=0 label=平板 1
  QINFO  : E2EWorkflowTests::test_slice_affecting_bed_change_marks_current_result_stale() [SliceService] slice finished plate=0 output=E:/ai/3DPrinter_Qt6/build/Prusa_20260722_192713.gcode layers=15
  QINFO  : E2EWorkflowTests::test_slice_affecting_bed_change_marks_current_result_stale() [SliceService] wipe-tower ready valid=0 w=0.00 d=0.00 h=0.00 x=0.00 z=0.00
  QINFO  : E2EWorkflowTests::test_slice_affecting_bed_change_marks_current_result_stale() [SliceService] filament-map ready valid=1 mode=0 count=1
  PASS   : E2EWorkflowTests::test_slice_affecting_bed_change_marks_current_result_stale()
  QINFO  : E2EWorkflowTests::test_import_invalidates_slice_output_and_preview_payload() [ProjectService] import start path=E:/ai/3DPrinter_Qt6/third_party/OrcaSlicer/tests/data/test_3mf/Prusa.stl ext=stl
  QINFO  : E2EWorkflowTests::test_import_invalidates_slice_output_and_preview_payload() [ProjectService] import success path=E:/ai/3DPrinter_Qt6/third_party/OrcaSlicer/tests/data/test_3mf/Prusa.stl ext=stl objects=1 plates=1
  QINFO  : E2EWorkflowTests::test_import_invalidates_slice_output_and_preview_payload() [ProjectService] meshData: 1 batches, bbox=[64.2..155.8, 0.0..3.0, 100.2..119.8]
  QINFO  : E2EWorkflowTests::test_import_invalidates_slice_output_and_preview_payload() [SliceService] slice start source=E:/ai/3DPrinter_Qt6/third_party/OrcaSlicer/tests/data/test_3mf/Prusa.stl plate=0 label=平板 1
  QINFO  : E2EWorkflowTests::test_import_invalidates_slice_output_and_preview_payload() [SliceService] slice finished plate=0 output=E:/ai/3DPrinter_Qt6/build/Prusa_20260722_192713.gcode layers=15
  QINFO  : E2EWorkflowTests::test_import_invalidates_slice_output_and_preview_payload() [PreviewViewModel] payload file=E:/ai/3DPrinter_Qt6/build/Prusa_20260722_192713.gcode bytes=505068 layers=15 moves=14416 segments=14416 travelVisible=0
  QINFO  : E2EWorkflowTests::test_import_invalidates_slice_output_and_preview_payload() [PreviewViewModel] payload file=E:/ai/3DPrinter_Qt6/build/Prusa_20260722_192713.gcode bytes=505068 layers=15 moves=14416 segments=14416 travelVisible=0
  QINFO  : E2EWorkflowTests::test_import_invalidates_slice_output_and_preview_payload() [PreviewViewModel] payload file=E:/ai/3DPrinter_Qt6/build/Prusa_20260722_192713.gcode bytes=505068 layers=15 moves=14416 segments=14416 travelVisible=0
  QINFO  : E2EWorkflowTests::test_import_invalidates_slice_output_and_preview_payload() [SliceService] wipe-tower ready valid=0 w=0.00 d=0.00 h=0.00 x=0.00 z=0.00
  QINFO  : E2EWorkflowTests::test_import_invalidates_slice_output_and_preview_payload() [SliceService] filament-map ready valid=1 mode=0 count=1
  QINFO  : E2EWorkflowTests::test_import_invalidates_slice_output_and_preview_payload() [ProjectService] import start path=E:/ai/3DPrinter_Qt6/third_party/OrcaSlicer/tests/data/test_3mf/Prusa.stl ext=stl
  QINFO  : E2EWorkflowTests::test_import_invalidates_slice_output_and_preview_payload() [ProjectService] import success path=E:/ai/3DPrinter_Qt6/third_party/OrcaSlicer/tests/data/test_3mf/Prusa.stl ext=stl objects=1 plates=1
  QINFO  : E2EWorkflowTests::test_import_invalidates_slice_output_and_preview_payload() [ProjectService] meshData: 1 batches, bbox=[64.2..155.8, 0.0..3.0, 100.2..119.8]
  PASS   : E2EWorkflowTests::test_import_invalidates_slice_output_and_preview_payload()
  QINFO  : E2EWorkflowTests::test_previous_gcode_reuse_marks_reused_result_and_refreshes_preview() [ProjectService] import start path=E:/ai/3DPrinter_Qt6/third_party/OrcaSlicer/tests/data/test_3mf/Prusa.stl ext=stl
  QINFO  : E2EWorkflowTests::test_previous_gcode_reuse_marks_reused_result_and_refreshes_preview() [ProjectService] import success path=E:/ai/3DPrinter_Qt6/third_party/OrcaSlicer/tests/data/test_3mf/Prusa.stl ext=stl objects=1 plates=1
  QINFO  : E2EWorkflowTests::test_previous_gcode_reuse_marks_reused_result_and_refreshes_preview() [ProjectService] meshData: 1 batches, bbox=[64.2..155.8, 0.0..3.0, 100.2..119.8]
  QINFO  : E2EWorkflowTests::test_previous_gcode_reuse_marks_reused_result_and_refreshes_preview() [SliceService] slice start source=E:/ai/3DPrinter_Qt6/third_party/OrcaSlicer/tests/data/test_3mf/Prusa.stl plate=0 label=平板 1
  QINFO  : E2EWorkflowTests::test_previous_gcode_reuse_marks_reused_result_and_refreshes_preview() [SliceService] slice finished plate=0 output=E:/ai/3DPrinter_Qt6/build/Prusa_20260722_192728.gcode layers=15
  QINFO  : E2EWorkflowTests::test_previous_gcode_reuse_marks_reused_result_and_refreshes_preview() [PreviewViewModel] payload file=E:/ai/3DPrinter_Qt6/build/Prusa_20260722_192728.gcode bytes=505068 layers=15 moves=14416 segments=14416 travelVisible=0
  QINFO  : E2EWorkflowTests::test_previous_gcode_reuse_marks_reused_result_and_refreshes_preview() [PreviewViewModel] payload file=E:/ai/3DPrinter_Qt6/build/Prusa_20260722_192728.gcode bytes=505068 layers=15 moves=14416 segments=14416 travelVisible=0
  QINFO  : E2EWorkflowTests::test_previous_gcode_reuse_marks_reused_result_and_refreshes_preview() [PreviewViewModel] payload file=E:/ai/3DPrinter_Qt6/build/Prusa_20260722_192728.gcode bytes=505068 layers=15 moves=14416 segments=14416 travelVisible=0
  QINFO  : E2EWorkflowTests::test_previous_gcode_reuse_marks_reused_result_and_refreshes_preview() [SliceService] wipe-tower ready valid=0 w=0.00 d=0.00 h=0.00 x=0.00 z=0.00
  QINFO  : E2EWorkflowTests::test_previous_gcode_reuse_marks_reused_result_and_refreshes_preview() [SliceService] filament-map ready valid=1 mode=0 count=1
  QINFO  : E2EWorkflowTests::test_previous_gcode_reuse_marks_reused_result_and_refreshes_preview() [PreviewViewModel] payload file=E:/ai/3DPrinter_Qt6/build/Prusa_20260722_192728.gcode bytes=505068 layers=15 moves=14416 segments=14416 travelVisible=0
  QINFO  : E2EWorkflowTests::test_previous_gcode_reuse_marks_reused_result_and_refreshes_preview() [PreviewViewModel] payload file=E:/ai/3DPrinter_Qt6/build/Prusa_20260722_192728.gcode bytes=505068 layers=15 moves=14416 segments=14416 travelVisible=0
  QINFO  : E2EWorkflowTests::test_previous_gcode_reuse_marks_reused_result_and_refreshes_preview() [PreviewViewModel] payload file=E:/ai/3DPrinter_Qt6/build/Prusa_20260722_192728.gcode bytes=505068 layers=15 moves=14416 segments=14416 travelVisible=0
  PASS   : E2EWorkflowTests::test_previous_gcode_reuse_marks_reused_result_and_refreshes_preview()
  QINFO  : E2EWorkflowTests::test_preview_rebuilds_on_active_result_switch_without_slice_finished() [ProjectService] import start path=E:/ai/3DPrinter_Qt6/third_party/OrcaSlicer/tests/data/test_3mf/Prusa.stl ext=stl
  QINFO  : E2EWorkflowTests::test_preview_rebuilds_on_active_result_switch_without_slice_finished() [ProjectService] import success path=E:/ai/3DPrinter_Qt6/third_party/OrcaSlicer/tests/data/test_3mf/Prusa.stl ext=stl objects=1 plates=1
  QINFO  : E2EWorkflowTests::test_preview_rebuilds_on_active_result_switch_without_slice_finished() [ProjectService] meshData: 1 batches, bbox=[64.2..155.8, 0.0..3.0, 100.2..119.8]
  QINFO  : E2EWorkflowTests::test_preview_rebuilds_on_active_result_switch_without_slice_finished() [SliceService] slice start source=E:/ai/3DPrinter_Qt6/third_party/OrcaSlicer/tests/data/test_3mf/Prusa.stl plate=0 label=平板 1
  QINFO  : E2EWorkflowTests::test_preview_rebuilds_on_active_result_switch_without_slice_finished() [SliceService] slice finished plate=0 output=E:/ai/3DPrinter_Qt6/build/Prusa_20260722_192800.gcode layers=15
  QINFO  : E2EWorkflowTests::test_preview_rebuilds_on_active_result_switch_without_slice_finished() [PreviewViewModel] payload file=E:/ai/3DPrinter_Qt6/build/Prusa_20260722_192800.gcode bytes=504528 layers=15 moves=14416 segments=14416 travelVisible=0
  QINFO  : E2EWorkflowTests::test_preview_rebuilds_on_active_result_switch_without_slice_finished() [PreviewViewModel] payload file=E:/ai/3DPrinter_Qt6/build/Prusa_20260722_192800.gcode bytes=504528 layers=15 moves=14416 segments=14416 travelVisible=0
  QINFO  : E2EWorkflowTests::test_preview_rebuilds_on_active_result_switch_without_slice_finished() [PreviewViewModel] payload file=E:/ai/3DPrinter_Qt6/build/Prusa_20260722_192800.gcode bytes=504528 layers=15 moves=14416 segments=14416 travelVisible=0
  QINFO  : E2EWorkflowTests::test_preview_rebuilds_on_active_result_switch_without_slice_finished() [SliceService] wipe-tower ready valid=0 w=0.00 d=0.00 h=0.00 x=0.00 z=0.00
  QINFO  : E2EWorkflowTests::test_preview_rebuilds_on_active_result_switch_without_slice_finished() [SliceService] filament-map ready valid=1 mode=0 count=1
  QINFO  : E2EWorkflowTests::test_preview_rebuilds_on_active_result_switch_without_slice_finished() [PreviewViewModel] payload file=C:/Users/67376/AppData/Local/Temp/owzx_preview_switch_tEvNdu/plate0.gcode bytes=504528 layers=15 moves=14416 segments=14416 travelVisible=0
  QINFO  : E2EWorkflowTests::test_preview_rebuilds_on_active_result_switch_without_slice_finished() [PreviewViewModel] payload file=C:/Users/67376/AppData/Local/Temp/owzx_preview_switch_tEvNdu/plate0.gcode bytes=504528 layers=15 moves=14416 segments=14416 travelVisible=0
  QINFO  : E2EWorkflowTests::test_preview_rebuilds_on_active_result_switch_without_slice_finished() [PreviewViewModel] payload file=C:/Users/67376/AppData/Local/Temp/owzx_preview_switch_tEvNdu/plate0.gcode bytes=504528 layers=15 moves=14416 segments=14416 travelVisible=0
  QINFO  : E2EWorkflowTests::test_preview_rebuilds_on_active_result_switch_without_slice_finished() [PreviewViewModel] payload file=C:/Users/67376/AppData/Local/Temp/owzx_preview_switch_tEvNdu/plate1.gcode bytes=504528 layers=15 moves=14416 segments=14416 travelVisible=0
  QINFO  : E2EWorkflowTests::test_preview_rebuilds_on_active_result_switch_without_slice_finished() [PreviewViewModel] payload file=C:/Users/67376/AppData/Local/Temp/owzx_preview_switch_tEvNdu/plate1.gcode bytes=504528 layers=15 moves=14416 segments=14416 travelVisible=0
  QINFO  : E2EWorkflowTests::test_preview_rebuilds_on_active_result_switch_without_slice_finished() [PreviewViewModel] payload file=C:/Users/67376/AppData/Local/Temp/owzx_preview_switch_tEvNdu/plate1.gcode bytes=504528 layers=15 moves=14416 segments=14416 travelVisible=0
  QINFO  : E2EWorkflowTests::test_preview_rebuilds_on_active_result_switch_without_slice_finished() [PreviewViewModel] payload file=C:/Users/67376/AppData/Local/Temp/owzx_preview_switch_tEvNdu/plate0.gcode bytes=69 layers=1 moves=2 segments=2 travelVisible=0
  QINFO  : E2EWorkflowTests::test_preview_rebuilds_on_active_result_switch_without_slice_finished() [ProjectService] meshData: 2 batches, bbox=[54.2..165.8, 0.0..3.0, 100.2..119.8]
  PASS   : E2EWorkflowTests::test_preview_rebuilds_on_active_result_switch_without_slice_finished()
  QINFO  : E2EWorkflowTests::test_cancelled_slice_clears_active_result_and_blocks_preview_export() [ProjectService] import start path=E:/ai/3DPrinter_Qt6/third_party/OrcaSlicer/tests/data/test_3mf/Prusa.stl ext=stl
  QINFO  : E2EWorkflowTests::test_cancelled_slice_clears_active_result_and_blocks_preview_export() [ProjectService] import success path=E:/ai/3DPrinter_Qt6/third_party/OrcaSlicer/tests/data/test_3mf/Prusa.stl ext=stl objects=1 plates=1
  QINFO  : E2EWorkflowTests::test_cancelled_slice_clears_active_result_and_blocks_preview_export() [ProjectService] meshData: 1 batches, bbox=[64.2..155.8, 0.0..3.0, 100.2..119.8]
  QINFO  : E2EWorkflowTests::test_cancelled_slice_clears_active_result_and_blocks_preview_export() [SliceService] slice start source=E:/ai/3DPrinter_Qt6/third_party/OrcaSlicer/tests/data/test_3mf/Prusa.stl plate=0 label=平板 1
  QINFO  : E2EWorkflowTests::test_cancelled_slice_clears_active_result_and_blocks_preview_export() [SliceService] slice cancelled plate=-1 reason=Slicing cancelled
  PASS   : E2EWorkflowTests::test_cancelled_slice_clears_active_result_and_blocks_preview_export()
  QINFO  : E2EWorkflowTests::test_slice_all_stores_outputs_for_printable_unlocked_plates_only() [ProjectService] import start path=E:/ai/3DPrinter_Qt6/third_party/OrcaSlicer/tests/data/test_3mf/Prusa.stl ext=stl
  QINFO  : E2EWorkflowTests::test_slice_all_stores_outputs_for_printable_unlocked_plates_only() [ProjectService] import success path=E:/ai/3DPrinter_Qt6/third_party/OrcaSlicer/tests/data/test_3mf/Prusa.stl ext=stl objects=1 plates=1
  QINFO  : E2EWorkflowTests::test_slice_all_stores_outputs_for_printable_unlocked_plates_only() [ProjectService] meshData: 1 batches, bbox=[64.2..155.8, 0.0..3.0, 100.2..119.8]
  QINFO  : E2EWorkflowTests::test_slice_all_stores_outputs_for_printable_unlocked_plates_only() [SliceService] slice start source=E:/ai/3DPrinter_Qt6/third_party/OrcaSlicer/tests/data/test_3mf/Prusa.stl plate=0 label=平板 1
  QINFO  : E2EWorkflowTests::test_slice_all_stores_outputs_for_printable_unlocked_plates_only() [SliceService] slice finished plate=0 output=E:/ai/3DPrinter_Qt6/build/Prusa_20260722_192851.gcode layers=15
  QINFO  : E2EWorkflowTests::test_slice_all_stores_outputs_for_printable_unlocked_plates_only() [SliceService] slice start source=E:/ai/3DPrinter_Qt6/third_party/OrcaSlicer/tests/data/test_3mf/Prusa.stl plate=1 label=平板 1 (copy)
  QINFO  : E2EWorkflowTests::test_slice_all_stores_outputs_for_printable_unlocked_plates_only() [SliceService] wipe-tower ready valid=0 w=0.00 d=0.00 h=0.00 x=0.00 z=0.00
  QINFO  : E2EWorkflowTests::test_slice_all_stores_outputs_for_printable_unlocked_plates_only() [SliceService] filament-map ready valid=1 mode=0 count=1
  QINFO  : E2EWorkflowTests::test_slice_all_stores_outputs_for_printable_unlocked_plates_only() [SliceService] slice finished plate=1 output=E:/ai/3DPrinter_Qt6/build/Prusa_20260722_192851.gcode layers=15
  QINFO  : E2EWorkflowTests::test_slice_all_stores_outputs_for_printable_unlocked_plates_only() [SliceService] wipe-tower ready valid=0 w=0.00 d=0.00 h=0.00 x=0.00 z=0.00
  QINFO  : E2EWorkflowTests::test_slice_all_stores_outputs_for_printable_unlocked_plates_only() [SliceService] filament-map ready valid=1 mode=0 count=1
  QINFO  : E2EWorkflowTests::test_slice_all_stores_outputs_for_printable_unlocked_plates_only() [SliceService] export all start dir=C:/Users/67376/AppData/Local/Temp/owzx_export_all_kEfbOl base=allplates storedPlates=2
  QINFO  : E2EWorkflowTests::test_slice_all_stores_outputs_for_printable_unlocked_plates_only() [SliceService] export finished source=E:/ai/3DPrinter_Qt6/build/Prusa_20260722_192851.gcode target=C:/Users/67376/AppData/Local/Temp/owzx_export_all_kEfbOl/allplates_plate1.gcode bytes=501434
  QINFO  : E2EWorkflowTests::test_slice_all_stores_outputs_for_printable_unlocked_plates_only() [SliceService] export finished source=E:/ai/3DPrinter_Qt6/build/Prusa_20260722_192851.gcode target=C:/Users/67376/AppData/Local/Temp/owzx_export_all_kEfbOl/allplates_plate2.gcode bytes=501434
  QINFO  : E2EWorkflowTests::test_slice_all_stores_outputs_for_printable_unlocked_plates_only() [ProjectService] meshData: 3 batches, bbox=[54.2..165.8, 0.0..3.0, 100.2..119.8]
  QINFO  : E2EWorkflowTests::test_slice_all_stores_outputs_for_printable_unlocked_plates_only() [ProjectService] meshData: 3 batches, bbox=[54.2..165.8, 0.0..3.0, 100.2..119.8]
  QINFO  : E2EWorkflowTests::test_slice_all_stores_outputs_for_printable_unlocked_plates_only() [ProjectService] meshData: 3 batches, bbox=[54.2..165.8, 0.0..3.0, 100.2..119.8]
  PASS   : E2EWorkflowTests::test_slice_all_stores_outputs_for_printable_unlocked_plates_only()
  QDEBUG : E2EWorkflowTests::previewReceivesRealGcodeAfterLiveSliceNoPlaceholder() [AppSettings] loaded: bed=220.0x220.0
  QWARN  : E2EWorkflowTests::previewReceivesRealGcodeAfterLiveSliceNoPlaceholder() [Backend] hints.json not found, using fallback hints
  QINFO  : E2EWorkflowTests::previewReceivesRealGcodeAfterLiveSliceNoPlaceholder() [ProjectService] import start path=E:/ai/3DPrinter_Qt6/third_party/OrcaSlicer/tests/data/test_3mf/Prusa.stl ext=stl
  QINFO  : E2EWorkflowTests::previewReceivesRealGcodeAfterLiveSliceNoPlaceholder() [ProjectService] import success path=E:/ai/3DPrinter_Qt6/third_party/OrcaSlicer/tests/data/test_3mf/Prusa.stl ext=stl objects=1 plates=1
  QINFO  : E2EWorkflowTests::previewReceivesRealGcodeAfterLiveSliceNoPlaceholder() [ProjectService] meshData: 1 batches, bbox=[64.2..155.8, 0.0..3.0, 100.2..119.8]
  QINFO  : E2EWorkflowTests::previewReceivesRealGcodeAfterLiveSliceNoPlaceholder() [SliceService] slice start source=E:/ai/3DPrinter_Qt6/third_party/OrcaSlicer/tests/data/test_3mf/Prusa.stl plate=0 label=平板 1
  QINFO  : E2EWorkflowTests::previewReceivesRealGcodeAfterLiveSliceNoPlaceholder() [SliceService] slice finished plate=0 output=E:/ai/3DPrinter_Qt6/build/Prusa_20260722_192852.gcode layers=15
  QINFO  : E2EWorkflowTests::previewReceivesRealGcodeAfterLiveSliceNoPlaceholder() [PreviewViewModel] payload file=E:/ai/3DPrinter_Qt6/build/Prusa_20260722_192852.gcode bytes=587165 layers=15 moves=16520 segments=16520 travelVisible=0
  QINFO  : E2EWorkflowTests::previewReceivesRealGcodeAfterLiveSliceNoPlaceholder() [PreviewViewModel] payload file=E:/ai/3DPrinter_Qt6/build/Prusa_20260722_192852.gcode bytes=587165 layers=15 moves=16520 segments=16520 travelVisible=0
  QINFO  : E2EWorkflowTests::previewReceivesRealGcodeAfterLiveSliceNoPlaceholder() [PreviewViewModel] payload file=E:/ai/3DPrinter_Qt6/build/Prusa_20260722_192852.gcode bytes=587165 layers=15 moves=16520 segments=16520 travelVisible=0
  QINFO  : E2EWorkflowTests::previewReceivesRealGcodeAfterLiveSliceNoPlaceholder() [SliceService] wipe-tower ready valid=0 w=0.00 d=0.00 h=0.00 x=0.00 z=0.00
  QINFO  : E2EWorkflowTests::previewReceivesRealGcodeAfterLiveSliceNoPlaceholder() [SliceService] filament-map ready valid=1 mode=0 count=1
  PASS   : E2EWorkflowTests::previewReceivesRealGcodeAfterLiveSliceNoPlaceholder()
  QINFO  : E2EWorkflowTests::sliceFailedClearsPreviewState() [ProjectService] import start path=E:/ai/3DPrinter_Qt6/third_party/OrcaSlicer/tests/data/test_3mf/Prusa.stl ext=stl
  QINFO  : E2EWorkflowTests::sliceFailedClearsPreviewState() [ProjectService] import success path=E:/ai/3DPrinter_Qt6/third_party/OrcaSlicer/tests/data/test_3mf/Prusa.stl ext=stl objects=1 plates=1
  QINFO  : E2EWorkflowTests::sliceFailedClearsPreviewState() [ProjectService] meshData: 1 batches, bbox=[64.2..155.8, 0.0..3.0, 100.2..119.8]
  QINFO  : E2EWorkflowTests::sliceFailedClearsPreviewState() [SliceService] slice start source=E:/ai/3DPrinter_Qt6/third_party/OrcaSlicer/tests/data/test_3mf/Prusa.stl plate=0 label=平板 1
  QINFO  : E2EWorkflowTests::sliceFailedClearsPreviewState() [SliceService] slice finished plate=0 output=E:/ai/3DPrinter_Qt6/build/Prusa_20260722_192909.gcode layers=15
  QINFO  : E2EWorkflowTests::sliceFailedClearsPreviewState() [PreviewViewModel] payload file=E:/ai/3DPrinter_Qt6/build/Prusa_20260722_192909.gcode bytes=504888 layers=15 moves=14416 segments=14416 travelVisible=0
  QINFO  : E2EWorkflowTests::sliceFailedClearsPreviewState() [PreviewViewModel] payload file=E:/ai/3DPrinter_Qt6/build/Prusa_20260722_192909.gcode bytes=504888 layers=15 moves=14416 segments=14416 travelVisible=0
  QINFO  : E2EWorkflowTests::sliceFailedClearsPreviewState() [PreviewViewModel] payload file=E:/ai/3DPrinter_Qt6/build/Prusa_20260722_192909.gcode bytes=504888 layers=15 moves=14416 segments=14416 travelVisible=0
  QINFO  : E2EWorkflowTests::sliceFailedClearsPreviewState() [SliceService] wipe-tower ready valid=0 w=0.00 d=0.00 h=0.00 x=0.00 z=0.00
  QINFO  : E2EWorkflowTests::sliceFailedClearsPreviewState() [SliceService] filament-map ready valid=1 mode=0 count=1
  QWARN  : E2EWorkflowTests::sliceFailedClearsPreviewState() [SliceService] slice failed source=E:/nonexistent/owzx_55_04_missing.gcode plate=0 reason=G-code file does not exist
  PASS   : E2EWorkflowTests::sliceFailedClearsPreviewState()
  QINFO  : E2EWorkflowTests::sliceResultClearedClearsPreviewState() [ProjectService] import start path=E:/ai/3DPrinter_Qt6/third_party/OrcaSlicer/tests/data/test_3mf/Prusa.stl ext=stl
  QINFO  : E2EWorkflowTests::sliceResultClearedClearsPreviewState() [ProjectService] import success path=E:/ai/3DPrinter_Qt6/third_party/OrcaSlicer/tests/data/test_3mf/Prusa.stl ext=stl objects=1 plates=1
  QINFO  : E2EWorkflowTests::sliceResultClearedClearsPreviewState() [ProjectService] meshData: 1 batches, bbox=[64.2..155.8, 0.0..3.0, 100.2..119.8]
  QINFO  : E2EWorkflowTests::sliceResultClearedClearsPreviewState() [SliceService] slice start source=E:/ai/3DPrinter_Qt6/third_party/OrcaSlicer/tests/data/test_3mf/Prusa.stl plate=0 label=平板 1
  QINFO  : E2EWorkflowTests::sliceResultClearedClearsPreviewState() [SliceService] slice finished plate=0 output=E:/ai/3DPrinter_Qt6/build/Prusa_20260722_192931.gcode layers=15
  QINFO  : E2EWorkflowTests::sliceResultClearedClearsPreviewState() [PreviewViewModel] payload file=E:/ai/3DPrinter_Qt6/build/Prusa_20260722_192931.gcode bytes=505098 layers=15 moves=14416 segments=14416 travelVisible=0
  QINFO  : E2EWorkflowTests::sliceResultClearedClearsPreviewState() [PreviewViewModel] payload file=E:/ai/3DPrinter_Qt6/build/Prusa_20260722_192931.gcode bytes=505098 layers=15 moves=14416 segments=14416 travelVisible=0
  QINFO  : E2EWorkflowTests::sliceResultClearedClearsPreviewState() [PreviewViewModel] payload file=E:/ai/3DPrinter_Qt6/build/Prusa_20260722_192931.gcode bytes=505098 layers=15 moves=14416 segments=14416 travelVisible=0
  QINFO  : E2EWorkflowTests::sliceResultClearedClearsPreviewState() [SliceService] wipe-tower ready valid=0 w=0.00 d=0.00 h=0.00 x=0.00 z=0.00
  QINFO  : E2EWorkflowTests::sliceResultClearedClearsPreviewState() [SliceService] filament-map ready valid=1 mode=0 count=1
  PASS   : E2EWorkflowTests::sliceResultClearedClearsPreviewState()
  QINFO  : E2EWorkflowTests::plateSwitchToInvalidClearsPreviewState() [ProjectService] import start path=E:/ai/3DPrinter_Qt6/third_party/OrcaSlicer/tests/data/test_3mf/Prusa.stl ext=stl
  QINFO  : E2EWorkflowTests::plateSwitchToInvalidClearsPreviewState() [ProjectService] import success path=E:/ai/3DPrinter_Qt6/third_party/OrcaSlicer/tests/data/test_3mf/Prusa.stl ext=stl objects=1 plates=1
  QINFO  : E2EWorkflowTests::plateSwitchToInvalidClearsPreviewState() [ProjectService] meshData: 1 batches, bbox=[64.2..155.8, 0.0..3.0, 100.2..119.8]
  QINFO  : E2EWorkflowTests::plateSwitchToInvalidClearsPreviewState() [SliceService] slice start source=E:/ai/3DPrinter_Qt6/third_party/OrcaSlicer/tests/data/test_3mf/Prusa.stl plate=0 label=平板 1
  QINFO  : E2EWorkflowTests::plateSwitchToInvalidClearsPreviewState() [SliceService] slice finished plate=0 output=E:/ai/3DPrinter_Qt6/build/Prusa_20260722_192946.gcode layers=15
  QINFO  : E2EWorkflowTests::plateSwitchToInvalidClearsPreviewState() [PreviewViewModel] payload file=E:/ai/3DPrinter_Qt6/build/Prusa_20260722_192946.gcode bytes=504678 layers=15 moves=14416 segments=14416 travelVisible=0
  QINFO  : E2EWorkflowTests::plateSwitchToInvalidClearsPreviewState() [PreviewViewModel] payload file=E:/ai/3DPrinter_Qt6/build/Prusa_20260722_192946.gcode bytes=504678 layers=15 moves=14416 segments=14416 travelVisible=0
  QINFO  : E2EWorkflowTests::plateSwitchToInvalidClearsPreviewState() [PreviewViewModel] payload file=E:/ai/3DPrinter_Qt6/build/Prusa_20260722_192946.gcode bytes=504678 layers=15 moves=14416 segments=14416 travelVisible=0
  QINFO  : E2EWorkflowTests::plateSwitchToInvalidClearsPreviewState() [SliceService] wipe-tower ready valid=0 w=0.00 d=0.00 h=0.00 x=0.00 z=0.00
  QINFO  : E2EWorkflowTests::plateSwitchToInvalidClearsPreviewState() [SliceService] filament-map ready valid=1 mode=0 count=1
  PASS   : E2EWorkflowTests::plateSwitchToInvalidClearsPreviewState()
  QINFO  : E2EWorkflowTests::resliceRebuildsGcodePreviewDataWithDifferentBytes() [ProjectService] import start path=E:/ai/3DPrinter_Qt6/third_party/OrcaSlicer/tests/data/test_3mf/Prusa.stl ext=stl
  QINFO  : E2EWorkflowTests::resliceRebuildsGcodePreviewDataWithDifferentBytes() [ProjectService] import success path=E:/ai/3DPrinter_Qt6/third_party/OrcaSlicer/tests/data/test_3mf/Prusa.stl ext=stl objects=1 plates=1
  QINFO  : E2EWorkflowTests::resliceRebuildsGcodePreviewDataWithDifferentBytes() [ProjectService] meshData: 1 batches, bbox=[64.2..155.8, 0.0..3.0, 100.2..119.8]
  QINFO  : E2EWorkflowTests::resliceRebuildsGcodePreviewDataWithDifferentBytes() [SliceService] slice start source=E:/ai/3DPrinter_Qt6/third_party/OrcaSlicer/tests/data/test_3mf/Prusa.stl plate=0 label=平板 1
  QINFO  : E2EWorkflowTests::resliceRebuildsGcodePreviewDataWithDifferentBytes() [SliceService] slice finished plate=0 output=E:/ai/3DPrinter_Qt6/build/Prusa_20260722_193000.gcode layers=15
  QINFO  : E2EWorkflowTests::resliceRebuildsGcodePreviewDataWithDifferentBytes() [PreviewViewModel] payload file=E:/ai/3DPrinter_Qt6/build/Prusa_20260722_193000.gcode bytes=504558 layers=15 moves=14416 segments=14416 travelVisible=0
  QINFO  : E2EWorkflowTests::resliceRebuildsGcodePreviewDataWithDifferentBytes() [PreviewViewModel] payload file=E:/ai/3DPrinter_Qt6/build/Prusa_20260722_193000.gcode bytes=504558 layers=15 moves=14416 segments=14416 travelVisible=0
  QINFO  : E2EWorkflowTests::resliceRebuildsGcodePreviewDataWithDifferentBytes() [PreviewViewModel] payload file=E:/ai/3DPrinter_Qt6/build/Prusa_20260722_193000.gcode bytes=504558 layers=15 moves=14416 segments=14416 travelVisible=0
  QINFO  : E2EWorkflowTests::resliceRebuildsGcodePreviewDataWithDifferentBytes() [SliceService] wipe-tower ready valid=0 w=0.00 d=0.00 h=0.00 x=0.00 z=0.00
  QINFO  : E2EWorkflowTests::resliceRebuildsGcodePreviewDataWithDifferentBytes() [SliceService] filament-map ready valid=1 mode=0 count=1
  QINFO  : E2EWorkflowTests::resliceRebuildsGcodePreviewDataWithDifferentBytes() [ProjectService] import start path=E:/ai/3DPrinter_Qt6/third_party/OrcaSlicer/tests/data/test_3mf/Prusa.stl ext=stl
  QINFO  : E2EWorkflowTests::resliceRebuildsGcodePreviewDataWithDifferentBytes() [ProjectService] import success path=E:/ai/3DPrinter_Qt6/third_party/OrcaSlicer/tests/data/test_3mf/Prusa.stl ext=stl objects=1 plates=1
  QINFO  : E2EWorkflowTests::resliceRebuildsGcodePreviewDataWithDifferentBytes() [ProjectService] meshData: 1 batches, bbox=[64.2..155.8, 0.0..3.0, 100.2..119.8]
  QINFO  : E2EWorkflowTests::resliceRebuildsGcodePreviewDataWithDifferentBytes() [SliceService] slice start source=E:/ai/3DPrinter_Qt6/third_party/OrcaSlicer/tests/data/test_3mf/Prusa.stl plate=0 label=平板 1
  QINFO  : E2EWorkflowTests::resliceRebuildsGcodePreviewDataWithDifferentBytes() [SliceService] slice finished plate=0 output=E:/ai/3DPrinter_Qt6/build/Prusa_20260722_193013.gcode layers=10
  QINFO  : E2EWorkflowTests::resliceRebuildsGcodePreviewDataWithDifferentBytes() [PreviewViewModel] payload file=E:/ai/3DPrinter_Qt6/build/Prusa_20260722_193013.gcode bytes=378942 layers=10 moves=10420 segments=10420 travelVisible=0
  QINFO  : E2EWorkflowTests::resliceRebuildsGcodePreviewDataWithDifferentBytes() [PreviewViewModel] payload file=E:/ai/3DPrinter_Qt6/build/Prusa_20260722_193013.gcode bytes=378942 layers=10 moves=10420 segments=10420 travelVisible=0
  QINFO  : E2EWorkflowTests::resliceRebuildsGcodePreviewDataWithDifferentBytes() [PreviewViewModel] payload file=E:/ai/3DPrinter_Qt6/build/Prusa_20260722_193013.gcode bytes=378942 layers=10 moves=10420 segments=10420 travelVisible=0
  QINFO  : E2EWorkflowTests::resliceRebuildsGcodePreviewDataWithDifferentBytes() [SliceService] wipe-tower ready valid=0 w=0.00 d=0.00 h=0.00 x=0.00 z=0.00
  QINFO  : E2EWorkflowTests::resliceRebuildsGcodePreviewDataWithDifferentBytes() [SliceService] filament-map ready valid=1 mode=0 count=1
  PASS   : E2EWorkflowTests::resliceRebuildsGcodePreviewDataWithDifferentBytes()
  QINFO  : E2EWorkflowTests::exportWhilePreviewVisibleLeavesGcodePreviewDataIntact() [ProjectService] import start path=E:/ai/3DPrinter_Qt6/third_party/OrcaSlicer/tests/data/test_3mf/Prusa.stl ext=stl
  QINFO  : E2EWorkflowTests::exportWhilePreviewVisibleLeavesGcodePreviewDataIntact() [ProjectService] import success path=E:/ai/3DPrinter_Qt6/third_party/OrcaSlicer/tests/data/test_3mf/Prusa.stl ext=stl objects=1 plates=1
  QINFO  : E2EWorkflowTests::exportWhilePreviewVisibleLeavesGcodePreviewDataIntact() [ProjectService] meshData: 1 batches, bbox=[64.2..155.8, 0.0..3.0, 100.2..119.8]
  QINFO  : E2EWorkflowTests::exportWhilePreviewVisibleLeavesGcodePreviewDataIntact() [SliceService] slice start source=E:/ai/3DPrinter_Qt6/third_party/OrcaSlicer/tests/data/test_3mf/Prusa.stl plate=0 label=平板 1
  QINFO  : E2EWorkflowTests::exportWhilePreviewVisibleLeavesGcodePreviewDataIntact() [SliceService] slice finished plate=0 output=E:/ai/3DPrinter_Qt6/build/Prusa_20260722_193024.gcode layers=15
  QINFO  : E2EWorkflowTests::exportWhilePreviewVisibleLeavesGcodePreviewDataIntact() [PreviewViewModel] payload file=E:/ai/3DPrinter_Qt6/build/Prusa_20260722_193024.gcode bytes=504558 layers=15 moves=14416 segments=14416 travelVisible=0
  QINFO  : E2EWorkflowTests::exportWhilePreviewVisibleLeavesGcodePreviewDataIntact() [PreviewViewModel] payload file=E:/ai/3DPrinter_Qt6/build/Prusa_20260722_193024.gcode bytes=504558 layers=15 moves=14416 segments=14416 travelVisible=0
  QINFO  : E2EWorkflowTests::exportWhilePreviewVisibleLeavesGcodePreviewDataIntact() [PreviewViewModel] payload file=E:/ai/3DPrinter_Qt6/build/Prusa_20260722_193024.gcode bytes=504558 layers=15 moves=14416 segments=14416 travelVisible=0
  QINFO  : E2EWorkflowTests::exportWhilePreviewVisibleLeavesGcodePreviewDataIntact() [SliceService] wipe-tower ready valid=0 w=0.00 d=0.00 h=0.00 x=0.00 z=0.00
  QINFO  : E2EWorkflowTests::exportWhilePreviewVisibleLeavesGcodePreviewDataIntact() [SliceService] filament-map ready valid=1 mode=0 count=1
  QINFO  : E2EWorkflowTests::exportWhilePreviewVisibleLeavesGcodePreviewDataIntact() [SliceService] export finished source=E:/ai/3DPrinter_Qt6/build/Prusa_20260722_193024.gcode target=C:/Users/67376/AppData/Local/Temp/owzx_55_04_export_YfRitQ/preview_visible_export.gcode bytes=504558
  PASS   : E2EWorkflowTests::exportWhilePreviewVisibleLeavesGcodePreviewDataIntact()
  QDEBUG : E2EWorkflowTests::pageSwitchPreparePreviewPreservesGcodePreviewData() [AppSettings] loaded: bed=220.0x220.0
  QWARN  : E2EWorkflowTests::pageSwitchPreparePreviewPreservesGcodePreviewData() [Backend] hints.json not found, using fallback hints
  QINFO  : E2EWorkflowTests::pageSwitchPreparePreviewPreservesGcodePreviewData() [ProjectService] import start path=E:/ai/3DPrinter_Qt6/third_party/OrcaSlicer/tests/data/test_3mf/Prusa.stl ext=stl
  QINFO  : E2EWorkflowTests::pageSwitchPreparePreviewPreservesGcodePreviewData() [ProjectService] import success path=E:/ai/3DPrinter_Qt6/third_party/OrcaSlicer/tests/data/test_3mf/Prusa.stl ext=stl objects=1 plates=1
  QINFO  : E2EWorkflowTests::pageSwitchPreparePreviewPreservesGcodePreviewData() [ProjectService] meshData: 1 batches, bbox=[64.2..155.8, 0.0..3.0, 100.2..119.8]
  QINFO  : E2EWorkflowTests::pageSwitchPreparePreviewPreservesGcodePreviewData() [SliceService] slice start source=E:/ai/3DPrinter_Qt6/third_party/OrcaSlicer/tests/data/test_3mf/Prusa.stl plate=0 label=平板 1
  QINFO  : E2EWorkflowTests::pageSwitchPreparePreviewPreservesGcodePreviewData() [SliceService] slice finished plate=0 output=E:/ai/3DPrinter_Qt6/build/Prusa_20260722_193046.gcode layers=15
  QINFO  : E2EWorkflowTests::pageSwitchPreparePreviewPreservesGcodePreviewData() [PreviewViewModel] payload file=E:/ai/3DPrinter_Qt6/build/Prusa_20260722_193046.gcode bytes=587345 layers=15 moves=16520 segments=16520 travelVisible=0
  QINFO  : E2EWorkflowTests::pageSwitchPreparePreviewPreservesGcodePreviewData() [PreviewViewModel] payload file=E:/ai/3DPrinter_Qt6/build/Prusa_20260722_193046.gcode bytes=587345 layers=15 moves=16520 segments=16520 travelVisible=0
  QINFO  : E2EWorkflowTests::pageSwitchPreparePreviewPreservesGcodePreviewData() [PreviewViewModel] payload file=E:/ai/3DPrinter_Qt6/build/Prusa_20260722_193046.gcode bytes=587345 layers=15 moves=16520 segments=16520 travelVisible=0
  QINFO  : E2EWorkflowTests::pageSwitchPreparePreviewPreservesGcodePreviewData() [SliceService] wipe-tower ready valid=0 w=0.00 d=0.00 h=0.00 x=0.00 z=0.00
  QINFO  : E2EWorkflowTests::pageSwitchPreparePreviewPreservesGcodePreviewData() [SliceService] filament-map ready valid=1 mode=0 count=1
  PASS   : E2EWorkflowTests::pageSwitchPreparePreviewPreservesGcodePreviewData()
  QDEBUG : E2EWorkflowTests::testSettingsEditInvalidatesSlice() [AppSettings] loaded: bed=220.0x220.0
  QWARN  : E2EWorkflowTests::testSettingsEditInvalidatesSlice() [Backend] hints.json not found, using fallback hints
  PASS   : E2EWorkflowTests::testSettingsEditInvalidatesSlice()
  PASS   : E2EWorkflowTests::testDirtyOverridesPersistAcrossProjectSaveRestore()
  PASS   : E2EWorkflowTests::cleanupTestCase()
  Totals: 29 passed, 0 failed, 0 skipped, 0 blacklisted, 275297ms
  ********* Finished testing of E2EWorkflowTests *********
[E2E] All pipeline tests passed
CANONICAL_EXIT_CODE=0
CANONICAL_EXIT_TIME=2026-07-22T19:31:04.8908533+08:00
